merchant_id,nama,kategori,sub_kategori,tipe,kota,kecamatan,is_bni_acquiring,produk_bni,tgl_registrasi,status,skala_usaha,avg_omzet_bulanan,degree,weighted_degree,pagerank,betweenness,community_id,community_size,connected_bni_ratio,avg_neighbor_jaccard,n_customers,lama_beroperasi_tahun,jumlah_karyawan,rating_google,jumlah_outlet,has_website,has_social_media,has_rating,is_hub,customer_density,log_pagerank,log_omzet,log_weighted_degree,log_n_customers
M0003,Agen Bahan Kue Mbak Rani,F&B,restaurant,supplier,Tangerang,Alam Sutera,Ya,QRIS,2022-04-22,aktif,UMI,63796417.0,0.0,0.0,0.0,0.0,-1,0.0,0.0,0.0,0.0,20.0,13.0,3.9,3.0,1,0,1,0,0.0,0.0,17.971207602538247,0.0,0.0
M0005,Kafe Berkah Utama,F&B,catering,retailer,Bekasi,Harapan Indah,Ya,QRIS,2023-10-09,aktif,UMI,113502255.0,2.0,0.130863,0.0011403279525452948,0.0006645367412140575,14,29.0,1.0,0.0654315,25.0,14.0,13.0,3.5,2.0,0,1,1,0,8.333333333333334,2.5179609155019964,18.547333271340175,0.12298105805512008,3.258096538021482
M0708,Pusat Grosir Sejahtera Utama,Grocery,distributor,supplier,Jakarta,Kemang,Ya,QRIS,2023-02-01,aktif,UKE,312460972.0,5.0,0.269973,0.0018655209996545142,0.012994249201277955,0,44.0,0.8,0.05399459999999999,33.0,12.0,35.0,3.8,3.0,1,1,1,0,5.5,2.978342442945222,19.559990132941774,0.2389956404019866,3.5263605246161616
M0694,Ban & Oli Langgeng Maju,Automotive,bengkel,retailer,Bekasi,Kemang Pratama,Ya,QRIS,2023-11-24,aktif,UMI,71909576.0,3.0,0.166275,0.0013853225496845843,0.0044217252396166135,8,46.0,0.3333333333333333,0.055425,21.0,12.0,22.0,4.0,3.0,1,0,1,0,5.25,2.698217046837884,18.090920012708434,0.15381490917688792,3.091042453358316
M0695,PT Nawasena Distribusi Mandiri,Automotive,dealer,supplier,Jakarta,Cempaka Putih,Ya,QRIS + EDC,2025-11-19,aktif,UBE,7178825238.0,5.0,0.320942,0.0022717508085751854,0.011859424920127795,15,53.0,0.2,0.0641884,56.0,21.0,41.0,0.0,7.0,1,1,0,0,9.333333333333334,3.1662135132040676,22.694401590881867,0.27834511844456744,4.04305126783455
M0696,Toko Sparepart Selaras,Automotive,accessories,retailer,Bogor,Bogor Tengah,Ya,QRIS + EDC,2025-07-02,aktif,UMI,25576752.0,0.0,0.0,0.0,0.0,-1,0.0,0.0,0.0,0.0,18.0,22.0,3.8,4.0,0,0,1,0,0.0,0.0,17.057194410952476,0.0,0.0
M0697,Toko Sparepart Berseri,Automotive,bengkel,retailer,Bandung,Buah Batu,Ya,QRIS,2025-09-04,aktif,UMI,49904565.0,3.0,0.182451,0.0013611320619138646,0.004365495207667732,10,26.0,0.3333333333333333,0.060817,21.0,12.0,21.0,0.0,3.0,1,1,0,0,5.25,2.6817966131312527,17.725623059541615,0.1675894028932533,3.091042453358316
M0698,Harmoni Sparepart Distribusi,Automotive,bengkel,supplier,Jakarta,Pluit,Ya,QRIS + EDC,2023-01-24,aktif,UME,2454579136.0,1.0,0.051948,0.0005416719805453555,0.0,15,53.0,1.0,0.051948,47.0,19.0,48.0,3.8,7.0,0,0,1,0,23.5,1.8589070534007783,21.6212211525397,0.05064368343603765,3.871201010907891
M0701,Toko Pangan Sembada,Grocery,toko_kelontong,retailer,Jakarta,Senayan,Ya,QRIS,2025-06-10,aktif,UMI,48402986.0,0.0,0.0,0.0,0.0,-1,0.0,0.0,0.0,0.0,11.0,14.0,3.9,3.0,0,0,1,0,0.0,0.0,17.69507208465861,0.0,0.0
M0703,Mahardika Garage Distribusi,Automotive,dealer,supplier,Bogor,Sentul,Ya,QRIS + EDC,2025-11-25,aktif,UME,2657422903.0,2.0,0.131884,0.0015902396321465818,0.003164217252396166,0,44.0,1.0,0.065942,32.0,14.0,42.0,0.0,5.0,0,1,0,0,10.666666666666666,2.82745540604676,21.700622657035193,0.12388350103199035,3.4965075614664802
M0706,Motor Care Nawasena,Automotive,sparepart,retailer,Bandung,Setiabudhi,Ya,QRIS + EDC,2021-03-27,aktif,UKE,370471326.0,2.0,0.13164700000000001,0.0010315944301886226,0.0016460063897763579,10,26.0,0.5,0.06582350000000001,21.0,18.0,35.0,3.9,2.0,1,1,1,0,7.0,2.426212731359889,19.730286609692158,0.12367409369375106,3.091042453358316
M0645,Toko Sparepart Mentari,Automotive,bengkel,retailer,Jakarta,Sudirman,Ya,QRIS,2021-08-15,aktif,UMI,59330772.0,2.0,0.143492,0.0011373476153797983,0.0011092651757188497,17,39.0,1.0,0.071746,20.0,8.0,22.0,4.3,3.0,0,0,1,0,6.666666666666667,2.5155551617854823,17.898638666971795,0.1340867383915126,3.044522437723423
M0692,Ban & Oli Sentosa Jaya,Automotive,bengkel,retailer,Depok,Margonda,Ya,QRIS + EDC,2024-05-05,aktif,UKE,529761361.0,9.0,0.551381,0.0032896051870255137,0.03019552715654952,7,67.0,0.4444444444444444,0.06126455555555556,28.0,14.0,34.0,0.0,4.0,0,1,0,1,2.8,3.5232985435996724,20.087937202735443,0.4391455019969318,3.367295829986474
M0012,Dapur Bu Sari,F&B,restaurant,retailer,Bekasi,Grand Galaxy,Ya,QRIS,2021-02-19,aktif,UMI,37093603.0,0.0,0.0,0.0,0.0,-1,0.0,0.0,0.0,0.0,13.0,16.0,3.9,3.0,0,1,1,0,0.0,0.0,17.428955113793428,0.0,0.0
M0011,Bakery Anugerah Sejati,F&B,warung,retailer,Bogor,Dramaga,Ya,QRIS,2025-01-12,aktif,UMI,34158318.0,1.0,0.054545,0.0005503111559124144,0.0,7,67.0,0.0,0.054545,15.0,12.0,21.0,4.2,2.0,0,0,1,0,7.5,1.8722807637643415,17.34651671607194,0.053109394279372765,2.772588722239781
M0010,UD Mandala Pangan Sejahtera,F&B,catering,retailer,Bogor,Cibinong,Ya,QRIS,2025-03-12,aktif,UKE,372676371.0,1.0,0.058824,0.0005722183017723027,0.0,17,39.0,1.0,0.058824,20.0,17.0,24.0,3.7,5.0,0,0,1,0,10.0,1.9054129556093093,19.73622096560591,0.057158858284294296,3.044522437723423
M0008,Warung Bu Wati,F&B,warung,retailer,Depok,Margonda,Ya,QRIS,2021-03-19,aktif,UMI,58108269.0,2.0,0.118298,0.0008866009793509435,0.00041405750798722044,7,67.0,0.0,0.059149,18.0,15.0,26.0,4.1,4.0,0,1,1,0,6.0,2.289095495463541,17.87781855248439,0.1118078866215411,2.9444389791664403
M0007,Kafe Buana Juara,F&B,catering,retailer,Jakarta,Tebet,Ya,QRIS,2024-09-12,aktif,UMI,48142709.0,1.0,0.08,0.0007714979946740961,0.0,0,44.0,0.0,0.08,22.0,12.0,26.0,0.0,2.0,0,1,0,0,11.0,2.1650433779642837,17.68968028287683,0.07696104113612832,3.1354942159291497
M0439,Toko Sembako Bu Rina,Grocery,toko_kelontong,retailer,Bogor,Tanah Sareal,Ya,QRIS + EDC,2024-05-18,aktif,UKE,254111529.0,3.0,0.171608,0.0013702027336020865,0.007810862619808307,0,44.0,0.6666666666666666,0.05720266666666667,29.0,21.0,40.0,3.9,3.0,1,1,1,0,7.25,2.687985398290452,19.353283823097225,0.15837716421716266,3.4011973816621555
M0438,UD Sejahtera Pangan Niaga Raya,Grocery,distributor,retailer,Tangerang,Alam Sutera,Ya,QRIS + EDC,2022-12-15,aktif,UKE,955086377.0,2.0,0.110804,0.0009123670742759193,0.0017482428115015974,3,76.0,0.5,0.055402,47.0,12.0,42.0,3.7,5.0,0,1,1,0,15.666666666666666,2.314876319708258,20.677312342522356,0.10508407745230613,3.871201010907891
M0468,CV Langgeng Distribusi Indonesia,Grocery,supermarket,supplier,Bandung,Cihampelas,Ya,QRIS + EDC,2025-09-30,aktif,UKE,272306077.0,2.0,0.111149,0.0008764858009058114,0.000797444089456869,12,58.0,0.5,0.0555745,27.0,19.0,22.0,4.1,4.0,1,1,1,0,9.0,2.2787900234198633,19.4224372783644,0.10539461507643452,3.332204510175204
M0467,UD Adikara Retail Mandiri,Grocery,supermarket,retailer,Bekasi,Kemang Pratama,Ya,QRIS,2022-05-21,aktif,UKE,660319578.0,5.0,0.283248,0.0019772136890556366,0.013709904153354633,8,46.0,0.2,0.0566496,32.0,15.0,24.0,4.2,2.0,1,1,1,0,5.333333333333333,3.0336125161084593,20.30823448639868,0.24939436391429848,3.4965075614664802
M0465,Grosir Sembako Sentosa,Grocery,supermarket,supplier,Bandung,Setiabudhi,Ya,QRIS + EDC,2024-06-06,aktif,UKE,959968578.0,4.0,0.255388,0.0018742811212079903,0.008915015974440894,13,28.0,0.5,0.063847,25.0,21.0,24.0,4.1,4.0,0,1,1,0,5.0,2.9827894358251834,20.68241111168218,0.2274446881492212,3.258096538021482
M0463,UD Sahabat Grosir Sejahtera,Grocery,distributor,retailer,Bogor,Bogor Tengah,Ya,QRIS + EDC,2022-12-16,aktif,UME,2035023054.0,7.0,0.396542,0.0028700127369181675,0.024782108626198084,1,29.0,0.42857142857142855,0.05664885714285713,35.0,17.0,29.0,4.1,4.0,1,1,1,1,4.375,3.391151334324094,21.433772985015125,0.33399918113881494,3.58351893845611
M0462,Minimarket Kencana Sejati,Grocery,toko_kelontong,retailer,Jakarta,Senayan,Ya,QRIS,2022-08-05,aktif,UKE,881498383.0,10.0,0.611677,0.004065658824575482,0.03760255591054313,18,41.0,0.5,0.061167700000000005,35.0,16.0,41.0,4.1,6.0,1,1,1,1,3.1818181818181817,3.7294595372741135,20.597133726561722,0.4772752517988069,3.58351893845611
M0461,Minimarket Karya Asri,Grocery,minimarket,retailer,Depok,Cimanggis,Ya,QRIS,2024-05-27,aktif,UMI,24126463.0,6.0,0.352342,0.0022950499396745825,0.019373801916932908,7,67.0,0.5,0.05872366666666667,25.0,16.0,22.0,3.8,2.0,0,1,1,1,3.5714285714285716,3.1759891752781884,16.99881988728595,0.3018379042120269,3.258096538021482
M0460,Pusat Grosir Lentera Pilihan,Grocery,minimarket,supplier,Bekasi,Jababeka,Ya,QRIS + EDC,2025-04-05,aktif,UKE,377735449.0,5.0,0.320847,0.0021535993726817283,0.005950159744408946,1,29.0,0.8,0.0641694,25.0,27.0,20.0,3.9,5.0,0,1,1,0,4.166666666666667,3.1151137522112924,19.749704640837248,0.27827319748491397,3.258096538021482
M0063,Warung Bu Rina,F&B,cafe,retailer,Bandung,Braga,Ya,QRIS + EDC,2023-10-02,aktif,UME,1981949030.0,5.0,0.302721,0.002384855130575211,0.010867731629392972,9,20.0,0.6,0.06054419999999999,29.0,14.0,24.0,3.7,5.0,1,0,1,0,4.833333333333333,3.212799453288022,21.407346556580055,0.2644551539568446,3.4011973816621555
M0062,Dapur Bu Maya,F&B,warung,retailer,Bogor,Sentul,Ya,QRIS + EDC,2021-10-15,aktif,UMI,33323312.0,0.0,0.0,0.0,0.0,-1,0.0,0.0,0.0,0.0,9.0,12.0,3.6,2.0,1,0,1,0,0.0,0.0,17.32176780009201,0.0,0.0
M0061,Kedai Langgeng Baru,F&B,warung,retailer,Bandung,Dago,Ya,QRIS + EDC,2025-07-06,aktif,UKE,616228521.0,2.0,0.11438000000000001,0.000976526843020144,0.0011297124600638977,18,41.0,0.0,0.057190000000000005,25.0,22.0,22.0,3.8,4.0,0,1,1,0,8.333333333333334,2.3763250659630777,20.239128429975466,0.1082981964451684,3.258096538021482
M0060,Kafe Sentosa Cemerlang,F&B,bakery,retailer,Bandung,Cihampelas,Ya,QRIS,2021-03-07,aktif,UKE,544749479.0,4.0,0.259729,0.0018564058464240845,0.004217252396166134,9,20.0,0.25,0.06493225,30.0,23.0,40.0,0.0,5.0,1,0,0,0,6.0,2.9736941310308977,20.115836577222233,0.23089661846542361,3.4339872044851463
M0059,Sejahtera Boga Distribusi,F&B,catering,supplier,Jakarta,Thamrin,Ya,QRIS + EDC,2023-08-03,aktif,UME,3332772671.0,5.0,0.280858,0.0022738968906939223,0.012120127795527156,1,29.0,0.6,0.0561716,36.0,24.0,33.0,4.4,5.0,1,1,1,0,6.0,3.1671179555061633,21.92707042872541,0.2475301658724462,3.6109179126442243
M0058,Bakery Adikara Sukses,F&B,cafe,retailer,Depok,Cinere,Ya,QRIS,2021-04-29,aktif,UKE,374919233.0,3.0,0.197685,0.0015358357265027357,0.0041814696485623,6,16.0,0.3333333333333333,0.065895,26.0,13.0,22.0,4.1,3.0,1,1,1,0,6.5,2.794738914459867,19.742221184737943,0.1803905268885564,3.295836866004329
M0053,Grosir Bahan Pangan Mandala,F&B,catering,supplier,Tangerang,Karawaci,Ya,QRIS,2023-02-13,aktif,UMI,27575471.0,1.0,0.073171,0.0006587984277961478,0.0,12,58.0,0.0,0.073171,12.0,16.0,18.0,0.0,3.0,1,1,0,0,6.0,2.026565980109825,17.13243723991111,0.0706178172139221,2.5649493574615367
M0022,Gemilang Rasa Distribusi,F&B,catering,supplier,Bekasi,Grand Galaxy,Ya,QRIS,2026-01-11,aktif,UKE,532351642.0,6.0,0.326195,0.0021755009163904964,0.02044217252396166,3,76.0,0.8333333333333334,0.054365833333333335,30.0,16.0,43.0,3.6,3.0,0,0,1,1,4.285714285714286,3.1247853041890234,20.09281481203552,0.2823139397751114,3.4339872044851463
M0052,Distribusi Boga Gemilang,F&B,catering,supplier,Tangerang,BSD,Ya,QRIS,2021-10-22,aktif,UMI,23610849.0,0.0,0.0,0.0,0.0,-1,0.0,0.0,0.0,0.0,14.0,22.0,3.9,2.0,1,1,1,0,0.0,0.0,16.97721691010785,0.0,0.0
M0051,Dapur Mbak Ayu,F&B,catering,retailer,Tangerang,Cipondoh,Ya,QRIS + EDC,2025-06-05,aktif,UKE,215751215.0,5.0,0.339724,0.002081217687578996,0.01194632587859425,12,58.0,0.6,0.0679448,19.0,14.0,22.0,3.8,7.0,1,0,1,0,3.1666666666666665,3.082468386135556,19.189636524064884,0.29246362259880193,2.995732273553991
M0050,PT Cakrawala Rasa Utama,F&B,warung,retailer,Jakarta,Menteng,Ya,QRIS + EDC,2023-09-11,aktif,UME,1663580485.0,4.0,0.206025,0.0015276336421649237,0.013996166134185304,5,19.0,0.75,0.05150625,47.0,22.0,20.0,3.7,6.0,0,1,1,0,9.4,2.78971229972487,21.232238035781066,0.18732982777504553,3.871201010907891
M0048,Agen Bahan Kue Bu Lestari,F&B,warung,supplier,Tangerang,Alam Sutera,Ya,QRIS + EDC,2021-04-03,aktif,UKE,777585453.0,3.0,0.161224,0.001336739881410167,0.008511182108626197,15,53.0,0.3333333333333333,0.053741333333333335,27.0,20.0,34.0,3.7,5.0,0,0,1,0,6.75,2.6649616686814968,20.471704104659818,0.14947462122895105,3.332204510175204
M0047,Supplier Horeka Mitra,F&B,catering,supplier,Depok,Sawangan,Ya,QRIS,2023-08-14,aktif,UKE,737187270.0,1.0,0.050847,0.0006346535998408031,0.0,14,29.0,0.0,0.050847,31.0,12.0,34.0,4.5,5.0,0,0,1,0,15.5,1.9942289093978174,20.418352516926117,0.04959650565540632,3.4657359027997265
M0081,Distribusi Boga Prima,F&B,cafe,supplier,Jakarta,Pluit,Ya,QRIS,2022-02-09,aktif,UKE,463506020.0,5.0,0.326054,0.002380752534913688,0.01220702875399361,17,39.0,0.4,0.06521079999999999,34.0,12.0,22.0,0.0,3.0,0,0,0,0,5.666666666666667,3.211147048639331,19.954329933177075,0.28220761491637236,3.5553480614894135
M0080,UD Sahabat Sajian Internasional,F&B,warung,retailer,Bekasi,Kemang Pratama,Ya,QRIS,2025-01-04,aktif,UMI,19054100.0,0.0,0.0,0.0,0.0,-1,0.0,0.0,0.0,0.0,17.0,18.0,0.0,4.0,0,1,0,0,0.0,0.0,16.76279291195907,0.0,0.0
M0079,Kafe Mentari Sejati,F&B,cafe,retailer,Tangerang,BSD,Ya,QRIS,2025-01-24,aktif,UMI,67940244.0,2.0,0.12142900000000001,0.0010800509670912473,0.0015386581469648563,14,29.0,0.5,0.060714500000000005,22.0,8.0,15.0,3.7,3.0,0,1,1,0,7.333333333333333,2.4681427229890613,18.03413912681326,0.11460376490453583,3.1354942159291497
M0077,Bakery Berkah Bersama,F&B,catering,retailer,Bekasi,Harapan Indah,Ya,QRIS,2021-11-14,aktif,UMI,29642094.0,1.0,0.055556,0.0006353000810175678,0.0,15,53.0,0.0,0.055556,19.0,9.0,21.0,4.0,3.0,1,0,1,0,9.5,1.99510850339709,17.20470603740581,0.05406764232281871,2.995732273553991
M0076,Bakery Harmoni Abadi,F&B,bakery,retailer,Depok,Sawangan,Ya,QRIS,2023-01-08,aktif,UMI,32308933.0,1.0,0.071429,0.0006591006142540532,0.0,7,67.0,0.0,0.071429,13.0,14.0,9.0,3.9,3.0,1,0,1,0,6.5,2.0269641442215693,17.290854344374942,0.06899327148687145,2.6390573296152584
M0075,UD Jelita Boga Niaga Raya,F&B,bakery,retailer,Bogor,Cibinong,Ya,QRIS + EDC,2021-07-23,aktif,UKE,430963587.0,2.0,0.106519,0.0008208616681265698,0.005035143769968051,15,53.0,0.5,0.0532595,27.0,12.0,19.0,3.3,3.0,0,1,1,0,9.0,2.2201396415125796,19.881534161900557,0.10121905162227493,3.332204510175204
M0073,Rumah Makan Mandala,F&B,catering,retailer,Jakarta,Sudirman,Ya,QRIS,2021-12-31,aktif,UMI,18269967.0,0.0,0.0,0.0,0.0,-1,0.0,0.0,0.0,0.0,15.0,12.0,4.2,1.0,1,1,1,0,0.0,0.0,16.720769176847455,0.0,0.0
M0071,Kafe Kencana Pilihan,F&B,cafe,retailer,Bandung,Dago,Ya,QRIS,2021-05-20,aktif,UMI,27534473.0,2.0,0.124018,0.0009148391866424226,0.0,18,41.0,0.5,0.062009,14.0,21.0,17.0,3.7,2.0,0,1,1,0,4.666666666666667,2.317315256129865,17.130949377536385,0.11690976557814829,2.70805020110221
M0069,Supplier Horeka Harmoni,F&B,bakery,supplier,Tangerang,Cipondoh,Ya,QRIS + EDC,2025-09-30,aktif,UMI,27281556.0,1.0,0.054545,0.0006187130563685484,0.0,1,29.0,1.0,0.054545,15.0,19.0,15.0,0.0,4.0,0,0,0,0,7.5,1.9722920049673889,17.12172146409089,0.053109394279372765,2.772588722239781
M0037,Nusantara Pangan Center,F&B,restaurant,retailer,Jakarta,Cempaka Putih,Ya,QRIS,2023-09-01,aktif,UKE,398655052.0,6.0,0.365289,0.0030283845943399283,0.02345814696485623,14,29.0,0.3333333333333333,0.0608815,24.0,12.0,23.0,0.0,3.0,1,0,0,1,3.4285714285714284,3.4431018602738224,19.803607072111514,0.31136612783878725,3.2188758248682006
M0068,Kedai Sejahtera Bersama,F&B,warung,retailer,Bogor,Bogor Tengah,Ya,QRIS,2024-11-22,aktif,UMI,24423111.0,1.0,0.056604,0.0005733505908792804,0.0,3,76.0,1.0,0.056604,14.0,6.0,5.0,4.0,1.0,1,0,1,0,7.0,1.9070959454293395,17.011040455054925,0.055059991468718726,2.70805020110221
M0067,Kafe Bintang Bersama,F&B,catering,retailer,Tangerang,BSD,Ya,QRIS + EDC,2025-07-22,aktif,UMI,41003793.0,6.0,0.361585,0.0022788237360113314,0.010443450479233228,12,58.0,0.5,0.06026416666666667,24.0,16.0,24.0,3.9,4.0,0,0,1,1,3.4285714285714284,3.1691912299395684,17.529175156972702,0.30864946232505724,3.2188758248682006
M0066,Kedai Langgeng Juara,F&B,bakery,retailer,Depok,Margonda,Ya,QRIS,2022-06-12,aktif,UKE,503808524.0,4.0,0.220849,0.0015740090569236974,0.011215335463258785,18,41.0,0.75,0.05521225,26.0,14.0,26.0,3.9,4.0,1,1,1,0,5.2,2.8178064753953778,20.037706843137,0.1995465183572419,3.295836866004329
M0065,Warung Mas Bima,F&B,restaurant,retailer,Jakarta,Pluit,Ya,QRIS + EDC,2023-02-12,aktif,UMI,57037884.0,0.0,0.0,0.0,0.0,-1,0.0,0.0,0.0,0.0,13.0,18.0,3.9,2.0,0,1,1,0,0.0,0.0,17.859226254140225,0.0,0.0
M0064,Dapur Pak Surya,F&B,catering,retailer,Bekasi,Summarecon,Ya,QRIS,2025-03-23,aktif,UMI,18091276.0,1.0,0.066667,0.0006197049447331314,0.0,5,19.0,1.0,0.066667,22.0,3.0,7.0,3.3,2.0,0,1,1,0,11.0,1.9736711430496978,16.710940446367026,0.06453883363752234,3.1354942159291497
M0088,UD Prima Sajian Utama,F&B,catering,retailer,Bandung,Setiabudhi,Ya,QRIS + EDC,2021-06-04,aktif,UMI,74554788.0,1.0,0.078947,0.0008676972371792135,0.0,13,28.0,1.0,0.078947,23.0,7.0,17.0,4.1,2.0,0,0,1,0,11.5,2.269749080856199,18.12704483587773,0.07598556551444911,3.1780538303479458
M0085,Rumah Makan Sejahtera,F&B,bakery,retailer,Jakarta,Pluit,Ya,QRIS + EDC,2025-07-06,aktif,UMI,47443071.0,2.0,0.129545,0.0014052960358658855,0.003164217252396166,15,53.0,1.0,0.0647725,20.0,16.0,18.0,3.8,3.0,1,1,1,0,6.666666666666667,2.711574673423684,17.675041066037807,0.12181489676975397,3.044522437723423
M0644,Sinar Auto Distribusi,Automotive,bengkel,supplier,Bandung,Setiabudhi,Ya,QRIS + EDC,2026-01-14,tidak aktif,UME,2876642661.0,7.0,0.45915700000000004,0.0034276143345868576,0.011276677316293929,4,30.0,1.0,0.06559385714285715,46.0,18.0,22.0,0.0,4.0,0,0,0,1,5.75,3.5632069095699115,21.779889708727,0.37785887170197957,3.8501476017100584
M0642,Ban & Oli Karya Mandiri,Automotive,sparepart,retailer,Bekasi,Jababeka,Ya,QRIS + EDC,2022-01-08,aktif,UKE,603921763.0,1.0,0.064935,0.0007101339120528591,0.0,15,53.0,1.0,0.064935,33.0,12.0,31.0,3.9,3.0,0,1,1,0,16.5,2.092029371536014,20.218955217708054,0.06291376443495766,3.5263605246161616
M0641,Ban & Oli Nawasena Maju,Automotive,accessories,retailer,Bekasi,Harapan Indah,Ya,QRIS + EDC,2026-01-05,aktif,UKE,309038259.0,5.0,0.277611,0.0019789549881169075,0.016511182108626198,15,53.0,0.2,0.0555222,32.0,10.0,23.0,3.7,2.0,0,1,1,0,5.333333333333333,3.034450450898123,19.548975645967335,0.2449919277751511,3.4965075614664802
M0639,PT Tunas Auto Indonesia,Automotive,bengkel,retailer,Bogor,Dramaga,Ya,QRIS,2024-04-05,aktif,UME,3208711669.0,3.0,0.169684,0.0013754374750735963,0.00782108626198083,10,26.0,0.6666666666666666,0.05656133333333333,53.0,12.0,37.0,0.0,4.0,0,1,0,0,13.25,2.6915396320809744,21.889135344616648,0.15673362685993014,3.9889840465642745
M0636,Ban & Oli Sejahtera Asri,Automotive,accessories,retailer,Jakarta,Kuningan,Ya,QRIS,2023-07-12,aktif,UMI,24101031.0,0.0,0.0,0.0,0.0,-1,0.0,0.0,0.0,0.0,3.0,11.0,0.0,1.0,0,1,0,0,0.0,0.0,16.99776521912083,0.0,0.0
M0635,CV Sentosa Garage Persada,Automotive,dealer,retailer,Jakarta,Thamrin,Ya,QRIS + EDC,2021-05-28,aktif,UME,3089918927.0,3.0,0.154529,0.0014372324918421938,0.0038083067092651757,14,29.0,1.0,0.05150966666666667,42.0,16.0,47.0,4.3,3.0,1,0,1,0,10.5,2.732568809509004,21.851410690618668,0.14369246859611084,3.7612001156935624
M0632,Pelita Otomotif Distribusi,Automotive,dealer,supplier,Depok,Cinere,Ya,QRIS + EDC,2025-06-14,aktif,UKE,1136523913.0,4.0,0.20976,0.0014755906086667417,0.008869009584664536,17,39.0,0.25,0.05244,36.0,14.0,46.0,4.1,2.0,1,1,1,0,7.2,2.7572152846102798,20.85124024283048,0.1904219928278227,3.6109179126442243
M0084,Rumah Makan Anugerah,F&B,restaurant,retailer,Bekasi,Kemang Pratama,Ya,QRIS,2021-05-28,aktif,UMI,80806833.0,0.0,0.0,0.0,0.0,-1,0.0,0.0,0.0,0.0,10.0,22.0,4.4,3.0,0,1,1,0,0.0,0.0,18.207572099122626,0.0,0.0
M0083,Kedai Prima Sejati,F&B,warung,retailer,Depok,Cinere,Ya,QRIS + EDC,2024-04-16,tidak aktif,UMI,25499321.0,0.0,0.0,0.0,0.0,-1,0.0,0.0,0.0,0.0,11.0,22.0,3.5,2.0,0,1,1,0,0.0,0.0,17.054162421539885,0.0,0.0
M0082,Rumah Makan Mentari,F&B,bakery,retailer,Tangerang,Cipondoh,Ya,QRIS,2021-10-25,aktif,UMI,46056429.0,0.0,0.0,0.0,0.0,-1,0.0,0.0,0.0,0.0,17.0,22.0,4.0,6.0,0,1,1,0,0.0,0.0,17.64537794175416,0.0,0.0
M0104,CV Adikara Sajian Utama,F&B,catering,retailer,Bogor,Tanah Sareal,Ya,QRIS,2024-03-31,aktif,UKE,218706030.0,4.0,0.215619,0.0016043201123322201,0.006169968051118211,1,29.0,0.25,0.05390475,32.0,15.0,23.0,3.9,4.0,0,1,1,0,6.4,2.8357513631077063,19.203239061855705,0.19525341207984548,3.4965075614664802
M0103,Berkah Pangan Market,F&B,catering,retailer,Bekasi,Grand Galaxy,Ya,QRIS + EDC,2022-06-03,aktif,UME,2257022115.0,1.0,0.05,0.0005362954692039895,0.0,0,44.0,1.0,0.05,37.0,19.0,51.0,3.9,5.0,0,1,1,0,18.5,1.8504928436909482,21.53731213358183,0.048790164169432,3.6375861597263857
M0101,Mandala Sajian House,F&B,bakery,retailer,Depok,Margonda,Ya,QRIS + EDC,2021-03-15,aktif,UKE,780991185.0,3.0,0.161688,0.0012398353034121757,0.006614696485623003,8,46.0,0.3333333333333333,0.053896,29.0,14.0,33.0,4.1,6.0,0,1,1,0,7.25,2.5951317915017094,20.476074422208907,0.14987411979469192,3.4011973816621555
M0132,Kafe Arunika Juara,F&B,restaurant,retailer,Bogor,Bogor Tengah,Ya,QRIS + EDC,2022-03-02,aktif,UKE,481851032.0,3.0,0.199563,0.0012729820404799792,0.00035782747603833865,3,76.0,0.6666666666666666,0.066521,24.0,9.0,34.0,3.9,3.0,0,0,1,0,6.0,2.6195701391990482,19.993145564079963,0.18195732380250473,3.2188758248682006
M0597,Garasi Pak Darto,Automotive,accessories,retailer,Bandung,Dago,Ya,QRIS + EDC,2025-02-20,tidak aktif,UKE,583953275.0,7.0,0.429394,0.0030571610036579473,0.01589776357827476,4,30.0,0.2857142857142857,0.061342,30.0,12.0,32.0,3.8,2.0,1,0,1,1,3.75,3.452258300210882,20.185331530742467,0.35725057822951956,3.4339872044851463
M0628,Garasi Pak Wahyu,Automotive,accessories,retailer,Jakarta,Cempaka Putih,Ya,QRIS + EDC,2021-11-03,aktif,UKE,442020119.0,2.0,0.112699,0.0009230126764130315,0.002688817891373802,17,39.0,0.0,0.0563495,33.0,17.0,54.0,4.3,1.0,1,1,1,0,11.0,2.32533697129735,19.90686595936794,0.10678859546627613,3.5263605246161616
M0626,Garasi Mbak Ayu,Automotive,bengkel,retailer,Depok,Sawangan,Ya,QRIS + EDC,2021-09-14,aktif,UMI,34919673.0,0.0,0.0,0.0,0.0,-1,0.0,0.0,0.0,0.0,6.0,30.0,4.3,1.0,0,0,1,0,0.0,0.0,17.368560953267814,0.0,0.0
M0622,Distributor Sparepart Kencana,Automotive,dealer,supplier,Bogor,Dramaga,Ya,QRIS,2023-09-30,aktif,UMI,58744400.0,2.0,0.15093099999999998,0.0015456592014806753,0.006318210862619808,0,44.0,1.0,0.07546549999999999,17.0,7.0,28.0,0.0,3.0,0,1,0,0,5.666666666666667,2.800726127323794,17.888706404319347,0.14057118007138397,2.8903717578961645
M0618,CV Sinar Distribusi Nusantara,Automotive,bengkel,supplier,Tangerang,Karawaci,Ya,QRIS,2025-06-17,aktif,UKE,309019780.0,2.0,0.138745,0.0010556216860009488,0.001068370607028754,3,76.0,1.0,0.0693725,21.0,14.0,46.0,3.8,4.0,0,1,1,0,7.0,2.44722354843773,19.5489158489943,0.1299267788030282,3.091042453358316
M0617,Garasi Bu Rina,Automotive,sparepart,retailer,Depok,Margonda,Ya,QRIS + EDC,2022-02-25,aktif,UMI,93068556.0,0.0,0.0,0.0,0.0,-1,0.0,0.0,0.0,0.0,12.0,23.0,0.0,2.0,0,1,0,0,0.0,0.0,18.34884695158269,0.0,0.0
M0616,Distributor Sparepart Pelita,Automotive,dealer,supplier,Bogor,Tanah Sareal,Ya,QRIS + EDC,2021-02-25,aktif,UKE,699597768.0,11.0,0.642176,0.003943502207264986,0.02479744408945687,3,76.0,0.8181818181818182,0.05837963636363637,34.0,24.0,42.0,3.8,3.0,0,1,1,1,2.8333333333333335,3.6996962924274404,20.366016112138514,0.4960221916442891,3.5553480614894135
M0614,Motor Care Berseri,Automotive,accessories,retailer,Depok,Cinere,Ya,QRIS,2023-12-29,aktif,UMI,36285310.0,2.0,0.12979400000000002,0.0009934779058381538,0.0010785942492012779,10,26.0,0.0,0.06489700000000001,14.0,8.0,11.0,3.5,1.0,0,1,1,0,4.666666666666667,2.391948448929778,17.406923561692505,0.12203531522046736,2.70805020110221
M0099,Kafe Prima Utama,F&B,restaurant,retailer,Bandung,Buah Batu,Ya,QRIS,2021-03-19,aktif,UMI,89587739.0,4.0,0.24549100000000001,0.0017420064893117033,0.006471565495207668,10,26.0,0.5,0.061372750000000004,26.0,3.0,11.0,0.0,3.0,1,0,0,0,5.2,2.913440553791478,18.31072903822589,0.21952982968034115,3.295836866004329
M0097,Rumah Makan Langgeng,F&B,restaurant,retailer,Jakarta,Kelapa Gading,Ya,QRIS,2025-07-02,aktif,UMI,23202778.0,0.0,0.0,0.0,0.0,-1,0.0,0.0,0.0,0.0,11.0,16.0,3.9,2.0,0,0,1,0,0.0,0.0,16.95978261394571,0.0,0.0
M0095,Distribusi Boga Berkah,F&B,warung,supplier,Bekasi,Grand Galaxy,Ya,QRIS,2024-07-14,aktif,UKE,592610383.0,7.0,0.480119,0.0032252900134721965,0.012922683706070288,5,19.0,0.7142857142857143,0.06858842857142858,26.0,11.0,38.0,0.0,2.0,1,0,0,1,3.25,3.5041419853951385,20.20004771573118,0.39212248994908777,3.295836866004329
M0599,Anugerah Otomotif Distribusi,Automotive,sparepart,supplier,Tangerang,Cipondoh,Ya,QRIS,2023-12-08,aktif,UKE,671958220.0,2.0,0.10897,0.0010933191857254699,0.0020498402555910542,5,19.0,0.5,0.054485,32.0,13.0,22.0,4.5,3.0,1,0,1,0,10.666666666666666,2.479323749130952,20.325706725423768,0.10343165660467878,3.4965075614664802
M0130,UD Makmur Distribusi Indonesia,F&B,cafe,supplier,Depok,Cinere,Ya,QRIS,2024-08-06,aktif,UMI,47837250.0,4.0,0.232908,0.001511163914763738,0.00467220447284345,7,67.0,0.25,0.058227,22.0,17.0,14.0,3.4,3.0,1,1,1,0,4.4,2.7795419392282175,17.683315203581042,0.20937560663764138,3.1354942159291497
M0129,Rumah Makan Berkah,F&B,restaurant,retailer,Bekasi,Kemang Pratama,Ya,QRIS + EDC,2025-06-15,aktif,UMI,31891304.0,0.0,0.0,0.0,0.0,-1,0.0,0.0,0.0,0.0,14.0,17.0,3.8,3.0,0,0,1,0,0.0,0.0,17.277843960068058,0.0,0.0
M0124,Berseri Rasa Distribusi,F&B,warung,supplier,Jakarta,Kemang,Ya,QRIS + EDC,2025-07-03,aktif,UKE,465057342.0,0.0,0.0,0.0,0.0,-1,0.0,0.0,0.0,0.0,23.0,23.0,4.2,4.0,0,0,1,0,0.0,0.0,19.957671274228126,0.0,0.0
M0123,Kafe Berseri Utama,F&B,warung,retailer,Bogor,Bogor Tengah,Ya,QRIS,2022-04-12,aktif,UMI,27036444.0,2.0,0.11769199999999999,0.001224428161934063,0.003164217252396166,12,58.0,0.0,0.058845999999999996,23.0,14.0,16.0,3.6,1.0,0,1,1,0,7.666666666666667,2.5835658833777293,17.11269632860236,0.11126584482811862,3.1780538303479458
M0120,Prima Boga Distribusi,F&B,cafe,supplier,Tangerang,Gading Serpong,Ya,QRIS + EDC,2025-02-07,aktif,UMI,107001223.0,3.0,0.15429500000000002,0.0012796216188649717,0.004820447284345048,1,29.0,0.6666666666666666,0.051431666666666674,19.0,15.0,18.0,3.5,3.0,1,0,1,0,4.75,2.6243943653381385,18.48835083161309,0.1434897679997889,2.995732273553991
M0148,Warung Bu Ningsih,F&B,restaurant,retailer,Bandung,Setiabudhi,Ya,QRIS,2025-11-04,aktif,UMI,25531556.0,0.0,0.0,0.0,0.0,-1,0.0,0.0,0.0,0.0,11.0,11.0,3.7,1.0,1,0,1,0,0.0,0.0,17.05542577443206,0.0,0.0
M0115,Gemilang Boga House,F&B,bakery,retailer,Bandung,Buah Batu,Ya,QRIS,2023-12-13,aktif,UMI,46882006.0,1.0,0.087719,0.0007948803568275833,0.0,4,30.0,1.0,0.087719,16.0,13.0,22.0,0.0,2.0,1,1,0,0,8.0,2.191519843828607,17.663144513750094,0.08408284301695544,2.833213344056216
M0113,Kedai Berkah Mulia,F&B,catering,retailer,Bandung,Cihampelas,Ya,QRIS + EDC,2022-01-06,aktif,UMI,20039726.0,0.0,0.0,0.0,0.0,-1,0.0,0.0,0.0,0.0,18.0,11.0,0.0,2.0,0,1,0,0,0.0,0.0,16.813227211333658,0.0,0.0
M0112,Kedai Sejahtera Abadi,F&B,bakery,retailer,Bekasi,Kemang Pratama,Ya,QRIS,2024-06-28,aktif,UMI,52206927.0,0.0,0.0,0.0,0.0,-1,0.0,0.0,0.0,0.0,11.0,17.0,0.0,2.0,0,1,0,0,0.0,0.0,17.77072576435282,0.0,0.0
M0111,Kedai Tunas Mandiri,F&B,cafe,retailer,Depok,Cimanggis,Ya,QRIS + EDC,2025-02-04,aktif,UMI,44132875.0,1.0,0.052632,0.0007002608418504312,0.0,12,58.0,1.0,0.052632,18.0,4.0,15.0,3.5,1.0,0,1,1,0,9.0,2.079767540849371,17.602715550207616,0.05129369438747053,2.9444389791664403
M0109,Arunika Kuliner Distribusi,F&B,bakery,supplier,Bandung,Braga,Ya,QRIS,2021-08-25,aktif,UKE,468933156.0,3.0,0.16788,0.0012270318172188232,0.001630670926517572,18,41.0,0.0,0.05596,31.0,12.0,22.0,3.7,4.0,0,1,1,0,7.75,2.5855298248606133,19.965970793865214,0.15519013940192075,3.4657359027997265
M0108,Kafe Anugerah Cemerlang,F&B,cafe,retailer,Bogor,Bogor Tengah,Ya,QRIS + EDC,2022-06-28,aktif,UMI,75652420.0,3.0,0.19004400000000002,0.0012766877286113961,0.0007514376996805112,3,76.0,0.6666666666666666,0.063348,22.0,11.0,16.0,3.6,3.0,0,1,1,0,5.5,2.622265510415305,18.14166000033032,0.17399028122980328,3.1354942159291497
M0106,Agen Bahan Kue Bang Fajar,F&B,restaurant,supplier,Bandung,Buah Batu,Ya,QRIS,2023-03-07,aktif,UKE,442601130.0,7.0,0.444314,0.003107740345156996,0.02185814696485623,13,28.0,0.5714285714285714,0.06347342857142857,27.0,12.0,14.0,3.9,4.0,0,1,1,1,3.375,3.468151839933546,19.908179540932682,0.36763446835502445,3.332204510175204
M0137,UD Bintang Sajian Indonesia,F&B,restaurant,retailer,Bandung,Cihampelas,Ya,QRIS + EDC,2025-04-29,aktif,UKE,365625742.0,4.0,0.230909,0.0016753479283146246,0.006359105431309904,9,20.0,0.5,0.05772725,21.0,10.0,22.0,4.2,1.0,0,0,1,0,4.2,2.876581512664709,19.71712080808508,0.20775292083051194,3.091042453358316
M0136,Sinar Sajian Store,F&B,restaurant,retailer,Bekasi,Grand Galaxy,Ya,QRIS,2026-02-17,aktif,UMI,23519464.0,2.0,0.125803,0.0010918974850696152,0.00103258785942492,14,29.0,0.5,0.0629015,19.0,9.0,13.0,3.6,2.0,1,0,1,0,6.333333333333333,2.4781316554804036,16.973338934137352,0.11849655881595654,2.995732273553991
M0135,CV Lentera Distribusi Utama,F&B,restaurant,supplier,Bogor,Tanah Sareal,Ya,QRIS + EDC,2022-02-12,aktif,UKE,426076365.0,6.0,0.352235,0.003136511762784356,0.017635782747603836,0,44.0,0.8333333333333334,0.058705833333333325,29.0,15.0,22.0,3.8,4.0,1,1,1,1,4.142857142857143,3.4770812264059336,19.870129151078768,0.30175877908447024,3.4011973816621555
M0134,PT Kencana Sajian Sentosa,F&B,restaurant,retailer,Jakarta,Cempaka Putih,Ya,QRIS + EDC,2022-11-14,aktif,UME,2558509478.0,4.0,0.213404,0.0019820577690186874,0.00993738019169329,14,29.0,0.75,0.053350999999999996,39.0,18.0,51.0,0.0,3.0,0,1,0,0,7.8,3.035941809688863,21.662690691107777,0.193429633042796,3.6888794541139363
M0133,Kedai Sentosa Pilihan,F&B,cafe,retailer,Jakarta,Pluit,Ya,QRIS,2021-12-09,aktif,UMI,30027664.0,0.0,0.0,0.0,0.0,-1,0.0,0.0,0.0,0.0,12.0,24.0,4.0,5.0,1,1,1,0,0.0,0.0,17.217629681358634,0.0,0.0
M0163,CV Lentera Kuliner Sejahtera,F&B,cafe,retailer,Depok,Sawangan,Ya,QRIS + EDC,2022-03-19,aktif,UKE,622020221.0,1.0,0.065217,0.0006266843706055199,0.0,13,28.0,1.0,0.065217,22.0,16.0,36.0,4.0,3.0,1,1,1,0,11.0,1.9833220440487607,20.248483161428993,0.06317853427452536,3.1354942159291497
M0581,Supplier Komputer Mandala,Electronics,service,supplier,Depok,Margonda,Ya,QRIS + EDC,2023-03-06,aktif,UME,2538012388.0,1.0,0.051282,0.0005360971282027066,0.0,7,67.0,0.0,0.051282,44.0,9.0,43.0,0.0,3.0,0,1,0,0,22.0,1.8501810829917842,21.65464708762937,0.05001037179417238,3.8066624897703196
M0612,Grosir Ban & Oli Nawasena,Automotive,dealer,supplier,Jakarta,Pluit,Ya,QRIS,2021-07-14,aktif,UKE,701177794.0,8.0,0.500435,0.0034270896165665035,0.020728434504792333,15,53.0,0.75,0.062554375,34.0,16.0,21.0,3.9,5.0,1,0,1,1,3.7777777777777777,3.5630581526483014,20.368272043367895,0.40575506606629225,3.5553480614894135
M0611,PT Pusaka Motor Retailindo,Automotive,accessories,retailer,Tangerang,Karawaci,Ya,QRIS + EDC,2024-06-08,aktif,UBE,5644606273.0,4.0,0.217752,0.0015024109043940215,0.008046006389776358,12,58.0,0.25,0.05443800000000001,49.0,13.0,74.0,4.3,4.0,1,0,1,0,9.8,2.774094403379068,22.453966284374186,0.19700653607639562,3.912023005428146
M0610,Buana Mobilitas House,Automotive,accessories,retailer,Bekasi,Harapan Indah,Ya,QRIS + EDC,2026-01-17,tidak aktif,UKE,506459977.0,9.0,0.510259,0.00340054705182025,0.03106453674121406,17,39.0,0.6666666666666666,0.056695444444444444,34.0,20.0,33.0,0.0,5.0,0,0,0,1,3.4,3.5555043497958314,20.042955861749185,0.41228115929722237,3.5553480614894135
M0609,UD Mandala Garage Internasional,Automotive,accessories,retailer,Depok,Cimanggis,Ya,QRIS,2023-10-04,tidak aktif,UKE,429750759.0,5.0,0.331054,0.0021159455329145026,0.005709904153354633,7,67.0,0.2,0.0662108,24.0,5.0,13.0,3.5,3.0,1,1,1,0,4.0,3.098264282567313,19.87871597069571,0.28597110958924254,3.2188758248682006
M0604,Anugerah Auto House,Automotive,bengkel,retailer,Bandung,Braga,Ya,QRIS + EDC,2021-12-30,aktif,UME,4100000000.0,6.0,0.35272000000000003,0.002478798792150671,0.015166773162939297,10,26.0,0.8333333333333334,0.058786666666666675,55.0,16.0,28.0,4.1,5.0,0,0,1,1,7.857142857142857,3.24990879907176,22.134252810900577,0.3021173802480367,4.02535169073515
M0603,Auto Service Sentosa,Automotive,bengkel,retailer,Bandung,Buah Batu,Ya,QRIS + EDC,2022-02-20,aktif,UKE,1069226751.0,6.0,0.391467,0.002405971540880635,0.01855079872204473,4,30.0,0.5,0.0652445,43.0,19.0,60.0,3.9,5.0,0,1,1,1,6.142857142857143,3.2212615930110338,20.79020156249216,0.33035858628757375,3.784189633918261
M0602,PT Cakrawala Distribusi Persada,Automotive,dealer,supplier,Depok,Cinere,Ya,QRIS + EDC,2022-07-01,aktif,UBE,8431819811.0,4.0,0.251817,0.0016325009703902482,0.0033840255591054314,7,67.0,0.5,0.06295425,47.0,19.0,64.0,0.0,5.0,0,1,0,0,9.4,2.852151105185621,22.855278458972492,0.22459609586041107,3.871201010907891
M0600,PT Langgeng Sparepart Persada,Automotive,dealer,retailer,Jakarta,Kemang,Ya,QRIS + EDC,2021-02-03,aktif,UME,2078794745.0,5.0,0.313191,0.0023564009035200047,0.010714376996805112,15,53.0,0.6,0.0626382,49.0,11.0,41.0,0.0,2.0,0,1,0,0,8.166666666666666,3.201282324289917,21.4550541136757,0.27246005313415156,3.912023005428146
M0593,Berseri Komputer Distribusi,Electronics,service,supplier,Depok,Sawangan,Ya,QRIS,2025-02-18,tidak aktif,UKE,470394606.0,1.0,0.050847,0.0006365931700929097,0.0,13,28.0,1.0,0.050847,24.0,12.0,21.0,4.1,3.0,1,0,1,0,12.0,1.9968655457736817,19.969082489772088,0.04959650565540632,3.2188758248682006
M0592,Toko Elektronik Nusantara,Electronics,service,retailer,Bekasi,Summarecon,Ya,QRIS + EDC,2022-07-29,aktif,UMI,58885904.0,1.0,0.071429,0.0007114148026761054,0.0,17,39.0,0.0,0.071429,16.0,11.0,18.0,4.1,2.0,0,0,1,0,8.0,2.0936092079948563,17.891112316079145,0.06899327148687145,2.833213344056216
M0591,PT Prima Distribusi Sentosa,Electronics,accessories,supplier,Jakarta,Tebet,Ya,QRIS + EDC,2021-06-13,aktif,UBE,9000000000.0,4.0,0.251898,0.0018175203926789028,0.005403194888178914,18,41.0,0.5,0.0629745,67.0,20.0,58.0,3.7,6.0,1,0,1,0,13.4,2.9536179822313984,22.920490414393743,0.22466079971051242,4.219507705176107
M0590,Pusat Komponen Selaras Pilihan,Electronics,gadget,supplier,Tangerang,Gading Serpong,Ya,QRIS + EDC,2024-02-26,aktif,UKE,862727437.0,8.0,0.444093,0.003018488923737049,0.018397444089456868,12,58.0,0.75,0.055511625,35.0,17.0,33.0,3.9,5.0,1,1,1,1,3.888888888888889,3.439933658179907,20.575609368339933,0.36748144282889106,3.58351893845611
M0589,UD Buana Elektronik Mandiri,Electronics,gadget,retailer,Depok,Sawangan,Ya,QRIS + EDC,2024-01-17,aktif,UME,2872368775.0,3.0,0.166735,0.0012139850025475103,0.0019424920127795527,0,44.0,0.6666666666666666,0.055578333333333334,45.0,17.0,27.0,0.0,4.0,0,0,0,0,11.25,2.5756495994049593,21.778402883789035,0.15420924954059056,3.828641396489095
M0588,Tunas Komputer Market,Electronics,accessories,retailer,Bekasi,Grand Galaxy,Ya,QRIS,2024-04-07,aktif,UKE,1197327101.0,7.0,0.424143,0.0026602045506094194,0.020447284345047924,8,46.0,0.8571428571428571,0.06059185714285714,42.0,15.0,40.0,4.2,4.0,0,0,1,1,5.25,3.3178898825165506,20.903357494361728,0.35357022929621257,3.7612001156935624
M0587,PT Nusantara Teknologi Niaga Raya,Electronics,service,retailer,Jakarta,Kelapa Gading,Ya,QRIS + EDC,2023-06-20,aktif,UME,3400121821.0,2.0,0.123746,0.001035171968394013,0.0014210862619808307,12,58.0,1.0,0.061873,46.0,11.0,20.0,3.5,3.0,1,0,1,0,15.333333333333334,2.42936924645386,21.94707709792665,0.1166677472867906,3.8501476017100584
M0586,Adikara Teknologi Store,Electronics,computer,retailer,Bandung,Setiabudhi,Ya,QRIS + EDC,2022-03-07,aktif,UMI,26528807.0,0.0,0.0,0.0,0.0,-1,0.0,0.0,0.0,0.0,8.0,22.0,3.1,1.0,0,1,1,0,0.0,0.0,17.093741794836905,0.0,0.0
M0585,CV Kencana Elektronik Nusantara,Electronics,service,retailer,Depok,Sawangan,Ya,QRIS + EDC,2024-10-09,aktif,UKE,727746220.0,1.0,0.065789,0.0006144370425009034,0.0,7,67.0,0.0,0.065789,38.0,12.0,25.0,3.8,3.0,0,1,1,0,19.0,1.9663246934350427,20.405462947859245,0.06371536994156447,3.6635616461296463
M0584,Gadget Corner Gemilang,Electronics,service,retailer,Jakarta,Kemang,Ya,QRIS + EDC,2025-09-21,aktif,UKE,672948527.0,4.0,0.231791,0.0016357199380231334,0.010724600638977635,5,19.0,0.5,0.057947750000000006,33.0,23.0,47.0,3.8,5.0,1,1,1,0,6.6,2.854007370194221,20.3271794032577,0.20846920786320813,3.5263605246161616
M0583,PT Mandala Distribusi Indonesia,Electronics,accessories,supplier,Jakarta,Pluit,Ya,QRIS + EDC,2025-03-03,aktif,UME,3464133565.0,3.0,0.171062,0.0012889665258940587,0.004084345047923323,17,39.0,0.3333333333333333,0.057020666666666664,51.0,18.0,49.0,0.0,3.0,0,0,0,0,12.75,2.631145057047533,21.965728385217336,0.1579110294138089,3.9512437185814275
M0582,Komputer Anugerah Maju,Electronics,accessories,retailer,Bandung,Buah Batu,Ya,QRIS + EDC,2025-10-25,aktif,UKE,891086276.0,3.0,0.152571,0.001403675354084379,0.006446006389776358,13,28.0,0.6666666666666666,0.050857000000000006,38.0,18.0,37.0,3.6,3.0,1,1,1,0,9.5,2.7104974402245623,20.607951812397033,0.1419950991972175,3.6635616461296463
M0146,Kedai Langgeng Mulia,F&B,warung,retailer,Tangerang,Karawaci,Ya,QRIS + EDC,2025-11-11,aktif,UKE,555186692.0,2.0,0.139291,0.0009913118584763641,0.0008485623003194889,6,16.0,0.5,0.0696455,25.0,20.0,16.0,0.0,4.0,1,0,0,0,8.333333333333334,2.3899656054481295,20.134814998930153,0.13040613910326512,3.258096538021482
M0144,Kafe Bintang Jaya,F&B,cafe,retailer,Bekasi,Summarecon,Ya,QRIS,2021-11-14,aktif,UMI,40305692.0,3.0,0.214776,0.0017035740873997721,0.002366773162939297,0,44.0,0.3333333333333333,0.071592,15.0,4.0,7.0,3.7,2.0,0,1,1,0,3.75,2.892355393300923,17.512003282448564,0.1945596976558057,2.772588722239781
M0143,Dapur Kang Asep,F&B,warung,retailer,Bogor,Tanah Sareal,Ya,QRIS + EDC,2024-05-10,aktif,UKE,290766572.0,3.0,0.175428,0.0013871348247704496,0.0068805111821086265,14,29.0,0.3333333333333333,0.058476,23.0,15.0,22.0,3.7,4.0,1,0,1,0,5.75,2.6994364253399903,19.488031348598405,0.1616323365904081,3.1780538303479458
M0138,Rumah Makan Arunika,F&B,bakery,retailer,Tangerang,Karawaci,Ya,QRIS,2022-05-25,aktif,UMI,29242239.0,1.0,0.058824,0.0006145159210731047,0.0,15,53.0,1.0,0.058824,19.0,16.0,19.0,0.0,5.0,1,0,0,0,9.5,1.9664350939510737,17.191124797298798,0.057158858284294296,2.995732273553991
M0172,Grosir Bahan Pangan Sinar,F&B,bakery,supplier,Tangerang,Gading Serpong,Ya,QRIS,2022-10-22,aktif,UMI,27114857.0,1.0,0.068182,0.0006201903423316329,0.0,7,67.0,1.0,0.068182,20.0,12.0,10.0,4.0,2.0,1,1,1,0,10.0,1.9743453554334027,17.11559240128987,0.0659581380045489,3.044522437723423
M0169,Rumah Makan Kencana,F&B,cafe,retailer,Bogor,Cibinong,Ya,QRIS,2025-07-16,aktif,UMI,20847332.0,1.0,0.050847,0.0005224382915931761,0.0,3,76.0,1.0,0.050847,14.0,18.0,17.0,3.6,5.0,0,1,1,0,7.0,1.8284743074662695,16.852736584358368,0.04959650565540632,2.70805020110221
M0167,Distribusi Boga Langgeng,F&B,catering,supplier,Bekasi,Kemang Pratama,Ya,QRIS,2024-09-27,aktif,UMI,73259098.0,1.0,0.053571,0.0006528442073356268,0.0,15,53.0,1.0,0.053571,16.0,12.0,21.0,4.1,2.0,1,0,1,0,8.0,2.0186881244372556,18.109513016577015,0.05218534639082646,2.833213344056216
M0166,UD Arunika Rasa Internasional,F&B,cafe,retailer,Bandung,Setiabudhi,Ya,QRIS,2023-02-17,aktif,UKE,413590302.0,2.0,0.13142900000000002,0.0010385317035422497,0.002412779552715655,12,58.0,0.5,0.06571450000000001,22.0,18.0,65.0,3.8,5.0,1,1,1,0,7.333333333333333,2.43232454589325,19.84038643552581,0.12348143555882825,3.1354942159291497
M0196,CV Sembada Boga Utama,F&B,catering,retailer,Tangerang,Alam Sutera,Ya,QRIS,2021-11-11,aktif,UKE,482073975.0,3.0,0.190572,0.0013160901220003775,0.001380191693290735,12,58.0,0.6666666666666666,0.063524,25.0,12.0,16.0,4.1,3.0,0,1,1,0,6.25,2.6504847317207787,19.99360813741688,0.1744338639064363,3.258096538021482
M0161,Agen Bahan Kue Kang Dedi,F&B,bakery,supplier,Jakarta,Kemang,Ya,QRIS,2021-11-05,aktif,UMI,106064007.0,1.0,0.06383,0.000628418732098277,0.0,7,67.0,0.0,0.06383,21.0,16.0,22.0,0.0,1.0,0,0,0,0,10.5,1.985705878308822,18.479553318889465,0.06187560371806747,3.091042453358316
M0159,Gemilang Sajian Distribusi,F&B,warung,supplier,Tangerang,Cipondoh,Ya,QRIS,2025-08-27,aktif,UKE,304861126.0,5.0,0.28255399999999997,0.001974866360934661,0.009267731629392971,0,44.0,0.6,0.05651079999999999,26.0,15.0,33.0,3.6,4.0,1,1,1,0,4.333333333333333,3.0324818402338187,19.535366909569987,0.2488534024395437,3.295836866004329
M0157,Grosir Bahan Pangan Sembada,F&B,cafe,supplier,Jakarta,Cempaka Putih,Ya,QRIS,2025-07-30,tidak aktif,UMI,34401580.0,0.0,0.0,0.0,0.0,-1,0.0,0.0,0.0,0.0,25.0,22.0,3.6,6.0,1,1,1,0,0.0,0.0,17.353613080589856,0.0,0.0
M0154,Warung Pak Surya,F&B,cafe,retailer,Bandung,Buah Batu,Ya,QRIS,2025-02-14,aktif,UMI,101429599.0,3.0,0.188683,0.0013034864273431723,0.0009252396166134185,4,30.0,1.0,0.06289433333333333,21.0,12.0,35.0,0.0,3.0,1,0,0,0,5.25,2.6415445391886547,18.434875519737975,0.1728459715645808,3.091042453358316
M0153,Nusantara Sajian Distribusi,F&B,bakery,supplier,Bogor,Dramaga,Ya,QRIS + EDC,2025-09-27,aktif,UKE,485608480.0,2.0,0.11976200000000001,0.0009431371249896495,0.0012984025559105432,3,76.0,0.5,0.059881000000000004,26.0,17.0,18.0,3.8,4.0,0,0,1,0,8.666666666666666,2.3448177320773134,20.000913262548814,0.11311616272567909,3.295836866004329
M0152,Kedai Nusantara Bersama,F&B,restaurant,retailer,Depok,Margonda,Ya,QRIS,2024-01-14,aktif,UMI,23481574.0,1.0,0.068182,0.0006926579551726443,0.0,14,29.0,0.0,0.068182,17.0,8.0,14.0,3.8,2.0,1,0,1,0,8.5,2.0702216124239294,16.971726629039082,0.0659581380045489,2.8903717578961645
M0149,Rumah Makan Buana,F&B,catering,retailer,Bekasi,Kemang Pratama,Ya,QRIS,2023-09-03,aktif,UMI,29053523.0,0.0,0.0,0.0,0.0,-1,0.0,0.0,0.0,0.0,6.0,14.0,4.1,3.0,0,0,1,0,0.0,0.0,17.184650341994463,0.0,0.0
M0179,Grosir Bahan Pangan Sejahtera,F&B,bakery,supplier,Bogor,Bogor Tengah,Ya,QRIS,2021-11-03,aktif,UKE,826890704.0,1.0,0.053571,0.0006438365167245965,0.0,0,44.0,1.0,0.053571,30.0,9.0,22.0,3.5,3.0,0,1,1,0,15.0,2.00665108911438,20.533183085850403,0.05218534639082646,3.4339872044851463
M0595,Servis Elektronik Bang Arif,Electronics,computer,retailer,Bandung,Dago,Ya,QRIS + EDC,2021-08-12,aktif,UMI,20608548.0,1.0,0.054545,0.0005804006345781034,0.0,10,26.0,1.0,0.054545,14.0,7.0,10.0,3.7,2.0,0,1,1,0,7.0,1.9175116071876535,16.841216547671127,0.053109394279372765,2.70805020110221
M0594,Toko Elektronik Karya,Electronics,computer,retailer,Bekasi,Summarecon,Ya,QRIS,2023-08-15,aktif,UMI,94555458.0,1.0,0.061224,0.0007016368120051437,0.0,0,44.0,1.0,0.061224,23.0,9.0,15.0,3.9,2.0,0,0,1,0,11.5,2.0814854664481826,18.364697088049322,0.0594229589322327,3.1780538303479458
M0211,CV Mitra Busana Utama,Fashion,footwear,retailer,Tangerang,Cipondoh,Ya,QRIS + EDC,2022-12-30,aktif,UME,3713328309.0,3.0,0.169804,0.0012769368418126387,0.005612779552715655,3,76.0,1.0,0.05660133333333334,45.0,27.0,55.0,3.8,7.0,0,0,1,0,11.25,2.622446445176418,22.03519442999376,0.15683621340887183,3.828641396489095
M0210,Bakery Mahardika Mandiri,F&B,restaurant,retailer,Depok,Cimanggis,Ya,QRIS,2024-01-26,aktif,UMI,106384711.0,5.0,0.277115,0.0017906216100827747,0.012999361022364217,7,67.0,0.4,0.055423,25.0,17.0,22.0,0.0,4.0,0,1,0,0,4.166666666666667,2.939490762215438,18.482572440337727,0.24460362781168568,3.258096538021482
M0579,Grosir Elektronik Cakrawala,Electronics,service,supplier,Depok,Cinere,Ya,QRIS + EDC,2024-02-21,aktif,UKE,624069658.0,9.0,0.572271,0.003432793497659652,0.015228115015974441,7,67.0,0.6666666666666666,0.06358566666666667,30.0,12.0,32.0,3.8,5.0,0,0,1,1,3.0,3.5646740100901115,20.25177255311602,0.45252107100675243,3.4339872044851463
M0578,Sentra Gadget Mitra,Electronics,service,retailer,Bogor,Bogor Tengah,Ya,QRIS,2022-08-25,aktif,UMI,37571169.0,3.0,0.22392499999999999,0.0014420843624767857,0.0014926517571884983,3,76.0,1.0,0.07464166666666666,13.0,6.0,7.0,0.0,1.0,0,1,0,0,3.25,2.7357200764160807,17.441747558933766,0.20206290770297095,2.6390573296152584
M0577,UD Mitra Distribusi Mandiri,Electronics,gadget,supplier,Bekasi,Jababeka,Ya,QRIS + EDC,2024-06-14,aktif,UKE,548587760.0,3.0,0.199404,0.001479873854666843,0.001860702875399361,1,29.0,0.6666666666666666,0.066468,29.0,13.0,27.0,4.3,1.0,0,1,1,0,7.25,2.759930098027179,20.122857826703786,0.181824766747545,3.4011973816621555
M0573,Digital Store Sahabat,Electronics,computer,retailer,Bekasi,Harapan Indah,Ya,QRIS + EDC,2022-11-22,aktif,UKE,326854217.0,7.0,0.420417,0.002854130234971134,0.01744153354632588,8,46.0,0.42857142857142855,0.06005957142857142,32.0,8.0,22.0,3.7,1.0,1,1,1,1,4.0,3.3857893637993546,19.605024812942037,0.3509504904747632,3.4965075614664802
M0572,Servis Elektronik Pak Joko,Electronics,accessories,retailer,Jakarta,Pluit,Ya,QRIS,2021-10-02,aktif,UMI,68294889.0,0.0,0.0,0.0,0.0,-1,0.0,0.0,0.0,0.0,13.0,26.0,4.2,4.0,0,1,1,0,0.0,0.0,18.039345504758195,0.0,0.0
M0571,Toko Elektronik Cakrawala,Electronics,accessories,retailer,Bandung,Braga,Ya,QRIS,2022-09-24,aktif,UMI,57053085.0,0.0,0.0,0.0,0.0,-1,0.0,0.0,0.0,0.0,5.0,10.0,0.0,1.0,0,1,0,0,0.0,0.0,17.859492725710354,0.0,0.0
M0570,Distributor Gadget Mandala,Electronics,gadget,supplier,Jakarta,Cempaka Putih,Ya,QRIS + EDC,2022-12-06,aktif,UKE,950016728.0,3.0,0.18257800000000002,0.0014290087099485995,0.003777635782747604,15,53.0,0.6666666666666666,0.06085933333333334,31.0,12.0,16.0,3.8,3.0,0,0,1,0,7.75,2.727204716424811,20.671990151877498,0.16769680115358926,3.4657359027997265
M0568,Komputer Sembada Maju,Electronics,computer,retailer,Tangerang,Karawaci,Ya,QRIS,2023-04-17,aktif,UMI,38047417.0,0.0,0.0,0.0,0.0,-1,0.0,0.0,0.0,0.0,5.0,16.0,0.0,2.0,0,0,0,0,0.0,0.0,17.454343781888035,0.0,0.0
M0567,Komputer Mentari Cemerlang,Electronics,accessories,retailer,Tangerang,Alam Sutera,Ya,QRIS,2021-10-06,aktif,UMI,135866629.0,0.0,0.0,0.0,0.0,-1,0.0,0.0,0.0,0.0,10.0,17.0,3.5,1.0,0,0,1,0,0.0,0.0,18.727184300772272,0.0,0.0
M0177,UD Sejahtera Horeka Internasional,F&B,restaurant,retailer,Bandung,Buah Batu,Ya,QRIS,2024-09-12,aktif,UMI,73399055.0,3.0,0.201211,0.0014960901368919976,0.002146964856230032,18,41.0,0.6666666666666666,0.06707033333333333,16.0,17.0,33.0,3.6,3.0,1,1,1,0,4.0,2.770142067176283,18.11142163246662,0.18333021459426593,2.833213344056216
M0176,Anugerah Horeka Market,F&B,restaurant,retailer,Bekasi,Grand Galaxy,Ya,QRIS,2026-01-03,aktif,UKE,633757936.0,2.0,0.130419,0.0010465380868641587,0.0005827476038338658,1,29.0,1.0,0.0652095,34.0,18.0,19.0,4.0,3.0,1,1,1,0,11.333333333333334,2.439332135875108,20.26717763665712,0.12258836045640763,3.5553480614894135
M0175,Adikara Rasa House,F&B,restaurant,retailer,Depok,Cimanggis,Ya,QRIS,2024-07-29,aktif,UKE,454162374.0,6.0,0.348297,0.0024325075732054766,0.015979552715654953,0,44.0,0.5,0.058049500000000004,38.0,7.0,23.0,3.6,3.0,0,0,1,1,5.428571428571429,3.2317950405371767,19.933965346247632,0.29884231463131206,3.6635616461296463
M0459,CV Anugerah Distribusi Nusantara,Grocery,distributor,supplier,Jakarta,Kelapa Gading,Ya,QRIS + EDC,2024-09-28,aktif,UKE,1038453767.0,3.0,0.193866,0.0018556199953564598,0.0036345047923322686,14,29.0,1.0,0.064622,39.0,18.0,45.0,4.4,6.0,0,0,1,0,9.75,2.9732923693299385,20.760998682234597,0.1771967808667038,3.6888794541139363
M0458,Toko Kelontong Mbak Rani,Grocery,toko_kelontong,retailer,Bekasi,Summarecon,Ya,QRIS + EDC,2024-06-01,aktif,UMI,38002667.0,0.0,0.0,0.0,0.0,-1,0.0,0.0,0.0,0.0,17.0,19.0,3.8,2.0,0,1,1,0,0.0,0.0,17.45316692575233,0.0,0.0
M0457,Toko Sembako Mbak Rani,Grocery,supermarket,retailer,Bogor,Tanah Sareal,Ya,QRIS + EDC,2024-10-18,aktif,UKE,484059382.0,5.0,0.290397,0.0018628138639501498,0.005438977635782748,3,76.0,0.6,0.0580794,33.0,12.0,24.0,0.0,2.0,1,1,0,0,5.5,2.9769641815561605,19.9977181493036,0.2549499229656512,3.5263605246161616
M0456,Warung Langgeng Mart,Grocery,minimarket,retailer,Depok,Cinere,Ya,QRIS + EDC,2026-01-09,aktif,UMI,58875309.0,3.0,0.204873,0.0014093340879610188,0.0014517571884984026,8,46.0,0.6666666666666666,0.06829099999999999,18.0,7.0,19.0,3.8,2.0,0,1,1,0,4.5,2.714253645200866,17.890932375679775,0.18637416719738895,2.9444389791664403
M0455,Warung Karya Mart,Grocery,supermarket,retailer,Bandung,Buah Batu,Ya,QRIS,2024-03-16,aktif,UMI,66396853.0,4.0,0.24723499999999998,0.0016443868120650804,0.007284345047923323,4,30.0,0.75,0.06180875,20.0,12.0,24.0,3.6,2.0,0,0,1,0,4.0,2.8589881897966336,18.011160233806145,0.2209291012284832,3.044522437723423
M0672,Ban & Oli Makmur Baru,Automotive,bengkel,retailer,Jakarta,Tebet,Ya,QRIS + EDC,2024-01-08,aktif,UMI,54227787.0,3.0,0.22121200000000002,0.0017992765300570831,0.001615335463258786,0,44.0,0.0,0.07373733333333334,16.0,18.0,9.0,3.9,1.0,0,0,1,0,4.0,2.944058132999578,17.80870402875429,0.19984380823056905,2.833213344056216
M0671,PT Mandala Motor Indonesia,Automotive,sparepart,retailer,Depok,Cinere,Ya,QRIS + EDC,2025-07-07,aktif,UME,2403013934.0,6.0,0.380006,0.0022623948166979927,0.010330990415335464,7,67.0,0.5,0.06333433333333334,24.0,12.0,45.0,0.0,5.0,0,1,0,1,3.4285714285714284,3.1622609503560755,21.599989592685176,0.3220878469857485,3.2188758248682006
M0669,Supplier Otomotif Nusantara,Automotive,bengkel,supplier,Bogor,Sentul,Ya,QRIS + EDC,2023-07-28,aktif,UKE,704515096.0,7.0,0.422233,0.0024890630597492612,0.019578274760383388,3,76.0,0.8571428571428571,0.060319000000000005,34.0,12.0,50.0,4.1,2.0,1,1,1,1,4.25,3.2538811502645304,20.373020318455943,0.35222817168563825,3.5553480614894135
M0668,PT Pusaka Distribusi Persada,Automotive,dealer,supplier,Bandung,Braga,Ya,QRIS + EDC,2021-11-23,aktif,UBE,8300037477.0,5.0,0.288074,0.0021196055969959606,0.009226837060702875,10,26.0,0.8,0.0576148,44.0,19.0,75.0,0.0,5.0,1,0,0,0,7.333333333333333,3.099914614084174,22.839525867160457,0.25314807944792667,3.8066624897703196
M0667,Bengkel Langgeng Motor,Automotive,sparepart,retailer,Bekasi,Jababeka,Ya,QRIS,2021-12-27,aktif,UMI,96141175.0,2.0,0.133713,0.0011842437863269447,0.0013495207667731629,1,29.0,1.0,0.0668565,17.0,10.0,19.0,3.9,3.0,0,0,1,0,5.666666666666667,2.5527551449803974,18.381328252516706,0.12549808685403466,2.8903717578961645
M0666,Toko Sparepart Langgeng,Automotive,sparepart,retailer,Bandung,Setiabudhi,Ya,QRIS,2021-07-02,aktif,UMI,30853475.0,1.0,0.050847,0.0005801400080140829,0.0,13,28.0,0.0,0.050847,16.0,1.0,17.0,4.0,1.0,0,1,1,0,8.0,1.917128485127129,17.24475997619855,0.04959650565540632,2.833213344056216
M0663,CV Pusaka Distribusi Sejahtera,Automotive,dealer,supplier,Bogor,Cibinong,Ya,QRIS + EDC,2023-09-13,aktif,UME,3253619833.0,3.0,0.164929,0.0012432322516261786,0.00495335463258786,3,76.0,0.6666666666666666,0.05497633333333333,45.0,18.0,39.0,0.0,6.0,0,0,0,0,11.25,2.5976639305249325,21.903034008555426,0.15266014095448172,3.828641396489095
M0421,UD Sejahtera Grosir Utama,Grocery,supermarket,retailer,Bekasi,Kemang Pratama,Ya,QRIS,2025-03-10,aktif,UMI,33354377.0,3.0,0.172276,0.0015376839320943771,0.0045290734824281155,13,28.0,0.3333333333333333,0.057425333333333335,19.0,9.0,27.0,0.0,3.0,1,0,0,0,4.75,2.795868100156473,17.322699596073,0.15894715831080014,2.995732273553991
M0452,PT Harmoni Grosir Persada,Grocery,supermarket,retailer,Jakarta,Kemang,Ya,QRIS + EDC,2023-11-20,aktif,UME,2775579489.0,3.0,0.171463,0.0012632326277764343,0.0015437699680511182,15,53.0,0.3333333333333333,0.05715433333333334,39.0,18.0,56.0,3.4,5.0,1,1,1,0,9.75,2.612443904495684,21.74412538756908,0.15825339502691183,3.6888794541139363
M0451,UD Adikara Niaga Persada,Grocery,distributor,retailer,Depok,Cimanggis,Ya,QRIS + EDC,2024-08-05,aktif,UKE,625430318.0,3.0,0.154989,0.0013669458023914322,0.004968690095846645,15,53.0,0.0,0.051662999999999994,24.0,17.0,53.0,3.9,3.0,0,1,1,0,6.0,2.6857676469539737,20.25395048118613,0.14409082011888127,3.2188758248682006
M0450,Anugerah Sembako Distribusi,Grocery,minimarket,supplier,Bekasi,Kemang Pratama,Ya,QRIS,2023-10-08,aktif,UKE,327410679.0,3.0,0.198051,0.001677434997290072,0.003532268370607029,9,20.0,0.3333333333333333,0.06601699999999999,25.0,20.0,24.0,0.0,4.0,0,1,0,0,6.25,2.877756405282259,19.606725843016793,0.18069606973872634,3.258096538021482
M0205,Distribusi Boga Tunas,F&B,warung,supplier,Bandung,Buah Batu,Ya,QRIS,2025-12-05,aktif,UMI,63964514.0,0.0,0.0,0.0,0.0,-1,0.0,0.0,0.0,0.0,20.0,37.0,3.8,5.0,1,1,1,0,0.0,0.0,17.973839034432974,0.0,0.0
M0204,Buana Kuliner House,F&B,warung,retailer,Depok,Cinere,Ya,QRIS,2025-06-09,aktif,UMI,34051933.0,2.0,0.16594799999999998,0.0014165180941761622,0.0022389776357827477,10,26.0,0.0,0.08297399999999999,15.0,3.0,11.0,3.5,2.0,0,1,1,0,5.0,2.719002072606563,17.34339738777206,0.1535344900213073,2.772588722239781
M0203,PT Mentari Sajian Sentosa,F&B,catering,retailer,Bogor,Cibinong,Ya,QRIS + EDC,2024-11-21,aktif,UME,2180411266.0,3.0,0.171554,0.001134252632622655,0.0017124600638977637,3,76.0,1.0,0.05718466666666667,44.0,22.0,33.0,3.7,6.0,1,1,1,0,11.0,2.5130507241221975,21.502779350541527,0.15833107265370305,3.8066624897703196
M0202,Kedai Sembada Mandiri,F&B,restaurant,retailer,Bekasi,Grand Galaxy,Ya,QRIS,2023-09-24,aktif,UMI,60229144.0,2.0,0.126724,0.0010142315054773084,0.0010939297124600638,3,76.0,0.5,0.063362,19.0,12.0,21.0,3.6,1.0,1,1,1,0,6.333333333333333,2.41075002752026,17.913666929335548,0.11931430710605355,2.995732273553991
M0199,Bintang Kuliner Distribusi,F&B,bakery,supplier,Jakarta,Menteng,Ya,QRIS + EDC,2022-04-13,aktif,UKE,570083532.0,1.0,0.068182,0.0009303089903586535,0.0,15,53.0,0.0,0.068182,29.0,16.0,35.0,4.1,5.0,1,1,1,0,14.5,2.3324438408868646,20.161293457178402,0.0659581380045489,3.4011973816621555
M0198,Bakery Cakrawala Utama,F&B,bakery,retailer,Bogor,Cibinong,Ya,QRIS + EDC,2021-05-17,aktif,UMI,52081811.0,3.0,0.183014,0.0013072475449648758,0.001354632587859425,3,76.0,1.0,0.06100466666666667,23.0,12.0,28.0,3.8,1.0,1,0,1,0,5.75,2.6442207937923454,17.768326347886067,0.16806541924575136,3.1780538303479458
M0228,Toko Busana Bang Arif,Fashion,clothing,retailer,Bekasi,Summarecon,Ya,QRIS + EDC,2024-01-03,aktif,UMI,41141160.0,3.0,0.215261,0.0016807704119187162,0.0027654952076677317,1,29.0,1.0,0.07175366666666667,23.0,6.0,21.0,3.8,2.0,1,1,1,0,5.75,2.8796311793450204,17.53251966250066,0.19495886853792796,3.1780538303479458
M0227,Supplier Busana Mandala,Fashion,accessories,supplier,Depok,Cimanggis,Ya,QRIS,2022-01-16,aktif,UKE,521354434.0,3.0,0.187171,0.0014238844476884783,0.001063258785942492,7,67.0,1.0,0.06239033333333333,33.0,7.0,27.0,3.8,4.0,0,0,1,0,8.25,2.7238477256571674,20.071940665924988,0.17157316590890978,3.5263605246161616
M0193,Grosir Bahan Pangan Gemilang,F&B,catering,supplier,Depok,Sawangan,Ya,QRIS,2024-03-08,aktif,UMI,70985296.0,3.0,0.168903,0.001182155302380897,0.01256485623003195,13,28.0,0.6666666666666666,0.056301,24.0,18.0,18.0,0.0,5.0,1,0,0,0,6.0,2.5511275848583095,18.07798332905359,0.15606570214382148,3.2188758248682006
M0191,Kafe Arunika Maju,F&B,bakery,retailer,Bandung,Buah Batu,Ya,QRIS + EDC,2022-02-08,aktif,UMI,93858887.0,0.0,0.0,0.0,0.0,-1,0.0,0.0,0.0,0.0,12.0,22.0,4.0,4.0,0,1,1,0,0.0,0.0,18.357303020828017,0.0,0.0
M0190,UD Mahardika Boga Internasional,F&B,catering,retailer,Bogor,Tanah Sareal,Ya,QRIS,2024-12-08,aktif,UMI,66082519.0,1.0,0.057692,0.0006068686900327959,0.0,7,67.0,1.0,0.057692,21.0,20.0,12.0,4.0,4.0,1,1,1,0,10.5,1.9556747342752308,18.006414822043073,0.056089175741910344,3.091042453358316
M0188,Grosir Bahan Pangan Tunas,F&B,restaurant,supplier,Bogor,Sentul,Ya,QRIS,2025-07-24,aktif,UKE,492035767.0,6.0,0.346494,0.002239858505504652,0.016884345047923324,3,76.0,0.8333333333333334,0.057748999999999995,38.0,4.0,22.0,0.0,4.0,1,1,0,1,5.428571428571429,3.152675552802354,20.014061971001116,0.29750417726255923,3.6635616461296463
M0184,Kafe Sinar Asri,F&B,warung,retailer,Jakarta,Kemang,Ya,QRIS,2024-11-24,aktif,UMI,23491414.0,0.0,0.0,0.0,0.0,-1,0.0,0.0,0.0,0.0,11.0,18.0,3.7,3.0,1,1,1,0,0.0,0.0,16.972145593220155,0.0,0.0
M0183,Bakery Nawasena Cemerlang,F&B,restaurant,retailer,Bogor,Sentul,Ya,QRIS,2023-12-27,aktif,UMI,102098529.0,4.0,0.247345,0.0015271825802094803,0.004038338658146965,3,76.0,0.75,0.061836249999999995,31.0,12.0,29.0,4.2,3.0,1,1,1,0,6.2,2.7894351338712466,18.441448885381885,0.22101729242705875,3.4657359027997265
M0182,Kafe Mahardika Bersama,F&B,warung,retailer,Depok,Sawangan,Ya,QRIS,2021-11-25,aktif,UMI,32140438.0,1.0,0.071429,0.0007471087317222963,0.0,7,67.0,0.0,0.071429,18.0,11.0,11.0,3.1,3.0,0,1,1,0,9.0,2.136658873178483,17.28562557717227,0.06899327148687145,2.9444389791664403
M0564,PT Kencana Gadget Sejahtera,Electronics,service,retailer,Bogor,Tanah Sareal,Ya,QRIS + EDC,2022-12-12,aktif,UBE,8838306707.0,6.0,0.36084499999999997,0.0020739599421183575,0.016475399361022363,3,76.0,0.8333333333333334,0.06014083333333334,61.0,13.0,38.0,3.8,5.0,0,0,1,1,8.714285714285714,3.0791354556347845,22.902361146379356,0.30810583033582356,4.127134385045092
M0563,UD Bintang Teknologi Persada,Electronics,gadget,retailer,Bandung,Cihampelas,Ya,QRIS + EDC,2026-03-09,aktif,UKE,327816271.0,2.0,0.11422399999999999,0.0009540161320668246,0.0,10,26.0,0.0,0.057111999999999996,20.0,13.0,13.0,3.7,2.0,0,0,1,0,6.666666666666667,2.355192848562335,19.607963863066384,0.10815819849106369,3.044522437723423
M0562,PT Sinar Inovasi Sejahtera,Electronics,gadget,retailer,Depok,Sawangan,Ya,QRIS + EDC,2025-01-14,aktif,UME,1789291822.0,3.0,0.166387,0.001266139314788526,0.0036089456869009585,8,46.0,0.6666666666666666,0.055462333333333336,45.0,15.0,22.0,3.7,2.0,1,1,1,0,11.25,2.614573836342375,21.305085748908095,0.15391093680548223,3.828641396489095
M0561,Servis Elektronik Bang Fajar,Electronics,accessories,retailer,Bandung,Dago,Ya,QRIS + EDC,2021-01-12,aktif,UMI,26010592.0,1.0,0.09375,0.0007903146453928226,0.0,13,28.0,1.0,0.09375,10.0,8.0,17.0,3.8,2.0,0,0,1,0,5.0,2.1864047484088607,17.074014436088433,0.08961215868968714,2.3978952727983707
M0560,Toko Elektronik Kencana,Electronics,service,retailer,Tangerang,BSD,Ya,QRIS,2021-10-05,aktif,UMI,38661010.0,2.0,0.102632,0.0008508817848442079,0.0036958466453674123,0,44.0,0.0,0.051316,22.0,11.0,22.0,3.2,3.0,0,1,1,0,7.333333333333333,2.252219562673138,17.470342182463053,0.09770004906320855,3.1354942159291497
M0558,Langgeng Teknologi Distribusi,Electronics,accessories,supplier,Jakarta,Sudirman,Ya,QRIS + EDC,2024-01-14,aktif,UKE,532539550.0,6.0,0.358478,0.002895651775378776,0.01427220447284345,15,53.0,0.8333333333333334,0.05974633333333334,38.0,19.0,22.0,3.7,4.0,1,0,1,1,5.428571428571429,3.399746922046936,20.09316772696807,0.30636495542115194,3.6635616461296463
M0557,UD Anugerah Elektronik Mandiri,Electronics,computer,retailer,Bandung,Buah Batu,Ya,QRIS + EDC,2022-10-04,aktif,UKE,706404556.0,5.0,0.283123,0.0021721809820897083,0.012278594249201278,13,28.0,0.8,0.056624600000000004,31.0,11.0,32.0,4.1,3.0,0,1,1,0,5.166666666666667,3.1233252482903584,20.375698658252468,0.24929695009525293,3.4657359027997265
M0556,Grosir Elektronik Anugerah,Electronics,gadget,supplier,Jakarta,Kemang,Ya,QRIS,2026-03-15,aktif,UMI,41919498.0,0.0,0.0,0.0,0.0,-1,0.0,0.0,0.0,0.0,8.0,21.0,4.0,2.0,1,1,1,0,0.0,0.0,17.551261646569767,0.0,0.0
M0555,Sinar Komputer House,Electronics,gadget,retailer,Bandung,Cihampelas,Ya,QRIS + EDC,2025-06-24,aktif,UME,3298469832.0,3.0,0.16919499999999998,0.0012561462678237793,0.004063897763578275,9,20.0,0.3333333333333333,0.05639833333333333,54.0,14.0,47.0,4.0,3.0,0,0,1,0,13.5,2.6072321438216903,21.916724510913102,0.1563154778174828,4.007333185232471
M0554,Kencana Teknologi Distribusi,Electronics,accessories,supplier,Bekasi,Kemang Pratama,Ya,QRIS + EDC,2022-10-30,aktif,UBE,7960498366.0,2.0,0.139945,0.0010837782161426356,0.0010990415335463259,8,46.0,0.5,0.0699725,60.0,17.0,47.0,4.1,5.0,1,0,1,0,20.0,2.471296294462657,22.797757443762443,0.13098001562851194,4.110873864173311
M0553,Sinar Elektronik Distribusi,Electronics,gadget,supplier,Bekasi,Harapan Indah,Ya,QRIS + EDC,2021-09-21,aktif,UKE,735958044.0,4.0,0.240935,0.001562733235432585,0.00585814696485623,17,39.0,0.25,0.06023375,25.0,18.0,29.0,0.0,5.0,0,0,0,0,5.0,2.8110478686914417,20.41668367099227,0.2158651277355115,3.258096538021482
M0552,CV Lentera Teknologi Utama,Electronics,gadget,retailer,Bogor,Bogor Tengah,Ya,QRIS + EDC,2022-01-10,aktif,UKE,938886973.0,3.0,0.18995,0.0013507515259268334,0.002336102236421725,3,76.0,0.6666666666666666,0.06331666666666666,35.0,10.0,22.0,3.6,3.0,0,0,1,0,8.75,2.674666808901362,20.66020566145057,0.17391128943398457,3.58351893845611
M0551,PT Karya Distribusi Sejahtera,Electronics,computer,supplier,Jakarta,Pluit,Ya,QRIS + EDC,2021-03-10,aktif,UBE,6752031456.0,4.0,0.208816,0.0018242424182959229,0.0102185303514377,15,53.0,0.5,0.05220399999999999,59.0,14.0,41.0,3.8,5.0,0,1,1,0,11.8,2.9571174343359035,22.63310925314509,0.18964136815616675,4.0943445622221
M0550,Digital Store Karya,Electronics,computer,retailer,Bandung,Braga,Ya,QRIS + EDC,2025-01-11,aktif,UKE,1121002722.0,2.0,0.125803,0.001148956726623109,0.0004089456869009585,15,53.0,0.5,0.0629015,39.0,18.0,23.0,4.2,4.0,0,1,1,0,13.0,2.5248936771186377,20.83748941011466,0.11849655881595654,3.6888794541139363
M0209,UD Sembada Boga Sejahtera,F&B,cafe,retailer,Jakarta,Pluit,Ya,QRIS,2021-07-21,aktif,UMI,43108727.0,1.0,0.069767,0.0007061711857082573,0.0,9,20.0,1.0,0.069767,17.0,14.0,20.0,4.3,4.0,0,0,1,0,8.5,2.0871259231833403,17.57923604037291,0.06744086775196902,2.8903717578961645
M0208,Kafe Adikara Sukses,F&B,warung,retailer,Bogor,Sentul,Ya,QRIS,2022-11-07,aktif,UMI,29552282.0,0.0,0.0,0.0,0.0,-1,0.0,0.0,0.0,0.0,4.0,6.0,3.5,1.0,0,0,1,0,0.0,0.0,17.201671557715315,0.0,0.0
M0233,CV Mandala Apparel Retailindo,Fashion,textile,retailer,Bekasi,Jababeka,Ya,QRIS + EDC,2022-12-29,aktif,UKE,217200907.0,1.0,0.050847,0.000744838111869575,0.0,12,58.0,0.0,0.050847,19.0,17.0,22.0,4.1,5.0,0,0,1,0,9.5,2.133974839428301,19.196333326494138,0.04959650565540632,2.995732273553991
M0229,Toko Busana Pak Hendra,Fashion,footwear,retailer,Bekasi,Jababeka,Ya,QRIS,2024-07-16,aktif,UKE,369283855.0,3.0,0.238178,0.001554977883866154,0.0011961661341853035,0,44.0,0.0,0.07939266666666667,34.0,10.0,17.0,0.0,3.0,1,1,0,0,8.5,2.8063727385109156,19.727076163730512,0.2136409442178006,3.5553480614894135
M0258,Toko Busana Bu Sari,Fashion,accessories,retailer,Bandung,Setiabudhi,Ya,QRIS,2023-08-17,aktif,UMI,46953086.0,2.0,0.11521600000000001,0.0009766660000806327,0.0014466453674121405,17,39.0,0.5,0.057608000000000006,20.0,15.0,17.0,3.9,1.0,1,1,1,0,6.666666666666667,2.376454322440154,17.664659512255778,0.10904810812349783,3.044522437723423
M0257,Pelita Mode House,Fashion,footwear,retailer,Bogor,Dramaga,Ya,QRIS + EDC,2024-07-21,aktif,UME,2998174849.0,1.0,0.058824,0.0006835104943946234,0.0,0,44.0,1.0,0.058824,43.0,18.0,49.0,4.2,7.0,1,1,1,0,21.5,2.058614269967961,21.82126955714095,0.057158858284294296,3.784189633918261
M0225,UD Sinar Garmen Mandiri,Fashion,textile,retailer,Bogor,Sentul,Ya,QRIS + EDC,2022-03-18,aktif,UME,3371619479.0,7.0,0.426018,0.002602925516433473,0.006783386581469648,3,76.0,0.7142857142857143,0.060859714285714295,40.0,16.0,30.0,4.0,4.0,0,1,1,1,5.0,3.296919804020219,21.93865902374323,0.35488594463333595,3.713572066704308
M0223,Rumah Mode Sentosa,Fashion,clothing,retailer,Tangerang,Alam Sutera,Ya,QRIS,2024-04-02,aktif,UMI,39756697.0,1.0,0.088235,0.00073229749391063,0.0,12,58.0,1.0,0.088235,12.0,16.0,23.0,3.8,3.0,1,0,1,0,6.0,2.1190197557184898,17.49828888801421,0.08455711775775625,2.5649493574615367
M0221,UD Cakrawala Distribusi Indonesia,Fashion,footwear,supplier,Jakarta,Senayan,Ya,QRIS + EDC,2026-01-01,aktif,UME,3672593262.0,3.0,0.153601,0.0015464212158591282,0.005295846645367412,14,29.0,0.3333333333333333,0.05120033333333333,65.0,17.0,54.0,0.0,6.0,0,1,0,0,16.25,2.8011890652204796,22.02416386065242,0.14288835439976688,4.189654742026425
M0219,Atelier Kencana,Fashion,accessories,retailer,Depok,Margonda,Ya,QRIS + EDC,2024-04-21,aktif,UME,3306702692.0,0.0,0.0,0.0,0.0,-1,0.0,0.0,0.0,0.0,8.0,24.0,3.9,3.0,0,1,1,0,0.0,0.0,21.919217364576216,0.0,0.0
M0217,Rumah Mode Pelita,Fashion,clothing,retailer,Bogor,Tanah Sareal,Ya,QRIS,2023-06-02,aktif,UMI,76989336.0,2.0,0.10961,0.0008601842249526828,0.0029546325878594248,0,44.0,0.5,0.054805,19.0,14.0,18.0,3.3,4.0,1,1,1,0,6.333333333333333,2.2619549810555286,18.159177489709165,0.10400860223454371,2.995732273553991
M0216,UD Pelita Mode Sejahtera,Fashion,textile,retailer,Tangerang,Karawaci,Ya,QRIS + EDC,2024-08-08,aktif,UKE,519844369.0,5.0,0.281344,0.0019154857510197544,0.005893929712460064,4,30.0,0.4,0.056268799999999994,29.0,1.0,22.0,0.0,1.0,0,1,0,0,4.833333333333333,3.0034453268441905,20.06904003628248,0.24790952706709715,3.4011973816621555
M0215,Kencana Tekstil Market,Fashion,accessories,retailer,Jakarta,Cempaka Putih,Ya,QRIS + EDC,2023-10-16,aktif,UKE,291690792.0,3.0,0.21163200000000001,0.0014809966856791416,0.0009712460063897763,17,39.0,0.3333333333333333,0.07054400000000001,18.0,19.0,20.0,3.7,5.0,1,1,1,0,4.5,2.7606405548745543,19.491204871089906,0.1919682111790549,2.9444389791664403
M0243,Pusat Tekstil Bu Wati,Fashion,footwear,supplier,Bogor,Sentul,Ya,QRIS + EDC,2025-12-31,aktif,UMI,48908313.0,1.0,0.075,0.0009310740849755674,0.0,15,53.0,1.0,0.075,23.0,17.0,15.0,4.0,3.0,1,1,1,0,11.5,2.333186152843532,17.70545796044316,0.07232066157962612,3.1780538303479458
M0242,CV Pelita Distribusi Internasional,Fashion,footwear,supplier,Tangerang,BSD,Ya,QRIS + EDC,2021-07-08,aktif,UKE,651099422.0,3.0,0.17860600000000001,0.0012648222264582153,0.0031130990415335464,6,16.0,0.3333333333333333,0.05953533333333333,29.0,17.0,22.0,0.0,4.0,1,0,0,0,7.25,2.613609276122442,20.2941729120141,0.16433238419439583,3.4011973816621555
M0533,Sentra Gadget Sahabat,Electronics,accessories,retailer,Tangerang,Alam Sutera,Ya,QRIS,2023-05-10,aktif,UMI,35575100.0,0.0,0.0,0.0,0.0,-1,0.0,0.0,0.0,0.0,8.0,11.0,0.0,1.0,1,0,0,0,0.0,0.0,17.387156541008544,0.0,0.0
M0276,Selaras Apparel House,Fashion,clothing,retailer,Bekasi,Summarecon,Ya,QRIS + EDC,2025-12-13,aktif,UMI,73202022.0,8.0,0.516387,0.0034157733328434186,0.027394249201277955,17,39.0,0.125,0.064548375,22.0,7.0,13.0,4.5,1.0,0,0,1,1,2.4444444444444446,3.5598446034019564,18.10873361516168,0.4163305316873941,3.1354942159291497
M0275,Buana Tekstil House,Fashion,accessories,retailer,Bogor,Dramaga,Ya,QRIS,2025-01-30,aktif,UKE,338008724.0,4.0,0.21896300000000002,0.0015296110366021436,0.008460063897763579,3,76.0,0.75,0.054740750000000005,36.0,8.0,36.0,4.2,2.0,0,0,1,0,7.2,2.7909264514851153,19.638582266723596,0.1980004972903263,3.6109179126442243
M0273,Pusaka Kriya House,Fashion,footwear,retailer,Bogor,Dramaga,Ya,QRIS + EDC,2023-02-22,aktif,UMI,59195332.0,4.0,0.260625,0.001706862816916188,0.009119488817891375,3,76.0,0.75,0.06515625,22.0,10.0,13.0,0.0,3.0,1,1,0,0,4.4,2.8941771841329804,17.896353262287175,0.23160762972633916,3.1354942159291497
M0272,CV Mitra Distribusi Nusantara,Fashion,textile,supplier,Tangerang,Cipondoh,Ya,QRIS + EDC,2022-04-06,aktif,UME,1842131364.0,4.0,0.228207,0.0014758909651972304,0.007084984025559106,12,58.0,0.25,0.05705175,39.0,20.0,63.0,4.1,4.0,1,1,1,0,7.8,2.75740589751685,21.334189088740427,0.20555538229441253,3.6888794541139363
M0518,PT Harmoni Teknologi Internasional,Electronics,accessories,retailer,Bekasi,Grand Galaxy,Ya,QRIS + EDC,2022-11-03,tidak aktif,UBE,7142110592.0,10.0,0.595051,0.0040094334678491845,0.03406006389776358,8,46.0,0.8,0.05950510000000001,45.0,23.0,46.0,0.0,7.0,1,0,0,1,4.090909090909091,3.715870269628595,22.689274170876963,0.46690571064725106,3.828641396489095
M0517,Distributor Gadget Karya,Electronics,accessories,supplier,Bogor,Cibinong,Ya,QRIS + EDC,2021-06-29,aktif,UKE,901686912.0,5.0,0.283966,0.0023456926417949643,0.015422364217252396,15,53.0,0.8,0.0567932,32.0,9.0,32.0,3.7,1.0,1,1,1,0,5.333333333333333,3.1969134648798017,20.619777914668457,0.24995372516639583,3.4965075614664802
M0546,CV Nusantara Gadget Mandiri,Electronics,service,retailer,Bandung,Setiabudhi,Ya,QRIS + EDC,2023-10-26,tidak aktif,UKE,449439714.0,2.0,0.115132,0.0013098182325509812,0.003164217252396166,9,20.0,0.5,0.057566,15.0,6.0,27.0,4.1,4.0,0,1,1,0,5.0,2.646045875989706,19.923512287197543,0.10897278355527822,2.772588722239781
M0545,Sinar Gadget Distribusi,Electronics,service,supplier,Jakarta,Senayan,Ya,QRIS + EDC,2024-01-19,aktif,UME,4100000000.0,5.0,0.315099,0.0023639750463590975,0.014098402555910543,18,41.0,0.6,0.0630198,47.0,15.0,47.0,0.0,4.0,1,1,0,0,7.833333333333333,3.2043610113247105,22.134252810900577,0.27391194796704427,3.871201010907891
M0544,Sentra Gadget Sembada,Electronics,accessories,retailer,Bekasi,Grand Galaxy,Ya,QRIS,2021-05-08,aktif,UMI,30269228.0,0.0,0.0,0.0,0.0,-1,0.0,0.0,0.0,0.0,6.0,24.0,0.0,2.0,1,0,0,0,0.0,0.0,17.225642209910383,0.0,0.0
M0543,Komputer Adikara Baru,Electronics,gadget,retailer,Bekasi,Kemang Pratama,Ya,QRIS + EDC,2024-10-24,tidak aktif,UMI,100293240.0,1.0,0.058824,0.0005724711021100214,0.0,12,58.0,0.0,0.058824,15.0,12.0,14.0,3.0,2.0,1,0,1,0,7.5,1.9057889537245127,18.42360886282501,0.057158858284294296,2.772588722239781
M0542,CV Jelita Komputer Sentosa,Electronics,service,retailer,Bogor,Tanah Sareal,Ya,QRIS + EDC,2023-06-04,aktif,UME,2227066387.0,3.0,0.15458,0.0011072315548062083,0.005643450479233227,3,76.0,0.3333333333333333,0.051526666666666665,48.0,18.0,22.0,4.3,9.0,1,1,1,0,12.0,2.4909148599627415,21.523951035284725,0.1437366414783856,3.8918202981106265
M0539,CV Nusantara Gadget Niaga Raya,Electronics,computer,retailer,Jakarta,Pluit,Ya,QRIS + EDC,2022-11-03,aktif,UME,2997060216.0,5.0,0.290443,0.0022933655040274425,0.015115654952076677,9,20.0,0.6,0.058088600000000004,45.0,21.0,38.0,0.0,7.0,1,1,0,0,7.5,3.1752856290899247,21.820897717504845,0.25498557027428315,3.828641396489095
M0537,Pusat Komponen Arunika Sukses,Electronics,accessories,supplier,Bogor,Tanah Sareal,Ya,QRIS,2022-12-25,aktif,UMI,91466007.0,2.0,0.12779000000000001,0.0009456236275852602,0.0012779552715654952,3,76.0,1.0,0.06389500000000001,24.0,12.0,25.0,3.7,3.0,1,0,1,0,8.0,2.3471985732216014,18.331477963955784,0.12025996553127599,3.2188758248682006
M0535,PT Pelita Distribusi Internasional,Electronics,computer,supplier,Depok,Cinere,Ya,QRIS + EDC,2022-04-10,aktif,UBE,8969056540.0,6.0,0.348295,0.002296757028673726,0.007933546325878595,7,67.0,0.5,0.05804916666666667,49.0,17.0,49.0,0.0,6.0,0,1,0,1,7.0,3.176701678549976,22.91704632810968,0.29884083127750843,3.912023005428146
M0238,PT Buana Distribusi Niaga Raya,Fashion,accessories,supplier,Bekasi,Grand Galaxy,Ya,QRIS + EDC,2025-06-05,aktif,UME,2563941072.0,3.0,0.180888,0.0013725501516425372,0.003828753993610224,8,46.0,1.0,0.06029600000000001,33.0,19.0,42.0,4.0,5.0,1,1,1,0,8.25,2.689580787798094,21.664811393291437,0.16626669783242307,3.5263605246161616
M0520,Grosir Elektronik Kencana,Electronics,accessories,supplier,Tangerang,BSD,Ya,QRIS,2022-01-24,aktif,UKE,482052048.0,4.0,0.26340800000000003,0.0018936300817556984,0.001906709265175719,12,58.0,1.0,0.065852,28.0,14.0,30.0,3.8,2.0,0,1,1,0,5.6,2.9925422316543737,19.993562651662042,0.23381283158209226,3.367295829986474
M0519,Komputer Jelita Maju,Electronics,gadget,retailer,Tangerang,Karawaci,Ya,QRIS + EDC,2024-04-02,aktif,UKE,347232938.0,4.0,0.251526,0.0018304491527253671,0.005275399361022364,12,58.0,1.0,0.0628815,41.0,8.0,21.0,3.8,1.0,0,0,1,0,8.2,2.9603377904547257,19.665506406642262,0.2243636067438092,3.7376696182833684
M0269,Supplier Busana Prima,Fashion,textile,supplier,Bogor,Dramaga,Ya,QRIS,2021-10-05,aktif,UMI,71796558.0,4.0,0.23381500000000002,0.001470764571174315,0.0016,3,76.0,1.0,0.058453750000000006,18.0,9.0,21.0,0.0,3.0,0,1,0,0,3.6,2.754147581823203,18.089347108078936,0.21011099528150226,2.9444389791664403
M0266,CV Nusantara Kriya Persada,Fashion,footwear,retailer,Tangerang,Cipondoh,Ya,QRIS + EDC,2021-06-22,aktif,UKE,945132249.0,7.0,0.39840600000000004,0.002601161512001125,0.016853674121405753,12,58.0,0.7142857142857143,0.056915142857142866,31.0,20.0,26.0,0.0,3.0,0,0,0,1,3.875,3.2962669631293453,20.666835422756282,0.3353330165277783,3.4657359027997265
M0263,Butik Nusantara Sukses,Fashion,clothing,retailer,Jakarta,Tebet,Ya,QRIS + EDC,2023-08-30,aktif,UKE,578951433.0,5.0,0.29135700000000003,0.0024888843673952334,0.010601916932907348,14,29.0,0.8,0.05827140000000001,36.0,12.0,22.0,3.6,2.0,0,1,1,0,6.0,3.253812129728261,20.17672915291732,0.255693603459025,3.6109179126442243
M0262,Butik Mitra Baru,Fashion,textile,retailer,Tangerang,Karawaci,Ya,QRIS + EDC,2021-09-16,aktif,UMI,50029932.0,2.0,0.103479,0.0008168498588867841,0.0012268370607028754,12,58.0,1.0,0.0517395,15.0,19.0,26.0,0.0,5.0,1,1,0,0,5.0,2.2157735420961626,17.72813204426701,0.09846791617562252,2.772588722239781
M0261,Butik Mahardika Mandiri,Fashion,textile,retailer,Tangerang,Gading Serpong,Ya,QRIS,2024-07-25,aktif,UMI,52936004.0,0.0,0.0,0.0,0.0,-1,0.0,0.0,0.0,0.0,14.0,30.0,0.0,3.0,1,1,0,0,0.0,0.0,17.784594289127707,0.0,0.0
M0289,Atelier Prima,Fashion,textile,retailer,Jakarta,Thamrin,Ya,QRIS + EDC,2025-04-08,aktif,UKE,446004304.0,3.0,0.212184,0.0015698439970231264,0.0014466453674121405,5,19.0,0.6666666666666666,0.070728,39.0,26.0,34.0,4.4,5.0,1,0,1,0,9.75,2.8153153001030486,19.915839162404122,0.19242369130588238,3.6888794541139363
M0288,Galeri Fashion Bintang,Fashion,footwear,retailer,Jakarta,Cempaka Putih,Ya,QRIS,2025-02-08,aktif,UMI,36652102.0,2.0,0.11054800000000001,0.0008563714683076046,0.006144408945686901,15,53.0,0.0,0.055274000000000004,23.0,17.0,14.0,3.3,2.0,1,1,1,0,7.666666666666667,2.2579762167667305,17.416981365278286,0.10485358719129992,3.1780538303479458
M0256,Arunika Garmen Store,Fashion,footwear,retailer,Tangerang,Gading Serpong,Ya,QRIS,2021-08-02,tidak aktif,UMI,55628256.0,3.0,0.17810399999999998,0.001323437786618264,0.0036498402555910545,12,58.0,0.3333333333333333,0.059368,16.0,12.0,20.0,3.9,3.0,1,1,1,0,4.0,2.6556600152566756,17.83420184954552,0.1639063665616855,2.833213344056216
M0254,Toko Busana Mas Dimas,Fashion,clothing,retailer,Jakarta,Menteng,Ya,QRIS,2025-07-24,aktif,UMI,31753127.0,0.0,0.0,0.0,0.0,-1,0.0,0.0,0.0,0.0,6.0,16.0,0.0,1.0,1,1,0,0,0.0,0.0,17.273501798135268,0.0,0.0
M0252,Galeri Fashion Pelita,Fashion,clothing,retailer,Jakarta,Pluit,Ya,QRIS + EDC,2021-12-17,aktif,UKE,381890248.0,1.0,0.066667,0.0006883787859979643,0.0,15,53.0,1.0,0.066667,30.0,11.0,30.0,0.0,4.0,1,0,0,0,15.0,2.064808481264788,19.76064381900777,0.06453883363752234,3.4339872044851463
M0250,Toko Busana Pak Surya,Fashion,clothing,retailer,Depok,Margonda,Ya,QRIS,2022-04-15,aktif,UMI,19935313.0,2.0,0.11818200000000001,0.0009601729618124495,0.0,7,67.0,1.0,0.059091000000000005,14.0,7.0,15.0,3.9,2.0,1,0,1,0,4.666666666666667,2.3610171593281755,16.808003289864917,0.11170415218161407,2.70805020110221
M0249,CV Adikara Distribusi Mandiri,Fashion,accessories,supplier,Bogor,Tanah Sareal,Ya,QRIS + EDC,2025-11-13,aktif,UKE,313231133.0,6.0,0.347439,0.0022419180869683044,0.012140575079872205,3,76.0,0.6666666666666666,0.0579065,26.0,13.0,25.0,0.0,2.0,0,0,0,1,3.7142857142857144,3.153555381882547,19.56245192327073,0.2982057537596447,3.295836866004329
M0248,Supplier Busana Kencana,Fashion,clothing,supplier,Depok,Margonda,Ya,QRIS + EDC,2025-12-17,aktif,UKE,1050674116.0,2.0,0.112873,0.0011638336876883834,0.003164217252396166,12,58.0,1.0,0.0564365,42.0,12.0,37.0,3.8,4.0,1,1,1,0,14.0,2.536734803865905,20.77269781130209,0.10694495976305424,3.7612001156935624
M0278,Gemilang Apparel Center,Fashion,footwear,retailer,Tangerang,BSD,Ya,QRIS,2024-01-17,aktif,UMI,61586804.0,1.0,0.050847,0.000537655497825351,0.0,12,58.0,0.0,0.050847,15.0,14.0,14.0,3.3,2.0,0,0,1,0,7.5,1.852627979458706,17.935958201013225,0.04959650565540632,2.772588722239781
M0277,Grosir Kain Gemilang,Fashion,accessories,supplier,Bekasi,Jababeka,Ya,QRIS,2021-10-12,aktif,UMI,19424718.0,0.0,0.0,0.0,0.0,-1,0.0,0.0,0.0,0.0,18.0,16.0,3.0,5.0,0,1,1,0,0.0,0.0,16.782056988218887,0.0,0.0
M0308,PT Harmoni Mode Nusantara,Fashion,clothing,retailer,Tangerang,Gading Serpong,Ya,QRIS + EDC,2023-01-23,aktif,UME,2617778717.0,8.0,0.477192,0.0031120144026304435,0.024659424920127796,0,44.0,0.375,0.05964900000000001,46.0,10.0,33.0,3.9,3.0,0,1,1,1,5.111111111111111,3.4694833730754953,21.685591977561593,0.3901429883303743,3.8501476017100584
M0306,Prima Apparel House,Fashion,footwear,retailer,Jakarta,Senayan,Ya,QRIS + EDC,2023-12-10,aktif,UKE,323795754.0,2.0,0.14147300000000002,0.0012339391706991188,0.001901597444089457,14,29.0,0.5,0.07073650000000001,29.0,19.0,22.0,4.0,3.0,1,1,1,0,9.666666666666666,2.590721440271731,19.595623489177463,0.13231953361993243,3.4011973816621555
M0305,PT Jelita Busana Niaga Raya,Fashion,textile,retailer,Bogor,Cibinong,Ya,QRIS + EDC,2022-04-20,aktif,UME,2443682650.0,4.0,0.223006,0.0015442433497755421,0.011925878594249201,17,39.0,0.5,0.0557515,46.0,24.0,39.0,3.7,7.0,1,0,1,0,9.2,2.799865401651538,21.61677202162508,0.20131176266192993,3.8501476017100584
M0303,UD Sejahtera Garmen Sentosa,Fashion,textile,retailer,Depok,Margonda,Ya,QRIS + EDC,2022-03-27,aktif,UKE,562415605.0,2.0,0.130253,0.0009023405469205612,0.000270926517571885,7,67.0,0.5,0.0651265,24.0,10.0,22.0,4.0,3.0,0,1,1,0,8.0,2.304922905101138,20.147751647008878,0.12244150146908143,3.2188758248682006
M0502,Anugerah Teknologi Distribusi,Electronics,computer,supplier,Bandung,Buah Batu,Ya,QRIS,2021-04-01,aktif,UKE,265994939.0,3.0,0.206433,0.0014275806529706432,0.0014926517571884983,4,30.0,0.6666666666666666,0.068811,25.0,14.0,43.0,3.9,3.0,1,0,1,0,6.25,2.7262703042992,19.39898784400865,0.18766807200884356,3.258096538021482
M0531,Gadget Corner Jelita,Electronics,service,retailer,Bogor,Tanah Sareal,Ya,QRIS + EDC,2022-08-17,aktif,UMI,48088459.0,3.0,0.213374,0.0018579385473028215,0.010826837060702876,0,44.0,0.6666666666666666,0.07112466666666667,21.0,20.0,18.0,3.3,2.0,0,0,1,0,5.25,2.974477251166941,17.688552789451425,0.19340490890239131,3.091042453358316
M0529,UD Buana Distribusi Indonesia,Electronics,gadget,supplier,Bekasi,Harapan Indah,Ya,QRIS + EDC,2021-05-18,aktif,UKE,486106358.0,1.0,0.052632,0.0006670071687284707,0.0,14,29.0,1.0,0.052632,21.0,15.0,16.0,4.1,3.0,1,1,1,0,10.5,2.037325961787209,20.001938003600557,0.05129369438747053,3.091042453358316
M0527,Komputer Bintang Juara,Electronics,computer,retailer,Bekasi,Jababeka,Ya,QRIS + EDC,2022-05-10,aktif,UKE,388146690.0,2.0,0.11527799999999999,0.0009101033334676556,0.0025610223642172523,10,26.0,1.0,0.057638999999999996,36.0,11.0,22.0,3.4,4.0,1,1,1,0,12.0,2.312637728977881,19.77689389572488,0.1091037011894428,3.6109179126442243
M0526,Sentra Gadget Makmur,Electronics,accessories,retailer,Tangerang,Gading Serpong,Ya,QRIS,2022-07-29,aktif,UKE,423918348.0,3.0,0.181002,0.0014017100116687688,0.003547603833865815,1,29.0,0.6666666666666666,0.060334,37.0,11.0,21.0,0.0,4.0,0,1,0,0,9.25,2.7091895595659574,19.865051421538443,0.16636323069389292,3.6375861597263857
M0525,Buana Teknologi Center,Electronics,computer,retailer,Tangerang,Karawaci,Ya,QRIS,2022-04-13,aktif,UKE,951902429.0,1.0,0.060606,0.000644858424115886,0.0,9,20.0,1.0,0.060606,41.0,13.0,41.0,0.0,4.0,1,1,0,0,20.5,2.008023979588801,20.673973098007433,0.058840442880074666,3.7376696182833684
M0523,Nawasena Gadget Distribusi,Electronics,service,supplier,Bekasi,Kemang Pratama,Ya,QRIS + EDC,2023-12-21,aktif,UKE,700848907.0,4.0,0.233143,0.0016831658957715406,0.014037060702875399,17,39.0,0.75,0.05828575,25.0,11.0,29.0,4.2,3.0,0,0,1,0,5.0,2.8809754706043225,20.367802883964114,0.20956619474852092,3.258096538021482
M0522,CV Adikara Distribusi Sentosa,Electronics,service,supplier,Depok,Cinere,Ya,QRIS + EDC,2021-02-16,aktif,UME,2833209837.0,4.0,0.23564000000000002,0.0015790059816535083,0.005275399361022364,12,58.0,0.75,0.058910000000000004,47.0,12.0,57.0,0.0,4.0,1,0,0,0,9.4,2.820787033711756,21.764676124236413,0.21158905447452273,3.871201010907891
M0521,Sentra Gadget Sinar,Electronics,service,retailer,Tangerang,BSD,Ya,QRIS,2024-12-19,aktif,UMI,44619151.0,5.0,0.286783,0.0021422752780499658,0.012677316293929713,1,29.0,0.6,0.057356599999999994,28.0,11.0,14.0,0.0,1.0,0,0,0,0,4.666666666666667,3.1100761924663622,17.61367374185754,0.2521453052292566,3.367295829986474
M0294,Atelier Sinar,Fashion,textile,retailer,Jakarta,Pluit,Ya,QRIS,2025-08-04,aktif,UMI,19806722.0,2.0,0.100847,0.0008607398499232648,0.0028115015974440895,5,19.0,0.5,0.0504235,15.0,10.0,24.0,4.2,1.0,1,1,1,0,5.0,2.262533478658161,16.801531983486797,0.09607988350641469,2.772588722239781
M0293,Atelier Nawasena,Fashion,clothing,retailer,Tangerang,Karawaci,Ya,QRIS + EDC,2024-03-18,aktif,UMI,87888305.0,8.0,0.500049,0.003189811700483275,0.02588626198083067,12,58.0,0.25,0.062506125,19.0,11.0,29.0,0.0,3.0,0,0,0,1,2.111111111111111,3.493415422237743,18.291577316262465,0.4054977742412871,2.995732273553991
M0324,Grosir Kain Kencana,Fashion,textile,supplier,Jakarta,Thamrin,Ya,QRIS + EDC,2023-07-16,tidak aktif,UMI,48585967.0,4.0,0.271963,0.0019412097199699569,0.0031437699680511182,18,41.0,0.75,0.06799075,16.0,14.0,9.0,3.7,2.0,1,0,1,0,3.2,3.016127725080431,17.698845322902006,0.24056137644455042,2.833213344056216
M0323,Sejahtera Busana Distribusi,Fashion,clothing,supplier,Tangerang,Karawaci,Ya,QRIS + EDC,2022-07-14,aktif,UME,1710666619.0,3.0,0.156269,0.001123929251195643,0.004728434504792332,5,19.0,0.6666666666666666,0.052089666666666666,32.0,12.0,33.0,3.9,4.0,1,0,1,0,8.0,2.5046514741028707,21.260148967751878,0.14519844214191938,3.4965075614664802
M0321,Jelita Garmen House,Fashion,textile,retailer,Bogor,Bogor Tengah,Ya,QRIS + EDC,2026-01-01,tidak aktif,UKE,494834145.0,5.0,0.280243,0.0017173574109058665,0.012122683706070288,3,76.0,0.8,0.056048600000000004,33.0,22.0,31.0,0.0,6.0,0,1,0,0,5.5,2.899968566920146,20.019733205802435,0.24704990366348148,3.5263605246161616
M0320,Konveksi Nusantara Abadi,Fashion,clothing,supplier,Bogor,Cibinong,Ya,QRIS,2023-03-13,aktif,UKE,320972257.0,5.0,0.329483,0.0019148843772471495,0.002208306709265176,3,76.0,0.8,0.0658966,21.0,12.0,40.0,3.7,4.0,1,1,1,0,3.5,3.003146905727554,19.586865253683538,0.2847901448572456,3.091042453358316
M0319,PT Buana Mode Sentosa,Fashion,clothing,retailer,Bogor,Sentul,Ya,QRIS + EDC,2023-12-31,aktif,UBE,5931416537.0,7.0,0.39129800000000003,0.0025365381925968513,0.02090223642172524,3,76.0,0.8571428571428571,0.05589971428571428,51.0,23.0,50.0,4.2,6.0,0,1,1,1,6.375,3.272051858975311,22.503528897989447,0.3302371243601686,3.9512437185814275
M0318,Konveksi Pelita Abadi,Fashion,textile,supplier,Bekasi,Kemang Pratama,Ya,QRIS + EDC,2021-09-13,aktif,UMI,41415178.0,1.0,0.06,0.0006339865279118264,0.0,8,46.0,0.0,0.06,18.0,17.0,15.0,0.0,4.0,0,0,0,0,9.0,1.9933204881144204,17.53915801411068,0.05826890812397577,2.9444389791664403
M0286,Langgeng Busana Center,Fashion,footwear,retailer,Tangerang,Gading Serpong,Ya,QRIS + EDC,2021-12-05,aktif,UKE,495547100.0,5.0,0.299914,0.001905341715610052,0.015550159744408945,12,58.0,0.6,0.0599828,23.0,25.0,23.0,0.0,5.0,0,0,0,0,3.8333333333333335,2.9983995709564533,20.021172964734298,0.26229810843307505,3.1780538303479458
M0285,Grosir Kain Sinar,Fashion,accessories,supplier,Depok,Sawangan,Ya,QRIS,2024-03-25,aktif,UMI,84643763.0,1.0,0.066667,0.001594896331738437,0.0,16,2.0,1.0,0.066667,19.0,11.0,13.0,4.3,2.0,1,1,1,0,9.5,2.8302066707397744,18.253961995784906,0.06453883363752234,2.995732273553991
M0284,Busana Selaras Jaya,Fashion,clothing,retailer,Tangerang,Cipondoh,Ya,QRIS,2024-02-22,aktif,UMI,104212807.0,4.0,0.22815000000000002,0.0016813788790833535,0.008383386581469648,14,29.0,0.75,0.057037500000000005,30.0,7.0,22.0,4.1,1.0,0,0,1,0,6.0,2.879972808581107,18.46194559719622,0.20550897210240038,3.4339872044851463
M0283,Lentera Apparel House,Fashion,textile,retailer,Tangerang,Alam Sutera,Ya,QRIS + EDC,2021-08-10,aktif,UME,2816881472.0,5.0,0.31556300000000004,0.0020398876076558005,0.008858785942492012,7,67.0,0.8,0.06311259999999999,43.0,15.0,41.0,3.9,4.0,1,0,1,0,7.166666666666667,3.0633384008615843,21.75889624934309,0.2742647108874132,3.784189633918261
M0282,Selaras Busana Store,Fashion,footwear,retailer,Depok,Cinere,Ya,QRIS,2021-05-15,aktif,UKE,600242272.0,1.0,0.066667,0.001594896331738437,0.0,16,2.0,1.0,0.066667,29.0,19.0,18.0,3.7,2.0,1,1,1,0,14.5,2.8302066707397744,20.212843920013185,0.06453883363752234,3.4011973816621555
M0281,Atelier Sembada,Fashion,clothing,retailer,Bandung,Buah Batu,Ya,QRIS,2021-08-01,aktif,UMI,67380897.0,2.0,0.146429,0.001080842361836092,0.0006952076677316294,10,26.0,0.5,0.0732145,16.0,13.0,16.0,3.7,3.0,1,1,1,0,5.333333333333333,2.4688131427533007,18.025872123250725,0.13665189379247208,2.833213344056216
M0280,Toko Busana Pak Joko,Fashion,footwear,retailer,Bekasi,Harapan Indah,Ya,QRIS + EDC,2025-07-14,aktif,UKE,779830213.0,4.0,0.255205,0.0019368663317525282,0.00652779552715655,18,41.0,0.75,0.06380125,31.0,17.0,33.0,3.5,3.0,0,1,1,0,6.2,3.013997607934675,20.474586779594436,0.2272989058576876,3.4657359027997265
M0279,Grosir Kain Berkah,Fashion,accessories,supplier,Depok,Cimanggis,Ya,QRIS,2025-04-09,aktif,UMI,113445313.0,6.0,0.410385,0.002496270273669002,0.005045367412140575,7,67.0,0.8333333333333334,0.0683975,31.0,13.0,13.0,3.1,3.0,1,0,1,1,4.428571428571429,3.256660997999475,18.546831463797623,0.343862716764197,3.4657359027997265
M0315,Butik Kencana Mandiri,Fashion,clothing,retailer,Tangerang,Cipondoh,Ya,QRIS,2025-10-04,aktif,UMI,43310176.0,6.0,0.408412,0.0024902836927717066,0.005173162939297125,12,58.0,0.6666666666666666,0.06806866666666667,29.0,20.0,24.0,3.9,3.0,1,0,1,1,4.142857142857143,3.2543524965957835,17.583898199998437,0.3424628285691938,3.4011973816621555
M0314,Selaras Mode Center,Fashion,footwear,retailer,Depok,Sawangan,Ya,QRIS + EDC,2023-08-14,aktif,UKE,722379135.0,3.0,0.180953,0.0013235012508500648,0.006364217252396167,17,39.0,1.0,0.060317666666666665,29.0,25.0,32.0,4.0,3.0,0,1,1,0,7.25,2.6557045994440966,20.39806067814388,0.1663217396409245,3.4011973816621555
M0313,Atelier Berseri,Fashion,footwear,retailer,Depok,Cinere,Ya,QRIS,2023-07-11,aktif,UMI,53440036.0,3.0,0.19451200000000002,0.0013010079831946282,0.0004907348242811501,7,67.0,0.6666666666666666,0.06483733333333334,20.0,4.0,12.0,3.9,2.0,1,0,1,0,5.0,2.639777058544407,17.794070779557693,0.17773773377763605,3.044522437723423
M0312,Butik Mentari Utama,Fashion,clothing,retailer,Bekasi,Grand Galaxy,Ya,QRIS,2021-03-08,aktif,UMI,55914518.0,1.0,0.058824,0.0005461898562589731,0.0,3,76.0,1.0,0.058824,20.0,12.0,23.0,3.9,5.0,1,0,1,0,10.0,1.8659231697535235,17.839334636064585,0.057158858284294296,3.044522437723423
M0310,UD Mahardika Distribusi Sentosa,Fashion,clothing,supplier,Bogor,Sentul,Ya,QRIS,2023-07-29,aktif,UMI,19726399.0,4.0,0.270865,0.0017449248696193625,0.004820447284345048,3,76.0,1.0,0.06771624999999999,17.0,7.0,12.0,4.4,1.0,1,1,1,0,3.4,2.9150236485838943,16.797468398096424,0.2396977709877582,2.8903717578961645
M0309,Pusat Tekstil Mas Dimas,Fashion,accessories,supplier,Bogor,Tanah Sareal,Ya,QRIS,2025-12-17,aktif,UMI,63863511.0,7.0,0.412885,0.0026953477660395905,0.022021725239616614,3,76.0,0.8571428571428571,0.05898357142857142,26.0,17.0,26.0,3.9,4.0,0,1,1,1,3.25,3.3305416162043655,17.972258739040946,0.3456337132706754,3.295836866004329
M0339,UD Harmoni Apparel Sejahtera,Fashion,textile,retailer,Bandung,Buah Batu,Ya,QRIS,2022-08-15,aktif,UMI,48903329.0,2.0,0.157894,0.0014797272653549914,0.003164217252396166,13,28.0,0.5,0.078947,18.0,13.0,16.0,3.8,2.0,0,1,1,0,6.0,2.759837308268986,17.705356050286035,0.14660283782803657,2.9444389791664403
M0338,PT Harmoni Mode Indonesia,Fashion,clothing,retailer,Bandung,Dago,Ya,QRIS + EDC,2025-10-01,aktif,UME,2675086874.0,3.0,0.162075,0.0012072226643288623,0.008572523961661341,12,58.0,0.3333333333333333,0.054025,42.0,11.0,33.0,0.0,4.0,1,0,0,0,10.5,2.5704898760402193,21.70724769340254,0.15020720023669734,3.7612001156935624
M0336,PT Bintang Garmen Niaga Raya,Fashion,textile,retailer,Tangerang,Cipondoh,Ya,QRIS + EDC,2021-06-14,aktif,UME,1844682008.0,5.0,0.30600700000000003,0.0019432352267747146,0.00474888178913738,12,58.0,0.6,0.0612014,47.0,12.0,44.0,0.0,5.0,1,1,0,0,7.833333333333333,3.0171195401237023,21.335572746738915,0.26697439071736373,3.871201010907891
M0334,Sinar Tekstil Distribusi,Fashion,accessories,supplier,Bogor,Bogor Tengah,Ya,QRIS + EDC,2022-11-28,aktif,UMI,17971922.0,3.0,0.180119,0.0013141882022328069,0.005137380191693291,3,76.0,0.6666666666666666,0.060039666666666665,17.0,16.0,14.0,3.8,3.0,1,0,1,0,4.25,2.6491407507860627,16.704321264720544,0.16561528085043753,2.8903717578961645
M0302,Rumah Mode Arunika,Fashion,accessories,retailer,Jakarta,Menteng,Ya,QRIS,2021-11-24,aktif,UMI,32963242.0,1.0,0.05,0.0005580309696414702,0.0,18,41.0,1.0,0.05,16.0,11.0,11.0,0.0,3.0,0,0,0,0,8.0,1.884081810554064,17.310903650155662,0.048790164169432,2.833213344056216
M0300,UD Gemilang Distribusi Persada,Fashion,footwear,supplier,Bekasi,Jababeka,Ya,QRIS + EDC,2023-07-25,aktif,UKE,843220808.0,2.0,0.129032,0.0010612537293395153,0.0005111821086261981,17,39.0,0.5,0.064516,29.0,10.0,26.0,3.8,3.0,1,0,1,0,9.666666666666666,2.452085315622004,20.552739414052173,0.12136062843281274,3.4011973816621555
M0299,CV Gemilang Distribusi Retailindo,Fashion,clothing,supplier,Tangerang,Cipondoh,Ya,QRIS,2025-12-26,aktif,UKE,391296751.0,4.0,0.249091,0.0017416533655581993,0.004713099041533547,12,58.0,0.5,0.062272749999999995,33.0,24.0,23.0,3.8,6.0,0,1,1,0,6.6,2.9132488293823315,19.78497678660952,0.2224160867760339,3.5263605246161616
M0298,Konveksi Prima Cemerlang,Fashion,clothing,supplier,Jakarta,Menteng,Ya,QRIS,2023-07-14,aktif,UMI,69168922.0,0.0,0.0,0.0,0.0,-1,0.0,0.0,0.0,0.0,15.0,16.0,4.2,5.0,0,1,1,0,0.0,0.0,18.05206223012159,0.0,0.0
M0296,Jelita Busana Store,Fashion,textile,retailer,Tangerang,Cipondoh,Ya,QRIS + EDC,2026-02-28,aktif,UME,2643850797.0,3.0,0.184005,0.00128385825807975,0.003194888178913738,6,16.0,0.0,0.061335,45.0,19.0,39.0,3.9,5.0,1,1,1,0,11.25,2.6274605302625202,21.695502326935124,0.16890275942587019,3.828641396489095
M0295,UD Cakrawala Distribusi Retailindo,Fashion,footwear,supplier,Depok,Sawangan,Ya,QRIS + EDC,2025-12-07,aktif,UME,1810019475.0,7.0,0.417447,0.0026816769328087517,0.02449073482428115,12,58.0,0.5714285714285714,0.05963528571428571,46.0,10.0,31.0,0.0,3.0,0,0,0,1,5.75,3.3256390520771726,21.31660344238725,0.3488573661500321,3.8501476017100584
M0353,Swalayan Berseri Bersama,Grocery,distributor,retailer,Bekasi,Kemang Pratama,Ya,QRIS + EDC,2024-04-02,aktif,UMI,44721485.0,3.0,0.160998,0.0012780603441229182,0.008122683706070288,5,19.0,1.0,0.053666,28.0,14.0,22.0,4.1,4.0,1,0,1,0,7.0,2.6232620557173627,17.61596461523937,0.14927998006138524,3.367295829986474
M0352,Agen Pangan Cakrawala,Grocery,distributor,supplier,Jakarta,Kemang,Ya,QRIS + EDC,2022-04-21,aktif,UKE,347226917.0,4.0,0.281345,0.002129010831117218,0.006676038338658147,8,46.0,1.0,0.07033625,22.0,16.0,38.0,3.5,5.0,1,1,1,0,4.4,3.104143006568214,19.66548906654711,0.24791030749734058,3.1354942159291497
M0350,PT Sinar Mode Sejahtera,Fashion,footwear,retailer,Jakarta,Thamrin,Ya,QRIS + EDC,2026-01-22,aktif,UME,2255069889.0,3.0,0.178093,0.001333853685508589,0.004984025559105432,5,19.0,0.6666666666666666,0.05936433333333333,49.0,17.0,42.0,4.5,5.0,1,1,1,0,12.25,2.662950797545024,21.536446802768886,0.16389702948163654,3.912023005428146
M0486,Buana Pangan Distribusi,Grocery,supermarket,supplier,Bandung,Buah Batu,Ya,QRIS,2025-08-02,aktif,UKE,464924156.0,1.0,0.050847,0.0005788229612424226,0.0,9,20.0,0.0,0.050847,23.0,18.0,22.0,4.2,5.0,1,1,1,0,11.5,1.9151901730262009,19.957384847023047,0.04959650565540632,3.1780538303479458
M0485,Grosir Sembako Adikara,Grocery,supermarket,supplier,Depok,Cinere,Ya,QRIS,2023-07-06,aktif,UMI,26766603.0,4.0,0.254218,0.001676320771038672,0.005939936102236421,17,39.0,1.0,0.0635545,19.0,13.0,16.0,4.0,3.0,1,1,1,0,3.8,2.8771293355787972,17.102665549025716,0.22651227080182343,2.995732273553991
M0516,Gadget Corner Selaras,Electronics,accessories,retailer,Jakarta,Kemang,Ya,QRIS,2025-07-09,aktif,UMI,27977242.0,0.0,0.0,0.0,0.0,-1,0.0,0.0,0.0,0.0,6.0,22.0,4.0,3.0,1,1,1,0,0.0,0.0,17.14690198767913,0.0,0.0
M0515,Digital Store Mahardika,Electronics,computer,retailer,Jakarta,Menteng,Ya,QRIS + EDC,2024-10-23,aktif,UME,2903870786.0,3.0,0.162658,0.001208041637131611,0.005945047923322684,0,44.0,0.3333333333333333,0.054219333333333335,50.0,16.0,50.0,3.9,4.0,1,0,1,0,12.5,2.571116178191831,21.789310438084325,0.15070876322240098,3.9318256327243257
M0514,Toko Elektronik Langgeng,Electronics,computer,retailer,Depok,Cimanggis,Ya,QRIS + EDC,2022-04-16,aktif,UKE,924367516.0,2.0,0.118966,0.0009518983073259578,0.0011501597444089457,7,67.0,1.0,0.059483,32.0,18.0,27.0,4.1,7.0,1,1,1,0,10.666666666666666,2.353181536597137,20.644620296197115,0.11240504459650572,3.4965075614664802
M0513,Pusat Komponen Berseri Sukses,Electronics,accessories,supplier,Bekasi,Grand Galaxy,Ya,QRIS,2023-08-24,aktif,UMI,89320688.0,1.0,0.061224,0.0006768593687510724,0.0,17,39.0,1.0,0.061224,15.0,6.0,29.0,0.0,2.0,1,0,0,0,7.5,2.0500891554000567,18.307743698744368,0.0594229589322327,2.772588722239781
M0511,Supplier Komputer Sejahtera,Electronics,computer,supplier,Jakarta,Sudirman,Ya,QRIS + EDC,2024-06-19,aktif,UKE,931391049.0,3.0,0.205357,0.0015511281716751027,0.005132268370607029,0,44.0,0.3333333333333333,0.06845233333333334,29.0,21.0,48.0,3.8,6.0,1,0,1,0,7.25,2.80404388767171,20.652189779275915,0.18677578862480937,3.4011973816621555
M0508,Supplier Komputer Langgeng,Electronics,gadget,supplier,Bandung,Dago,Ya,QRIS + EDC,2022-11-25,aktif,UKE,272242060.0,6.0,0.391573,0.002705987141567947,0.014215974440894568,13,28.0,0.8333333333333334,0.06526216666666666,25.0,8.0,22.0,4.3,3.0,0,1,1,1,3.5714285714285716,3.3343404921862483,19.422202158654276,0.33043476198037824,3.258096538021482
M0507,Toko Elektronik Bintang,Electronics,gadget,retailer,Bogor,Sentul,Ya,QRIS + EDC,2022-05-05,aktif,UKE,884787513.0,10.0,0.616874,0.0037393682714527265,0.02606517571884984,3,76.0,0.9,0.0616874,33.0,25.0,45.0,0.0,3.0,0,1,0,1,3.0,3.647892933417473,20.60085807696912,0.4804946554809649,3.5263605246161616
M0506,Grosir Elektronik Mentari,Electronics,accessories,supplier,Tangerang,Alam Sutera,Ya,QRIS + EDC,2023-07-12,aktif,UMI,84249068.0,7.0,0.477453,0.003138657084600325,0.01481405750798722,12,58.0,1.0,0.06820757142857142,25.0,10.0,17.0,4.0,2.0,0,0,1,1,3.125,3.4777438568160526,18.249288076690586,0.3903196593014581,3.258096538021482
M0504,Distributor Gadget Nawasena,Electronics,service,supplier,Bandung,Setiabudhi,Ya,QRIS,2026-03-12,aktif,UKE,478731389.0,1.0,0.053333,0.000760565508885007,0.0,4,30.0,0.0,0.053333,25.0,7.0,28.0,4.0,3.0,0,1,1,0,12.5,2.1524195556269836,19.98665022564093,0.05195942247496478,3.258096538021482
M0503,PT Berseri Distribusi Mandiri,Electronics,accessories,supplier,Bogor,Cibinong,Ya,QRIS + EDC,2025-05-26,aktif,UME,3188429143.0,12.0,0.7006209999999999,0.004591396974455346,0.03747476038338658,3,76.0,0.8333333333333334,0.05838508333333334,48.0,10.0,22.0,4.3,3.0,1,1,1,1,3.6923076923076925,3.848315493457265,21.882794201111068,0.5309934784761651,3.8918202981106265
M0317,PT Anugerah Busana Persada,Fashion,textile,retailer,Bogor,Cibinong,Ya,QRIS + EDC,2023-12-27,aktif,UBE,6408881389.0,5.0,0.316672,0.0019956840737048193,0.005970607028753993,3,76.0,0.8,0.06333439999999999,70.0,12.0,68.0,3.8,6.0,1,0,1,0,11.666666666666666,3.04246511989794,22.580950582509917,0.2751073408696284,4.2626798770413155
M0342,Butik Gemilang Cemerlang,Fashion,clothing,retailer,Bandung,Buah Batu,Ya,QRIS + EDC,2026-02-19,aktif,UMI,107493631.0,2.0,0.13930199999999998,0.0010908934935306958,0.0011194888178913738,18,41.0,0.5,0.06965099999999999,24.0,19.0,22.0,3.9,5.0,0,1,1,0,8.0,2.4772889532817204,18.492942166568096,0.13041579418427351,3.2188758248682006
M0341,Sahabat Garmen House,Fashion,textile,retailer,Bandung,Braga,Ya,QRIS + EDC,2021-02-11,aktif,UKE,447255680.0,6.0,0.389588,0.002673014985919365,0.012922683706070288,10,26.0,0.5,0.06493133333333333,27.0,20.0,31.0,3.8,8.0,1,0,1,1,3.857142857142857,3.3225202638393245,19.918640982340627,0.32900730032888753,3.332204510175204
M0372,Distributor Kelontong Karya,Grocery,supermarket,supplier,Bekasi,Kemang Pratama,Ya,QRIS,2021-11-30,aktif,UMI,27375499.0,1.0,0.068182,0.0006781025969539094,0.0,13,28.0,0.0,0.068182,21.0,16.0,22.0,3.4,3.0,1,0,1,0,10.5,2.0516882021872616,17.125159010774322,0.0659581380045489,3.091042453358316
M0370,Pusat Grosir Selaras Baru,Grocery,supermarket,supplier,Bogor,Dramaga,Ya,QRIS,2024-03-23,aktif,UMI,20679830.0,2.0,0.15293,0.0010701217185575015,0.0,3,76.0,1.0,0.076465,13.0,10.0,15.0,4.1,3.0,0,0,1,0,4.333333333333333,2.459692869347787,16.84466943542411,0.14230652825571852,2.6390573296152584
M0368,Grosir Sembako Berkah,Grocery,supermarket,supplier,Depok,Sawangan,Ya,QRIS + EDC,2024-05-31,aktif,UMI,53632235.0,5.0,0.359207,0.0022638497181730177,0.006057507987220447,7,67.0,0.4,0.0718414,18.0,13.0,22.0,0.0,3.0,1,0,0,0,3.0,3.1628766195243747,17.797660863172204,0.30690144145061077,2.9444389791664403
M0367,Toko Sembako Kang Dedi,Grocery,supermarket,retailer,Tangerang,BSD,Ya,QRIS + EDC,2022-12-23,aktif,UKE,716891813.0,3.0,0.17855500000000002,0.0012287824958170548,0.003133546325878594,6,16.0,0.3333333333333333,0.05951833333333333,42.0,13.0,28.0,3.9,3.0,0,1,1,0,10.5,2.5868481992990757,20.390435500150012,0.16428911180018269,3.7612001156935624
M0366,PT Sahabat Grosir Sejahtera,Grocery,toko_kelontong,retailer,Depok,Margonda,Ya,QRIS,2022-10-28,aktif,UME,1799993631.0,6.0,0.355896,0.0026351343616853647,0.015964217252396166,7,67.0,0.6666666666666666,0.05931599999999999,36.0,12.0,29.0,3.9,5.0,1,1,1,1,5.142857142857143,3.3087656544201276,21.311048964064494,0.3044624904117108,3.6109179126442243
M0365,Langgeng Sembako House,Grocery,distributor,retailer,Bogor,Sentul,Ya,QRIS + EDC,2025-01-17,aktif,UKE,805980707.0,3.0,0.177877,0.0011815704768632453,0.002877955271565495,3,76.0,0.6666666666666666,0.059292333333333336,37.0,5.0,34.0,0.0,3.0,0,1,0,0,9.25,2.5506713539052717,20.507570364700573,0.1637136655163864,3.6375861597263857
M0333,PT Jelita Distribusi Internasional,Fashion,footwear,supplier,Tangerang,Karawaci,Ya,QRIS + EDC,2021-01-02,aktif,UME,2441309267.0,4.0,0.238644,0.0015667344381789844,0.0023054313099041533,12,58.0,0.75,0.059661,33.0,13.0,30.0,0.0,6.0,0,1,0,0,6.6,2.8134513788407136,21.615800317587038,0.21401723286954752,3.5263605246161616
M0331,Galeri Fashion Sembada,Fashion,footwear,retailer,Bandung,Setiabudhi,Ya,QRIS,2022-05-02,aktif,UMI,45256015.0,1.0,0.067797,0.0006726620177036665,0.0,15,53.0,1.0,0.067797,19.0,11.0,18.0,4.1,2.0,1,0,1,0,9.5,2.044671532448432,17.627846169549347,0.06559764756511167,2.995732273553991
M0330,Butik Arunika Juara,Fashion,clothing,retailer,Bogor,Dramaga,Ya,QRIS,2022-07-18,aktif,UMI,50759715.0,5.0,0.286844,0.0017769284485511672,0.011128434504792332,3,76.0,0.6,0.0573688,22.0,14.0,23.0,4.2,3.0,1,1,1,0,3.6666666666666665,2.9322217297605686,17.74261360583815,0.2521927091459947,3.1354942159291497
M0327,Butik Nawasena Pilihan,Fashion,accessories,retailer,Bekasi,Grand Galaxy,Ya,QRIS + EDC,2026-03-07,aktif,UMI,58125197.0,2.0,0.130253,0.0010294655616982958,0.0017482428115015974,0,44.0,0.5,0.0651265,13.0,8.0,10.0,3.8,1.0,0,0,1,0,4.333333333333333,2.424329659590861,17.878109828317605,0.12244150146908143,2.6390573296152584
M0326,PT Tunas Distribusi Sentosa,Fashion,accessories,supplier,Bekasi,Harapan Indah,Ya,QRIS + EDC,2023-12-11,aktif,UME,2037292454.0,2.0,0.103571,0.000980671605389588,0.0014517571884984026,0,44.0,1.0,0.0517855,44.0,14.0,18.0,0.0,4.0,0,0,0,0,14.666666666666666,2.3801677976995403,21.43488753531426,0.09855128537890588,3.8066624897703196
M0356,PT Prima Retail Niaga Raya,Grocery,toko_kelontong,retailer,Bogor,Sentul,Ya,QRIS + EDC,2021-01-21,aktif,UME,3255358224.0,6.0,0.399899,0.0024306585369923625,0.015836421725239618,3,76.0,0.3333333333333333,0.06664983333333334,38.0,16.0,59.0,4.0,5.0,0,0,1,1,5.428571428571429,3.2310646531649,21.903568160314915,0.336400091161649,3.6635616461296463
M0354,Warung Adikara Mart,Grocery,toko_kelontong,retailer,Depok,Cinere,Ya,QRIS + EDC,2026-01-07,aktif,UKE,915199612.0,4.0,0.22985,0.0015994754568213817,0.00526517571884984,8,46.0,0.5,0.05746250000000001,28.0,10.0,29.0,0.0,5.0,0,0,0,0,5.6,2.8329047416324338,20.634652755731327,0.20689221072815933,3.367295829986474
M0469,PT Gemilang Grosir Nusantara,Grocery,toko_kelontong,retailer,Tangerang,Alam Sutera,Ya,QRIS + EDC,2021-04-27,aktif,UME,2076030914.0,4.0,0.21024500000000002,0.0017217332355252185,0.0077188498402555915,1,29.0,0.5,0.052561250000000004,43.0,11.0,28.0,0.0,3.0,1,0,0,0,8.6,2.9023734681185407,21.45372369375767,0.19082281845131804,3.784189633918261
M0500,Digital Store Nawasena,Electronics,computer,retailer,Depok,Margonda,Ya,QRIS,2022-03-07,aktif,UMI,49493721.0,2.0,0.14416400000000001,0.0011043884331426424,0.0005827476038338658,8,46.0,0.5,0.07208200000000001,14.0,7.0,9.0,3.5,3.0,1,0,1,0,4.666666666666667,2.4885570067396294,17.717356391212704,0.13467423932638117,2.70805020110221
M0499,UD Sembada Digital Utama,Electronics,gadget,retailer,Bekasi,Grand Galaxy,Ya,QRIS + EDC,2021-03-22,aktif,UKE,969488465.0,5.0,0.317074,0.0022483265086982738,0.00977891373801917,1,29.0,0.8,0.0634148,39.0,15.0,30.0,3.4,3.0,1,1,1,0,6.5,3.156288043511224,20.692279135722163,0.275412609489398,3.6888794541139363
M0498,Komputer Mitra Cemerlang,Electronics,gadget,retailer,Jakarta,Tebet,Ya,QRIS + EDC,2026-01-21,aktif,UKE,321253426.0,2.0,0.130556,0.0010122287839778087,0.00051629392971246,18,41.0,0.5,0.065278,27.0,15.0,20.0,4.1,3.0,0,0,1,0,9.0,2.4089510086479,19.587740861821086,0.12270954711275515,3.332204510175204
M0497,Komputer Langgeng Asri,Electronics,gadget,retailer,Bandung,Braga,Ya,QRIS,2023-03-17,aktif,UMI,91003110.0,1.0,0.083333,0.0007693807264199255,0.0,13,28.0,0.0,0.083333,16.0,12.0,10.0,3.6,1.0,0,1,1,0,8.0,2.162610963491705,18.326404250709956,0.0800423999811814,2.833213344056216
M0496,UD Langgeng Komputer Nusantara,Electronics,computer,retailer,Tangerang,Cipondoh,Ya,QRIS + EDC,2022-05-06,aktif,UKE,854087560.0,2.0,0.142857,0.0010365157263541162,0.0007616613418530352,12,58.0,1.0,0.0714285,24.0,12.0,25.0,0.0,4.0,1,1,0,0,8.0,2.430552294739887,20.56554427694192,0.1335312676245148,3.2188758248682006
M0495,CV Gemilang Inovasi Utama,Electronics,service,retailer,Jakarta,Kemang,Ya,QRIS,2023-04-29,aktif,UKE,1186367386.0,3.0,0.167627,0.001276530659224564,0.00469776357827476,8,46.0,0.6666666666666666,0.055875666666666664,30.0,13.0,22.0,3.7,3.0,1,1,1,0,7.5,2.6221514116662217,20.894161859367685,0.15497348408811554,3.4339872044851463
M0494,Servis Elektronik Pak Surya,Electronics,gadget,retailer,Bandung,Setiabudhi,Ya,QRIS,2022-05-05,aktif,UMI,44527518.0,1.0,0.06,0.000630146007444254,0.0,13,28.0,1.0,0.06,22.0,9.0,17.0,3.5,2.0,1,1,1,0,11.0,1.988074338352581,17.611617960497586,0.05826890812397577,3.1354942159291497
M0493,Sahabat Inovasi House,Electronics,gadget,retailer,Depok,Cimanggis,Ya,QRIS + EDC,2026-03-15,aktif,UMI,59832984.0,0.0,0.0,0.0,0.0,-1,0.0,0.0,0.0,0.0,5.0,14.0,0.0,2.0,1,0,0,0,0.0,0.0,17.90706765548053,0.0,0.0
M0492,PT Mahardika Teknologi Persada,Electronics,computer,retailer,Bekasi,Grand Galaxy,Ya,QRIS + EDC,2021-09-12,aktif,UME,3207438647.0,10.0,0.603329,0.0037941763694968253,0.034566134185303514,5,19.0,0.6,0.06033290000000001,49.0,14.0,38.0,3.7,2.0,0,0,1,1,4.454545454545454,3.662067291547245,21.888738526601603,0.4720820927432051,3.912023005428146
M0490,Distributor Kelontong Nawasena,Grocery,distributor,supplier,Bandung,Braga,Ya,QRIS,2021-10-03,aktif,UMI,76500666.0,3.0,0.191667,0.0013871571613206625,0.005929712460063898,18,41.0,0.3333333333333333,0.063889,18.0,16.0,35.0,3.5,4.0,1,0,1,0,4.5,2.6994514450827176,18.152810017713,0.17535316719810187,2.9444389791664403
M0488,UD Buana Grosir Nusantara,Grocery,distributor,retailer,Bandung,Cihampelas,Ya,QRIS,2025-01-09,aktif,UKE,832330414.0,2.0,0.10172400000000001,0.0008632498449481977,0.0016869009584664536,18,41.0,1.0,0.050862000000000004,31.0,11.0,41.0,3.9,3.0,0,1,1,0,10.333333333333334,2.2651426365508103,20.53974005336234,0.0968762256414438,3.4657359027997265
M0487,UD Nawasena Pangan Persada,Grocery,distributor,retailer,Bandung,Setiabudhi,Ya,QRIS + EDC,2025-02-13,aktif,UKE,433223834.0,3.0,0.178455,0.0012543348421232541,0.003966773162939297,12,58.0,0.6666666666666666,0.059485,29.0,18.0,39.0,3.8,3.0,0,1,1,0,7.25,2.6058955353771176,19.886765092353144,0.16420425853264456,3.4011973816621555
M0346,CV Nawasena Distribusi Utama,Fashion,textile,supplier,Tangerang,Karawaci,Ya,QRIS,2025-08-19,aktif,UMI,46352966.0,0.0,0.0,0.0,0.0,-1,0.0,0.0,0.0,0.0,9.0,19.0,3.5,3.0,1,0,1,0,0.0,0.0,17.65179586087238,0.0,0.0
M0344,CV Sinar Apparel Persada,Fashion,accessories,retailer,Bogor,Dramaga,Ya,QRIS + EDC,2025-11-08,aktif,UKE,483413341.0,5.0,0.336007,0.0019488811421303337,0.006474121405750799,3,76.0,0.8,0.0672014,33.0,18.0,22.0,4.2,5.0,0,1,1,0,5.5,3.0198789528232153,19.996382626183763,0.28968531462168584,3.5263605246161616
M0343,Busana Harmoni Bersama,Fashion,clothing,retailer,Tangerang,Cipondoh,Ya,QRIS,2023-10-10,aktif,UMI,36137783.0,5.0,0.39670300000000003,0.0023724780440926114,0.0051782747603833865,7,67.0,0.6,0.07934060000000001,17.0,15.0,23.0,4.2,3.0,1,1,1,0,2.8333333333333335,3.2078059974259148,17.40284952414822,0.3341144592473792,2.8903717578961645
M0397,PT Sentosa Sembako Sejahtera,Grocery,distributor,retailer,Tangerang,BSD,Ya,QRIS + EDC,2022-12-27,tidak aktif,UBE,7550371390.0,2.0,0.10639499999999999,0.0009238008017381179,0.003220447284345048,0,44.0,0.5,0.053197499999999995,52.0,16.0,62.0,4.2,6.0,1,1,1,0,17.333333333333332,2.326107071135415,22.744862589858442,0.10110698219695628,3.970291913552122
M0396,Buana Mart Center,Grocery,supermarket,retailer,Bekasi,Jababeka,Ya,QRIS + EDC,2026-03-29,aktif,UKE,948842109.0,4.0,0.22906200000000002,0.0015674306450442742,0.005428753993610223,17,39.0,0.5,0.05726550000000001,29.0,11.0,42.0,0.0,3.0,1,0,0,0,5.8,2.813868998759362,20.670752967600606,0.2062512768297721,3.4011973816621555
M0395,UD Pelita Niaga Niaga Raya,Grocery,toko_kelontong,retailer,Jakarta,Kuningan,Ya,QRIS,2025-07-12,aktif,UMI,44674320.0,0.0,0.0,0.0,0.0,-1,0.0,0.0,0.0,0.0,14.0,34.0,3.6,4.0,1,0,1,0,0.0,0.0,17.614909420237296,0.0,0.0
M0364,Warung Cakrawala Mart,Grocery,minimarket,retailer,Bekasi,Kemang Pratama,Ya,QRIS,2023-12-12,aktif,UMI,40632325.0,2.0,0.131081,0.0009692211828961221,0.0,5,19.0,1.0,0.0655405,14.0,6.0,23.0,3.5,1.0,1,0,1,0,4.666666666666667,2.369515609992243,17.520074514663953,0.1231738126066695,2.70805020110221
M0362,Minimarket Mandala Jaya,Grocery,toko_kelontong,retailer,Bekasi,Summarecon,Ya,QRIS,2022-05-27,aktif,UMI,42855540.0,1.0,0.068182,0.0007182426573224654,0.0,15,53.0,1.0,0.068182,15.0,9.0,17.0,4.0,2.0,0,1,1,0,7.5,2.1019887537170847,17.57334550619997,0.0659581380045489,2.772588722239781
M0361,Toko Sembako Mbak Ayu,Grocery,distributor,retailer,Bandung,Setiabudhi,Ya,QRIS,2024-08-31,aktif,UMI,130586895.0,2.0,0.13669599999999998,0.0010645048593139947,0.0005776357827476039,18,41.0,0.0,0.06834799999999999,24.0,21.0,28.0,3.8,3.0,0,0,1,0,8.0,2.4548810762035056,18.687549432865936,0.1281258087459479,3.2188758248682006
M0360,Sembada Niaga Store,Grocery,toko_kelontong,retailer,Bandung,Braga,Ya,QRIS,2026-01-26,aktif,UMI,38333775.0,1.0,0.068182,0.0006231972584359869,0.0,4,30.0,1.0,0.068182,13.0,14.0,22.0,0.0,3.0,0,0,0,0,6.5,1.9785118322032471,17.461841945418826,0.0659581380045489,2.6390573296152584
M0358,Minimarket Lentera Baru,Grocery,supermarket,retailer,Bogor,Sentul,Ya,QRIS + EDC,2024-12-18,aktif,UKE,1130204135.0,5.0,0.311962,0.0018998850959492568,0.005193610223642173,3,76.0,0.6,0.062392399999999994,38.0,13.0,46.0,3.8,4.0,0,1,1,0,6.333333333333333,2.9956748198781886,20.84566410468261,0.2715237266878154,3.6635616461296463
M0357,PT Cakrawala Pangan Niaga Raya,Grocery,supermarket,retailer,Depok,Cimanggis,Ya,QRIS + EDC,2025-07-18,aktif,UME,4059787213.0,5.0,0.291866,0.0023093485143271426,0.007780191693290735,8,46.0,0.6,0.0583732,34.0,12.0,84.0,3.8,5.0,1,0,1,0,5.666666666666667,3.1819414779466135,22.124396398841753,0.2560876848113413,3.5553480614894135
M0388,UD Kencana Mart Persada,Grocery,toko_kelontong,retailer,Jakarta,Menteng,Ya,QRIS,2024-06-16,aktif,UMI,100052005.0,1.0,0.090909,0.0007320750477283778,0.0,12,58.0,1.0,0.090909,17.0,18.0,19.0,0.0,3.0,1,1,0,0,8.5,2.1187524523618055,18.42120066876803,0.08701129365629295,2.8903717578961645
M0387,UD Mentari Sembako Sentosa,Grocery,distributor,retailer,Jakarta,Kemang,Ya,QRIS,2023-09-20,aktif,UMI,23050930.0,0.0,0.0,0.0,0.0,-1,0.0,0.0,0.0,0.0,9.0,43.0,3.8,3.0,0,0,1,0,0.0,0.0,16.95321671704679,0.0,0.0
M0385,Toko Sembako Bu Wati,Grocery,minimarket,retailer,Depok,Cimanggis,Ya,QRIS,2022-06-22,aktif,UMI,69520472.0,0.0,0.0,0.0,0.0,-1,0.0,0.0,0.0,0.0,17.0,23.0,0.0,2.0,1,0,0,0,0.0,0.0,18.057131842695732,0.0,0.0
M0382,UD Sejahtera Distribusi Internasional,Grocery,toko_kelontong,supplier,Depok,Cinere,Ya,QRIS + EDC,2025-06-01,aktif,UKE,528049948.0,6.0,0.327694,0.0020823162360420148,0.019061980830670927,4,30.0,0.3333333333333333,0.054615666666666667,26.0,13.0,22.0,0.0,4.0,1,1,0,1,3.7142857142857144,3.082971899345471,20.08470143757499,0.28344360281633957,3.295836866004329
M0381,Pusat Grosir Mitra Bersama,Grocery,minimarket,supplier,Jakarta,Pluit,Ya,QRIS + EDC,2021-04-17,aktif,UME,1961620134.0,1.0,0.067416,0.0007021362868777387,0.0,15,53.0,1.0,0.067416,57.0,11.0,22.0,3.6,3.0,0,1,1,0,28.5,2.0821083412040835,21.39703656823342,0.06524077449994804,4.060443010546419
M0470,CV Buana Sembako Indonesia,Grocery,minimarket,retailer,Jakarta,Sudirman,Ya,QRIS + EDC,2021-06-05,aktif,UKE,597435388.0,4.0,0.215874,0.0016922525166578307,0.009896485623003194,10,26.0,0.5,0.053968499999999996,29.0,17.0,24.0,4.1,4.0,0,0,1,0,5.8,2.886058310932958,20.208156700358014,0.19546315975416317,3.4011973816621555
M0419,Swalayan Prima Asri,Grocery,toko_kelontong,retailer,Tangerang,BSD,Ya,QRIS,2021-04-14,aktif,UMI,32312385.0,4.0,0.271485,0.0017714000928646411,0.004661980830670927,12,58.0,0.5,0.06787125,19.0,10.0,12.0,3.9,1.0,0,0,1,0,3.8,2.929271956476805,17.290961182180276,0.24018550872039993,2.995732273553991
M0418,UD Kencana Distribusi Sejahtera,Grocery,minimarket,supplier,Bogor,Bogor Tengah,Ya,QRIS + EDC,2023-12-13,aktif,UME,3018459694.0,6.0,0.35698,0.0021579093023237853,0.012350159744408945,3,76.0,0.6666666666666666,0.05949666666666666,49.0,17.0,45.0,4.2,5.0,0,1,1,1,7.0,3.1170243906534014,21.828012503453003,0.30526164235060577,3.912023005428146
M0416,CV Selaras Grosir Internasional,Grocery,distributor,retailer,Bekasi,Summarecon,Ya,QRIS,2022-05-11,aktif,UKE,481144929.0,6.0,0.352652,0.002361921372927311,0.01736996805111821,8,46.0,0.5,0.05877533333333334,24.0,12.0,22.0,4.2,3.0,1,1,1,1,3.4285714285714284,3.203527183986103,19.99167909245667,0.30206710989703556,3.2188758248682006
M0413,CV Prima Distribusi Sejahtera,Grocery,supermarket,supplier,Bogor,Dramaga,Ya,QRIS,2024-11-28,aktif,UME,1894605078.0,1.0,0.054054,0.0005877383527772759,0.0,18,41.0,1.0,0.054054,47.0,17.0,31.0,3.8,3.0,1,1,1,0,23.5,1.9282382784165932,21.36227625217906,0.05264368220336938,3.871201010907891
M0411,Warung Harmoni Mart,Grocery,distributor,retailer,Depok,Margonda,Ya,QRIS,2022-02-09,aktif,UMI,51877618.0,2.0,0.132479,0.0009659497642382596,0.0,7,67.0,0.0,0.0662395,19.0,21.0,9.0,3.9,2.0,0,0,1,0,6.333333333333333,2.3664512921472016,17.764398021987713,0.12440903515677001,2.995732273553991
M0380,Swalayan Tunas Utama,Grocery,toko_kelontong,retailer,Jakarta,Cempaka Putih,Ya,QRIS + EDC,2026-02-14,aktif,UKE,224451731.0,1.0,0.058824,0.0006315427225877361,0.0,10,26.0,1.0,0.058824,25.0,19.0,21.0,4.2,4.0,0,0,1,0,12.5,1.9899854368510321,19.22917123980312,0.057158858284294296,3.258096538021482
M0379,Pusat Grosir Selaras Pilihan,Grocery,minimarket,supplier,Bandung,Braga,Ya,QRIS,2021-10-06,aktif,UKE,248509144.0,0.0,0.0,0.0,0.0,-1,0.0,0.0,0.0,0.0,13.0,22.0,3.5,4.0,1,1,1,0,0.0,0.0,19.330990203628655,0.0,0.0
M0378,Pusat Grosir Makmur Jaya,Grocery,toko_kelontong,supplier,Depok,Sawangan,Ya,QRIS,2024-06-23,aktif,UMI,137906731.0,3.0,0.205099,0.001583402216332773,0.0006287539936102236,7,67.0,1.0,0.06836633333333333,26.0,16.0,46.0,3.5,3.0,0,1,1,0,6.5,2.823401967369706,18.74208815955602,0.1865617212442098,3.295836866004329
M0375,Warung Mitra Mart,Grocery,distributor,retailer,Depok,Cimanggis,Ya,QRIS,2023-09-21,aktif,UMI,20306842.0,2.0,0.129167,0.001003755550996614,0.0012319488817891374,7,67.0,1.0,0.0645835,17.0,10.0,22.0,3.7,1.0,0,1,1,0,5.666666666666667,2.401303595132937,16.826468480804795,0.12148019274061805,2.8903717578961645
M0374,Swalayan Anugerah Sukses,Grocery,toko_kelontong,retailer,Bandung,Dago,Ya,QRIS,2025-02-26,aktif,UMI,40774272.0,7.0,0.485334,0.0028872887865045967,0.014936741214057508,4,30.0,0.7142857142857143,0.06933342857142857,25.0,13.0,15.0,3.8,1.0,0,1,1,1,3.125,3.396951308674418,17.52356187675998,0.3956396627898066,3.258096538021482
M0373,Warung Prima Mart,Grocery,distributor,retailer,Bogor,Sentul,Ya,QRIS,2022-03-02,aktif,UMI,62948868.0,0.0,0.0,0.0,0.0,-1,0.0,0.0,0.0,0.0,16.0,19.0,3.8,4.0,0,1,1,0,0.0,0.0,17.957833351653036,0.0,0.0
M0403,Distributor Kelontong Sentosa,Grocery,supermarket,supplier,Jakarta,Kuningan,Ya,QRIS + EDC,2022-06-12,aktif,UMI,97502154.0,1.0,0.096774,0.001594896331738437,0.0,2,2.0,0.0,0.096774,20.0,12.0,28.0,4.5,6.0,1,0,1,0,10.0,2.8302066707397744,18.39538503828792,0.09237314366041133,3.044522437723423
M0401,UD Mentari Distribusi Internasional,Grocery,supermarket,supplier,Bogor,Tanah Sareal,Ya,QRIS + EDC,2021-06-19,aktif,UKE,552751076.0,0.0,0.0,0.0,0.0,-1,0.0,0.0,0.0,0.0,12.0,48.0,4.0,3.0,1,1,1,0,0.0,0.0,20.13041832613955,0.0,0.0
M0399,Agen Pangan Buana,Grocery,distributor,supplier,Bekasi,Grand Galaxy,Ya,QRIS,2022-12-29,aktif,UMI,28478352.0,2.0,0.13700299999999999,0.0011701531680361164,0.0009865814696485623,17,39.0,0.0,0.06850149999999999,24.0,14.0,22.0,0.0,1.0,1,1,0,0,8.0,2.541722590945225,17.16465481277965,0.1283958532873455,3.2188758248682006
M0425,Pusat Grosir Nawasena Maju,Grocery,toko_kelontong,supplier,Jakarta,Pluit,Ya,QRIS,2021-09-27,aktif,UMI,83284610.0,1.0,0.09375,0.0008424286473659628,0.0,8,46.0,1.0,0.09375,13.0,10.0,23.0,0.0,2.0,0,1,0,0,6.5,2.243290024755746,18.237774348173428,0.08961215868968714,2.6390573296152584
M0424,Anugerah Pangan Center,Grocery,distributor,retailer,Bandung,Setiabudhi,Ya,QRIS + EDC,2021-12-11,aktif,UKE,800175990.0,7.0,0.45487900000000003,0.002881054246887343,0.01049968051118211,4,30.0,0.5714285714285714,0.06498271428571428,31.0,14.0,49.0,3.7,3.0,0,0,1,1,3.875,3.394862105071318,20.500342250188226,0.37492273565331813,3.4657359027997265
M0662,PT Pusaka Distribusi Mandiri,Automotive,dealer,supplier,Bogor,Sentul,Ya,QRIS + EDC,2025-08-16,aktif,UME,1967110610.0,5.0,0.29723900000000003,0.002064118102810378,0.005929712460063898,3,76.0,1.0,0.05944780000000001,42.0,9.0,25.0,3.9,3.0,0,0,1,0,7.0,3.07459802864912,21.39983160812258,0.2602381597539468,3.7612001156935624
M0661,PT Mahardika Distribusi Internasional,Automotive,bengkel,supplier,Bandung,Dago,Ya,QRIS + EDC,2025-01-10,aktif,UBE,7036963476.0,3.0,0.165076,0.0012412716103823251,0.003966773162939297,4,30.0,0.3333333333333333,0.055025333333333336,71.0,14.0,36.0,4.0,5.0,0,1,1,0,17.75,2.5962032199480434,22.67444258977951,0.15278632094138736,4.276666119016055
M0483,Warung Kencana Mart,Grocery,minimarket,retailer,Jakarta,Sudirman,Ya,QRIS + EDC,2022-09-06,aktif,UMI,35521631.0,1.0,0.061224,0.0006517085800169082,0.0,15,53.0,1.0,0.061224,18.0,10.0,23.0,3.7,2.0,0,0,1,0,9.0,2.0171785362806607,17.385652420978708,0.0594229589322327,2.9444389791664403
M0479,UD Mitra Sembako Internasional,Grocery,toko_kelontong,retailer,Depok,Cinere,Ya,QRIS + EDC,2023-02-03,aktif,UKE,356379562.0,7.0,0.422958,0.0026364641040149024,0.01393482428115016,7,67.0,0.7142857142857143,0.06042257142857143,30.0,14.0,42.0,3.8,3.0,0,1,1,1,3.75,3.309251707029453,19.691506909043586,0.3527378035632111,3.4339872044851463
M0478,Toko Pangan Sejahtera,Grocery,toko_kelontong,retailer,Tangerang,BSD,Ya,QRIS,2025-07-18,aktif,UMI,123701429.0,2.0,0.11438000000000001,0.0011233249526824264,0.0007003194888178914,17,39.0,0.5,0.057190000000000005,20.0,17.0,20.0,3.8,3.0,1,1,1,0,6.666666666666667,2.504157615700633,18.63338139752225,0.1082981964451684,3.044522437723423
M0476,PT Makmur Distribusi Utama,Grocery,supermarket,supplier,Tangerang,Cipondoh,Ya,QRIS + EDC,2024-12-16,aktif,UME,1982157807.0,7.0,0.372828,0.0024557876361140556,0.021853035143769968,6,16.0,0.5714285714285714,0.053261142857142854,40.0,20.0,28.0,3.8,5.0,1,1,1,1,5.0,3.2409455415952095,21.407451890269925,0.316872845813956,3.713572066704308
M0475,UD Gemilang Pangan Niaga Raya,Grocery,toko_kelontong,retailer,Bekasi,Jababeka,Ya,QRIS + EDC,2021-04-14,aktif,UME,3265494561.0,3.0,0.187362,0.001342430819685327,0.002351437699680511,8,46.0,0.6666666666666666,0.062454,54.0,14.0,25.0,4.0,4.0,1,1,1,0,13.5,2.6689148526204214,21.906677062016975,0.17173403964737705,4.007333185232471
M0474,Toko Sembako Pak Darto,Grocery,supermarket,retailer,Tangerang,Karawaci,Ya,QRIS,2021-09-05,aktif,UMI,96837740.0,4.0,0.301141,0.001980501691616805,0.0012115015974440895,12,58.0,0.75,0.07528525,19.0,6.0,22.0,3.5,2.0,0,1,1,0,3.8,3.035194155516432,18.388547362624504,0.2632415718285166,2.995732273553991
M0473,Agen Pangan Sejahtera,Grocery,distributor,supplier,Bandung,Dago,Ya,QRIS,2023-12-03,aktif,UMI,73677518.0,3.0,0.191995,0.001438945848286125,0.0031386581469648564,7,67.0,0.6666666666666666,0.06399833333333332,18.0,13.0,14.0,3.6,1.0,0,1,1,0,4.5,2.7336827609329215,18.115208276705953,0.17562837400348805,2.9444389791664403
M0392,Minimarket Sinar Juara,Grocery,distributor,retailer,Bekasi,Summarecon,Ya,QRIS + EDC,2023-02-15,aktif,UMI,50575491.0,3.0,0.187486,0.0014999865665191328,0.002678594249201278,1,29.0,0.6666666666666666,0.06249533333333334,21.0,8.0,16.0,3.7,1.0,0,0,1,0,5.25,2.772580326278993,17.73897766909731,0.17183846738347863,3.091042453358316
M0389,Toko Pangan Nusantara,Grocery,toko_kelontong,retailer,Jakarta,Thamrin,Ya,QRIS,2021-07-19,aktif,UMI,46156474.0,1.0,0.053571,0.00057620199336459,0.0,18,41.0,0.0,0.053571,21.0,16.0,24.0,3.8,3.0,1,0,1,0,10.5,1.9113216521733782,17.64754781243015,0.05218534639082646,3.091042453358316
M0420,Toko Sembako Kang Asep,Grocery,minimarket,retailer,Bandung,Braga,Ya,QRIS + EDC,2025-05-11,aktif,UKE,901521063.0,6.0,0.39269200000000004,0.002603264811294893,0.011808306709265175,4,30.0,0.5,0.06544866666666667,34.0,14.0,21.0,3.7,2.0,1,1,1,1,4.857142857142857,3.297045324892144,20.619593965836618,0.3312385648225996,3.5553480614894135
M0448,Prima Grosir Store,Grocery,toko_kelontong,retailer,Bekasi,Jababeka,Ya,QRIS + EDC,2025-08-23,aktif,UKE,366633315.0,0.0,0.0,0.0,0.0,-1,0.0,0.0,0.0,0.0,8.0,18.0,0.0,2.0,0,1,0,0,0.0,0.0,19.71987276758221,0.0,0.0
M0446,Mahardika Grosir Market,Grocery,supermarket,retailer,Jakarta,Tebet,Ya,QRIS + EDC,2022-07-19,aktif,UMI,29695438.0,0.0,0.0,0.0,0.0,-1,0.0,0.0,0.0,0.0,12.0,15.0,3.9,1.0,0,0,1,0,0.0,0.0,17.20650402295643,0.0,0.0
M0445,Sembada Niaga Distribusi,Grocery,supermarket,supplier,Depok,Cimanggis,Ya,QRIS + EDC,2021-11-18,aktif,UKE,595890993.0,6.0,0.46358900000000003,0.002835266291604896,0.009119488817891375,7,67.0,0.16666666666666666,0.07726483333333332,27.0,11.0,36.0,3.9,5.0,0,0,1,1,3.857142857142857,3.3793832718364056,20.20556831232896,0.38089163841999546,3.332204510175204
M0443,Kencana Retail Distribusi,Grocery,supermarket,supplier,Jakarta,Senayan,Ya,QRIS + EDC,2024-08-04,aktif,UKE,987806339.0,4.0,0.233699,0.0016475973093455388,0.011338019169329073,0,44.0,0.25,0.05842475,45.0,13.0,22.0,3.6,3.0,0,1,1,0,9.0,2.860826971459679,20.710997224353502,0.21001697352512277,3.828641396489095
M0441,Agen Pangan Arunika,Grocery,supermarket,supplier,Depok,Sawangan,Ya,QRIS + EDC,2025-01-04,aktif,UMI,117904042.0,0.0,0.0,0.0,0.0,-1,0.0,0.0,0.0,0.0,20.0,14.0,0.0,3.0,1,1,0,0,0.0,0.0,18.585381656692338,0.0,0.0
M0440,PT Prima Distribusi Retailindo,Grocery,minimarket,supplier,Jakarta,Menteng,Ya,QRIS + EDC,2023-12-31,aktif,UME,3247608074.0,6.0,0.334666,0.002653387033397364,0.017712460063897765,15,53.0,0.5,0.05577766666666666,34.0,17.0,40.0,4.0,5.0,1,0,1,1,4.857142857142857,3.3154168953238456,21.90118458540101,0.2886810732842402,3.5553480614894135
M0408,UD Karya Grosir Nusantara,Grocery,toko_kelontong,retailer,Bekasi,Kemang Pratama,Ya,QRIS,2023-12-16,tidak aktif,UKE,730387455.0,2.0,0.123271,0.0010027693102617388,0.00260702875399361,5,19.0,1.0,0.0616355,31.0,15.0,33.0,0.0,3.0,0,0,0,0,10.333333333333334,2.4004096638495263,20.409085712946407,0.11624496454231174,3.4657359027997265
M0406,PT Sentosa Pangan Nusantara,Grocery,toko_kelontong,retailer,Tangerang,Alam Sutera,Ya,QRIS + EDC,2021-09-11,aktif,UBE,6773135270.0,4.0,0.215916,0.0016492495389743842,0.014256869009584665,18,41.0,0.25,0.053979,43.0,14.0,38.0,4.0,6.0,0,1,1,0,8.6,2.861771954081718,22.636229929074823,0.19549770221054646,3.784189633918261
M0405,Minimarket Sinar Maju,Grocery,toko_kelontong,retailer,Depok,Cinere,Ya,QRIS,2025-04-14,aktif,UMI,35620026.0,1.0,0.068182,0.0008708416237525276,0.0,7,67.0,0.0,0.068182,14.0,14.0,20.0,0.0,3.0,0,1,0,0,7.0,2.2729931626688757,17.388418593826625,0.0659581380045489,2.70805020110221
M0436,CV Prima Mart Utama,Grocery,minimarket,retailer,Bekasi,Summarecon,Ya,QRIS + EDC,2022-06-25,aktif,UKE,502826767.0,6.0,0.367144,0.0024650945802753184,0.011930990415335463,8,46.0,0.6666666666666666,0.06119066666666667,41.0,15.0,26.0,0.0,3.0,1,1,0,1,5.857142857142857,3.244580444338655,20.03575627113122,0.31272389235486375,3.7376696182833684
M0435,PT Mitra Pangan Mandiri,Grocery,minimarket,retailer,Bogor,Bogor Tengah,Ya,QRIS + EDC,2025-08-03,aktif,UBE,6183053398.0,4.0,0.270079,0.0017148053193374226,0.005561661341853035,3,76.0,0.5,0.06751975,62.0,20.0,51.0,4.6,7.0,1,0,1,0,12.4,2.898563292884827,22.545078063907997,0.23907910326027573,4.143134726391533
M0434,Minimarket Selaras Abadi,Grocery,distributor,retailer,Depok,Sawangan,Ya,QRIS,2024-12-27,aktif,UMI,35579588.0,0.0,0.0,0.0,0.0,-1,0.0,0.0,0.0,0.0,15.0,12.0,3.8,2.0,0,0,1,0,0.0,0.0,17.387282688701855,0.0,0.0
M0430,PT Sahabat Distribusi Retailindo,Grocery,toko_kelontong,supplier,Jakarta,Senayan,Ya,QRIS + EDC,2022-08-16,aktif,UME,3170354606.0,4.0,0.211393,0.0017969335381064861,0.010126517571884984,14,29.0,0.75,0.05284825,41.0,16.0,41.0,3.7,6.0,1,1,1,0,8.2,2.942823748070383,21.877109281986296,0.19177093710984383,3.7376696182833684
M0027,CV Anugerah Horeka Nusantara,F&B,restaurant,retailer,Bekasi,Kemang Pratama,Ya,QRIS,2021-10-26,aktif,UKE,535299206.0,4.0,0.223756,0.0016774082419380083,0.0063130990415335465,7,67.0,0.75,0.055939,34.0,10.0,28.0,3.5,3.0,0,1,1,0,6.8,2.8777413523810402,20.09833641395022,0.20192481781276994,3.5553480614894135
M0691,Toko Sparepart Mitra,Automotive,sparepart,retailer,Bandung,Dago,Ya,QRIS + EDC,2025-10-31,aktif,UMI,44277268.0,1.0,0.073171,0.001594896331738437,0.0,11,2.0,0.0,0.073171,22.0,7.0,12.0,3.8,2.0,0,1,1,0,11.0,2.8302066707397744,17.605981988202597,0.0706178172139221,3.1354942159291497
M0689,Ban & Oli Sahabat Sukses,Automotive,accessories,retailer,Tangerang,Cipondoh,Ya,QRIS + EDC,2024-04-27,aktif,UKE,670076717.0,1.0,0.071429,0.0006657876888746712,0.0,10,26.0,1.0,0.071429,20.0,14.0,22.0,3.6,3.0,1,1,1,0,10.0,2.035734776763267,20.32290276827176,0.06899327148687145,3.044522437723423
M0688,Grosir Ban & Oli Gemilang,Automotive,dealer,supplier,Tangerang,BSD,Ya,QRIS + EDC,2022-12-24,aktif,UMI,56797643.0,1.0,0.05,0.0005469029917533107,0.0,12,58.0,0.0,0.05,19.0,14.0,19.0,3.8,3.0,0,1,1,0,9.5,1.867026161805074,17.85500540395787,0.048790164169432,2.995732273553991
M0685,PT Pusaka Otomotif Utama,Automotive,bengkel,retailer,Bekasi,Harapan Indah,Ya,QRIS,2021-08-15,aktif,UME,3513415626.0,6.0,0.366778,0.003091077946884993,0.009630670926517572,17,39.0,0.8333333333333334,0.061129666666666665,37.0,24.0,45.0,3.9,7.0,1,1,1,1,5.285714285714286,3.4629438670946024,21.97985451436198,0.3124561451388228,3.6375861597263857
M0684,Toko Sparepart Sentosa,Automotive,bengkel,retailer,Jakarta,Menteng,Ya,QRIS,2021-04-24,aktif,UMI,71090539.0,3.0,0.201182,0.0014104490226332395,0.005847923322683706,4,30.0,0.6666666666666666,0.06706066666666667,14.0,12.0,14.0,3.9,1.0,1,0,1,0,3.5,2.714992065598656,18.07946483388188,0.1833060719997767,2.70805020110221
M0681,Mandala Sparepart House,Automotive,sparepart,retailer,Jakarta,Cempaka Putih,Ya,QRIS + EDC,2023-06-05,aktif,UME,2547124380.0,4.0,0.266143,0.0022706852365139813,0.00632332268370607,15,53.0,0.25,0.06653575,49.0,16.0,67.0,3.6,2.0,1,1,1,0,9.8,3.1657641356820494,21.658230866066255,0.23597527152955458,3.912023005428146
M0680,Auto Service Mandala,Automotive,bengkel,retailer,Jakarta,Kelapa Gading,Ya,QRIS + EDC,2024-08-06,aktif,UME,2566656567.0,4.0,0.276006,0.0021277303185097407,0.005597444089456869,5,19.0,0.5,0.06900150000000001,52.0,16.0,30.0,0.0,3.0,1,0,0,0,10.4,3.1035683657713973,21.665869942584745,0.24373488710590022,3.970291913552122
M0693,CV Berseri Motor Indonesia,Automotive,dealer,retailer,Bogor,Dramaga,Ya,QRIS + EDC,2022-03-10,aktif,UKE,686466482.0,6.0,0.352461,0.0020664210522280636,0.00838849840255591,3,76.0,0.8333333333333334,0.058743500000000004,29.0,11.0,23.0,3.8,2.0,0,1,1,1,4.142857142857143,3.0756616142916147,20.347067958965123,0.3019258958329152,3.4011973816621555
M0019,Sinar Sajian House,F&B,catering,retailer,Depok,Sawangan,Ya,QRIS,2024-09-07,aktif,UKE,655938145.0,4.0,0.218841,0.0015518585098132198,0.0059654952076677314,8,46.0,0.5,0.05471025,28.0,12.0,24.0,0.0,3.0,0,1,0,0,5.6,2.804486116612028,20.30157705282867,0.19790040720916974,3.367295829986474
M0018,Nusantara Sajian House,F&B,warung,retailer,Bekasi,Jababeka,Ya,QRIS + EDC,2023-04-01,aktif,UME,1713607502.0,5.0,0.280054,0.002541777140337189,0.013111821086261981,15,53.0,0.4,0.05601079999999999,43.0,19.0,43.0,4.2,4.0,0,0,1,0,7.166666666666667,3.274036942900864,21.261866636149573,0.24690226454165826,3.784189633918261
M0017,Dapur Pak Joko,F&B,restaurant,retailer,Bogor,Cibinong,Ya,QRIS + EDC,2022-02-23,aktif,UMI,86430138.0,3.0,0.17821,0.0011531691165105702,0.0024587859424920126,3,76.0,0.6666666666666666,0.059403333333333336,20.0,12.0,22.0,3.9,3.0,0,1,1,0,5.0,2.528260729082622,18.27484700396541,0.1639963375927718,3.044522437723423
M0015,Bakery Nawasena Juara,F&B,warung,retailer,Depok,Sawangan,Ya,QRIS,2024-12-01,aktif,UMI,17530932.0,0.0,0.0,0.0,0.0,-1,0.0,0.0,0.0,0.0,10.0,11.0,3.5,1.0,0,0,1,0,0.0,0.0,16.67947747852733,0.0,0.0
M0014,Sembada Pangan Distribusi,F&B,catering,supplier,Bandung,Cihampelas,Ya,QRIS + EDC,2021-12-16,aktif,UME,3185683936.0,5.0,0.28247700000000003,0.0021084426666916614,0.010908626198083067,17,39.0,0.4,0.05649540000000001,47.0,25.0,40.0,3.6,6.0,1,1,1,0,7.833333333333333,3.0948726844179504,21.88193283980955,0.24879336417877954,3.871201010907891
M0013,CV Sembada Distribusi Internasional,F&B,restaurant,supplier,Tangerang,Karawaci,Ya,QRIS,2025-05-23,aktif,UKE,775217347.0,6.0,0.406577,0.00248165260864002,0.009436421725239617,6,16.0,0.5,0.06776283333333334,33.0,21.0,29.0,4.1,3.0,0,0,1,1,4.714285714285714,3.2510148328500597,20.4686539970314,0.3411590932722415,3.5263605246161616
M0043,Warung Kang Dedi,F&B,restaurant,retailer,Tangerang,Karawaci,Ya,QRIS,2021-12-02,aktif,UMI,78235628.0,2.0,0.186773,0.0012828706863966918,5.111821086261981e-05,7,67.0,0.5,0.0933865,18.0,11.0,36.0,3.6,3.0,0,0,1,0,6.0,2.6267466390611633,18.175235715565826,0.17123785892295815,2.9444389791664403
M0041,CV Langgeng Horeka Sejahtera,F&B,restaurant,retailer,Bandung,Buah Batu,Ya,QRIS + EDC,2021-01-11,tidak aktif,UME,2627857244.0,5.0,0.309408,0.002039168571425049,0.012605750798722046,18,41.0,0.4,0.0618816,42.0,12.0,23.0,4.1,4.0,1,1,1,0,7.0,3.0630023285094454,21.689434615317094,0.26957512667474054,3.7612001156935624
M0040,Kedai Sembada Juara,F&B,cafe,retailer,Bandung,Cihampelas,Ya,QRIS,2025-04-19,aktif,UKE,487853055.0,2.0,0.103265,0.0008357228491619506,0.0019373801916932908,4,30.0,0.5,0.0516325,29.0,13.0,22.0,0.0,4.0,1,1,0,0,9.666666666666666,2.2361491453201463,20.005524803719172,0.09827396526815808,3.4011973816621555
M0629,Pusat Suku Cadang Nawasena Utama,Automotive,bengkel,supplier,Bogor,Sentul,Ya,QRIS + EDC,2025-04-02,aktif,UKE,471377580.0,3.0,0.159035,0.001118068969797506,0.0058274760383386585,3,76.0,0.6666666666666666,0.05301166666666667,31.0,12.0,37.0,0.0,5.0,1,1,0,0,7.75,2.499851886128103,19.971169988998504,0.14758776234858775,3.4657359027997265
M0659,PT Kencana Garage Mandiri,Automotive,dealer,retailer,Bogor,Tanah Sareal,Ya,QRIS + EDC,2026-01-14,aktif,UME,3142706190.0,12.0,0.764532,0.004352113273466839,0.024092012779552717,3,76.0,0.6666666666666666,0.063711,40.0,21.0,42.0,4.1,3.0,0,0,1,1,3.076923076923077,3.7959639693601384,21.868350109959565,0.5678854994178781,3.713572066704308
M0657,Supplier Otomotif Mentari,Automotive,bengkel,supplier,Bandung,Buah Batu,Ya,QRIS + EDC,2023-11-16,aktif,UMI,38656848.0,2.0,0.127797,0.0009304463398842391,0.0033584664536741213,3,76.0,1.0,0.0638985,23.0,10.0,27.0,4.0,2.0,1,1,1,0,7.666666666666667,2.332577141064497,17.47023452299074,0.1202661723412993,3.1780538303479458
M0654,Nawasena Auto Distribusi,Automotive,dealer,supplier,Depok,Cinere,Ya,QRIS + EDC,2021-05-10,aktif,UKE,556211553.0,5.0,0.287903,0.0019369014676288564,0.010765495207667732,10,26.0,0.6,0.057580599999999996,27.0,15.0,63.0,4.3,3.0,0,0,1,0,4.5,3.0140148577525627,20.13665927265158,0.25301531428717317,3.332204510175204
M0653,PT Langgeng Otomotif Retailindo,Automotive,dealer,retailer,Tangerang,Cipondoh,Ya,QRIS + EDC,2024-11-26,aktif,UBE,7750222415.0,4.0,0.218576,0.0017452065517520945,0.007672843450479233,0,44.0,0.25,0.054644,47.0,19.0,82.0,3.6,6.0,1,0,1,0,9.4,2.9151763163895166,22.77098737873857,0.1976829639066539,3.871201010907891
M0652,Auto Service Harmoni,Automotive,dealer,retailer,Bogor,Sentul,Ya,QRIS,2021-12-30,tidak aktif,UMI,90682560.0,6.0,0.35512,0.0023162293140246894,0.02190926517571885,3,76.0,0.5,0.059186666666666665,24.0,12.0,22.0,0.0,3.0,0,1,0,1,3.4285714285714284,3.184793283307813,18.32287562537507,0.3038900112959893,3.2188758248682006
M0649,Selaras Otomotif Store,Automotive,dealer,retailer,Bogor,Dramaga,Ya,QRIS + EDC,2022-08-25,tidak aktif,UME,3368662547.0,1.0,0.053191,0.0005761667157782887,0.0,4,30.0,1.0,0.053191,53.0,8.0,31.0,3.6,4.0,0,1,1,0,26.5,1.9112694806227193,21.937781632507257,0.05182460321801344,3.9889840465642745
M0677,Ban & Oli Pelita Cemerlang,Automotive,bengkel,retailer,Jakarta,Cempaka Putih,Ya,QRIS,2023-03-24,aktif,UMI,116171005.0,3.0,0.173746,0.0013633225045239796,0.005847923322683706,15,53.0,0.6666666666666666,0.05791533333333334,27.0,16.0,17.0,3.9,3.0,1,1,1,0,6.75,2.6832946312881267,18.57057385317498,0.16020034365380462,3.332204510175204
M0036,Kafe Buana Mulia,F&B,cafe,retailer,Bekasi,Summarecon,Ya,QRIS,2022-04-16,aktif,UMI,66018669.0,0.0,0.0,0.0,0.0,-1,0.0,0.0,0.0,0.0,12.0,14.0,0.0,2.0,1,1,0,0,0.0,0.0,18.005448138775918,0.0,0.0
M0035,Kedai Cakrawala Baru,F&B,restaurant,retailer,Jakarta,Thamrin,Ya,QRIS,2024-12-31,aktif,UMI,120750905.0,1.0,0.055556,0.0006217216141507914,0.0,1,29.0,1.0,0.055556,21.0,18.0,26.0,3.3,4.0,0,1,1,0,10.5,1.976469302582775,18.6092403535744,0.05406764232281871,3.091042453358316
M0028,Kafe Lentera Utama,F&B,catering,retailer,Jakarta,Pluit,Ya,QRIS,2022-01-13,aktif,UMI,22368603.0,3.0,0.195233,0.001567524106384537,0.007192332268370607,13,28.0,0.6666666666666666,0.06507766666666666,18.0,9.0,20.0,3.6,2.0,0,0,1,0,4.5,2.8139250482996125,16.923168926512332,0.17834114545702165,2.9444389791664403
M0033,CV Jelita Distribusi Niaga Raya,F&B,restaurant,supplier,Bandung,Unknown,Ya,QRIS + EDC,2025-07-16,aktif,UKE,583626245.0,5.0,0.286256,0.0019746571636607016,0.015468370607028754,13,28.0,0.4,0.0572512,24.0,20.0,26.0,3.9,6.0,0,1,1,0,4.0,3.0323810106938023,20.18477134618563,0.2517356728782746,3.2188758248682006
M0042,Distribusi Boga Selaras,F&B,warung,supplier,Tangerang,Gading Serpong,Ya,QRIS,2025-05-02,aktif,UMI,52318039.5,2.0,0.149627,0.001088597585024568,0.0015488817891373802,12,58.0,1.0,0.0748135,22.0,17.0,22.0,3.8,5.0,0,1,1,0,7.333333333333333,2.4753592051609545,17.77285181219474,0.13943754193693889,3.1354942159291497
M0683,Auto Service Langgeng,Automotive,accessories,retailer,Tangerang,Unknown,Ya,QRIS + EDC,2024-02-24,aktif,UMI,41878340.0,0.0,0.0,0.0,0.0,-1,0.0,0.0,0.0,0.0,5.0,16.0,3.5,1.0,1,0,1,0,0.0,0.0,17.550279330001473,0.0,0.0
M0426,Sejahtera Pangan Market,Grocery,distributor,retailer,Bandung,Unknown,Ya,QRIS,2021-11-06,tidak aktif,UMI,21479816.0,1.0,0.052632,0.0005385209580363376,0.0,13,28.0,0.0,0.052632,21.0,12.0,16.0,3.6,2.0,1,1,1,0,10.5,1.8539843128085172,16.882624308015576,0.05129369438747053,3.091042453358316
M0429,Toko Pangan Prima,Grocery,supermarket,retailer,Bogor,Unknown,Ya,QRIS,2026-01-29,aktif,UMI,33733337.0,2.0,0.10832800000000001,0.0008238991020311813,0.0014619808306709265,3,76.0,0.5,0.054164000000000004,16.0,12.0,22.0,3.9,2.0,1,1,1,0,5.333333333333333,2.2234326827552224,17.333997164489443,0.10285257339805474,2.833213344056216
M0449,CV Sinar Pangan Niaga Raya,Grocery,supermarket,retailer,Tangerang,Alam Sutera,Ya,QRIS + EDC,2021-07-19,aktif,UME,2376462342.0,1.0,0.054054,0.0006031692079968734,0.0,15,53.0,0.0,0.054054,42.0,15.0,33.0,3.6,4.0,1,0,1,0,21.0,1.9504273710237852,21.588878808321578,0.05264368220336938,3.7612001156935624
M0472,Swalayan Mandala Sukses,Grocery,minimarket,retailer,Jakarta,Unknown,Ya,QRIS,2023-05-08,aktif,UME,1762617041.0,6.0,0.328104,0.0024635611651888795,0.01979297124600639,15,53.0,0.6666666666666666,0.054684,35.0,12.0,29.0,4.1,3.0,1,1,1,1,5.0,3.243982464981788,21.290065497254375,0.28375236124093145,3.58351893845611
M0484,CV Makmur Niaga Indonesia,Grocery,supermarket,retailer,Depok,Unknown,Ya,QRIS + EDC,2025-12-26,aktif,UKE,620305582.0,2.0,0.125768,0.0009462154531564474,0.0017942492012779554,10,26.0,0.5,0.062884,36.0,15.0,30.0,0.0,6.0,1,0,0,0,12.0,2.3477644155872275,20.24572279038648,0.11846546941215554,3.6109179126442243
M0398,Grosir Sembako Sahabat,Grocery,toko_kelontong,supplier,Bekasi,Unknown,Ya,QRIS,2021-10-31,aktif,UMI,101800537.0,1.0,0.098039,0.000829590022191902,0.0,1,29.0,1.0,0.098039,17.0,8.0,11.0,3.3,3.0,0,1,1,0,8.5,2.2295734666095055,18.43852594693903,0.09352586158223275,2.8903717578961645
M0404,Swalayan Pusaka Mulia,Grocery,supermarket,retailer,Bekasi,Summarecon,Ya,QRIS,2023-02-28,aktif,UMI,40703298.5,3.0,0.179054,0.0013186955590121301,0.003286900958466454,9,20.0,0.3333333333333333,0.05968466666666667,24.0,9.0,23.0,0.0,3.0,0,0,0,0,6.0,2.6523229220029148,17.521819715922994,0.16471242203309353,3.2188758248682006
M0363,Minimarket Arunika Mulia,Grocery,toko_kelontong,retailer,Tangerang,Unknown,Ya,QRIS,2021-09-02,aktif,UKE,319863357.0,6.0,0.367969,0.0024207451813234543,0.012483067092651757,7,67.0,0.8333333333333334,0.06132816666666668,27.0,19.0,28.0,0.0,2.0,1,0,0,1,3.857142857142857,3.227139657679104,19.583404456314916,0.31332715812488504,3.332204510175204
M0355,Toko Pangan Selaras,Grocery,distributor,retailer,Bandung,Unknown,Ya,QRIS,2025-07-02,aktif,UMI,25298029.0,2.0,0.135626,0.0010973597302719792,0.0003782747603833866,7,67.0,0.5,0.067813,14.0,13.0,21.0,0.0,3.0,0,1,0,0,4.666666666666667,2.4827040009638326,17.046237085053416,0.12718404074028292,2.70805020110221
M0528,Distributor Gadget Sentosa,Electronics,gadget,supplier,Bogor,Unknown,Ya,QRIS + EDC,2021-07-02,aktif,UMI,52789290.0,1.0,0.05,0.0005537400065021222,0.0,18,41.0,0.0,0.05,25.0,12.0,21.0,0.0,3.0,1,0,0,0,12.5,1.8775395428529749,17.781818906135637,0.048790164169432,3.258096538021482
M0271,Supplier Busana Tunas,Fashion,accessories,supplier,Bogor,Unknown,Ya,QRIS + EDC,2025-09-19,aktif,UMI,146033143.0,1.0,0.066667,0.0009243955567751493,0.0,0,44.0,1.0,0.066667,16.0,15.0,17.0,0.0,6.0,0,1,0,0,8.0,2.326687830935398,18.79934416760753,0.06453883363752234,2.833213344056216
M0547,Prima Inovasi House,Electronics,service,retailer,Depok,Unknown,Ya,QRIS + EDC,2024-03-08,aktif,UME,3989768374.0,8.0,0.459856,0.0030538353148084774,0.015739297124600638,8,46.0,0.75,0.057482000000000005,35.0,15.0,31.0,0.0,3.0,1,1,0,1,3.888888888888889,3.4512043654628672,22.10699901478469,0.3783378007189869,3.58351893845611
M0234,Grosir Kain Karya,Fashion,textile,supplier,Jakarta,Unknown,Ya,QRIS,2025-04-13,aktif,UMI,71643517.0,1.0,0.085106,0.0007667851067862067,0.0,17,39.0,1.0,0.085106,17.0,13.0,11.0,0.0,3.0,1,1,0,0,8.5,2.1596209016924086,18.087213240595425,0.08167767807302842,2.8903717578961645
M0236,Supplier Busana Adikara,Fashion,footwear,supplier,Bandung,Cihampelas,Ya,QRIS,2026-03-06,aktif,UMI,48747140.0,3.0,0.204406,0.0015009965859601952,0.002673482428115016,10,26.0,0.6666666666666666,0.06813533333333334,16.0,13.0,22.0,0.0,1.0,1,0,0,0,4.0,2.773211394564248,17.702157107534532,0.18598649934667624,2.833213344056216
M0201,Supplier Horeka Nawasena,F&B,restaurant,supplier,Bekasi,Unknown,Ya,QRIS,2021-08-31,aktif,UKE,322717474.0,4.0,0.231068,0.0016535260302043679,0.008746325878594249,1,29.0,0.5,0.057767,39.0,12.0,25.0,0.0,3.0,0,0,0,0,7.8,2.8642137281950295,19.592287808019588,0.20788208531923058,3.6888794541139363
M0174,Pusaka Kuliner Distribusi,F&B,restaurant,supplier,Bogor,Unknown,Ya,QRIS + EDC,2025-11-01,aktif,UME,2674679566.0,6.0,0.325806,0.0021424244700755067,0.008393610223642173,3,76.0,0.8333333333333334,0.054300999999999995,40.0,20.0,37.0,3.9,5.0,1,1,1,1,5.714285714285714,3.1101427262518886,21.70709542208184,0.2820205763843812,3.713572066704308
M0566,Digital Store Berkah,Electronics,computer,retailer,Bandung,Setiabudhi,Ya,QRIS,2022-11-15,aktif,UMI,40726421.0,1.0,0.050847,0.0005613189176254983,0.0,4,30.0,1.0,0.050847,16.0,12.0,18.0,0.0,5.0,0,1,0,0,8.0,1.8890660150057232,17.522387628969867,0.04959650565540632,2.833213344056216
M0608,Garasi Mas Bima,Automotive,sparepart,retailer,Bogor,Unknown,Ya,QRIS,2024-06-17,aktif,UMI,81323094.0,5.0,0.31991800000000004,0.002043124594684651,0.008858785942492012,3,76.0,0.8,0.0639836,23.0,14.0,28.0,4.0,3.0,1,0,1,0,3.8333333333333335,3.064849948105553,18.21394060551813,0.2775696134565559,3.1780538303479458
M0114,Bakery Karya Juara,F&B,restaurant,retailer,Bogor,Tanah Sareal,Ya,QRIS,2025-03-23,aktif,UMI,38661828.5,1.0,0.052632,0.0005405904959233901,0.0,8,46.0,1.0,0.052632,15.0,11.0,16.0,0.0,2.0,0,0,0,0,7.5,1.8572202148661534,17.470363353439048,0.05129369438747053,2.772588722239781
M0126,Rumah Makan Prima,F&B,warung,retailer,Bekasi,Kemang Pratama,Ya,QRIS,2021-06-11,aktif,UMI,38661828.5,0.0,0.0,0.0,0.0,-1,0.0,0.0,0.0,0.0,12.0,11.0,0.0,3.0,0,0,0,0,0.0,0.0,17.470363353439048,0.0,0.0
M0090,Supplier Horeka Cakrawala,F&B,restaurant,supplier,Bogor,Dramaga,Ya,QRIS + EDC,2024-05-14,aktif,UKE,465057342.0,2.0,0.112237,0.000989646421618475,0.0008281150159744409,8,46.0,0.5,0.0561185,30.0,12.0,21.0,4.0,4.0,0,1,1,0,10.0,2.3884383527750193,19.957671274228126,0.10637330261592895,3.4339872044851463
M0634,Distributor Sparepart Prima,Automotive,bengkel,supplier,Bogor,Unknown,Ya,QRIS + EDC,2024-10-30,aktif,UKE,619226749.0,4.0,0.247973,0.0016059429276509133,0.0022594249201277955,3,76.0,1.0,0.06199325,29.0,18.0,35.0,3.7,5.0,1,1,1,0,5.8,2.8367030876064674,20.24398208021105,0.22152063509781963,3.4011973816621555
M0633,PT Mitra Distribusi Utama,Automotive,sparepart,supplier,Tangerang,Cipondoh,Ya,QRIS + EDC,2025-09-06,aktif,UBE,7151873650.0,5.0,0.279101,0.0018921826506404075,0.019966773162939298,12,58.0,0.4,0.0558202,45.0,21.0,66.0,0.0,6.0,1,0,0,0,7.5,2.9918159400415476,22.690640208414372,0.2461574874226077,3.828641396489095
M0637,PT Mahardika Distribusi Sejahtera,Automotive,dealer,supplier,Jakarta,Thamrin,Ya,QRIS + EDC,2024-10-20,aktif,UME,2580134114.0,5.0,0.320913,0.0024135068038988656,0.008465175718849841,15,53.0,0.6,0.06418259999999999,44.0,24.0,78.0,3.9,3.0,0,1,1,0,7.333333333333333,3.224264004082934,21.67110721708703,0.2783231641737985,3.8066624897703196
M0640,Anugerah Motor Distribusi,Automotive,dealer,supplier,Bekasi,Unknown,Ya,QRIS,2023-04-22,aktif,UMI,35977764.0,2.0,0.140395,0.0011294117338207861,0.0014057507987220448,15,53.0,0.5,0.0701975,14.0,19.0,22.0,4.3,6.0,0,0,1,0,4.666666666666667,2.509120882786746,17.398411666714022,0.13137469362025123,2.70805020110221
M0466,Mentari Grosir Distribusi,Grocery,distributor,supplier,Depok,Cimanggis,Ya,QRIS + EDC,2025-04-10,aktif,UKE,453622669.0,4.0,0.261324,0.0015981775253897904,0.00413035143769968,7,67.0,0.75,0.065331,23.0,19.0,33.0,3.8,3.0,0,0,1,0,4.6,2.8321407251177857,19.932776287083104,0.23216196291697813,3.1780538303479458
M0074,Dapur Mas Dimas,F&B,bakery,retailer,Depok,Unknown,Ya,QRIS,2025-07-22,aktif,UMI,55215327.0,1.0,0.057692,0.0006516128769525331,0.0,17,39.0,1.0,0.057692,18.0,7.0,22.0,0.0,2.0,0,1,0,0,9.0,2.0170512141246966,17.826751153860467,0.056089175741910344,2.9444389791664403
M0045,UD Makmur Pangan Persada,F&B,catering,retailer,Depok,Unknown,Ya,QRIS,2024-06-15,aktif,UMI,35237984.0,3.0,0.16623100000000002,0.0012685518325497094,0.007565495207667731,14,29.0,0.3333333333333333,0.05541033333333334,25.0,7.0,36.0,0.0,1.0,0,0,0,0,6.25,2.6163382172227436,17.377635178055794,0.15377718151401784,3.258096538021482
M0021,Sejahtera Rasa Center,F&B,restaurant,retailer,Bogor,Cibinong,Ya,QRIS + EDC,2021-12-22,aktif,UKE,398655052.0,3.0,0.19179100000000002,0.0012334011872416602,0.00025559105431309905,3,76.0,1.0,0.06393033333333333,20.0,11.0,49.0,4.3,4.0,0,0,1,0,5.0,2.5903180545821978,19.803607072111514,0.1754572176996101,3.044522437723423
M0024,Warung Mbak Rani,F&B,cafe,retailer,Bogor,Unknown,Ya,QRIS + EDC,2021-03-16,aktif,UKE,624534076.0,7.0,0.425196,0.0026241568893526474,0.012753993610223642,3,76.0,0.7142857142857143,0.06074228571428571,30.0,17.0,22.0,3.5,4.0,0,1,1,1,3.75,3.304744074832994,20.25251645289467,0.3543093481219736,3.4339872044851463
M0165,CV Berkah Boga Retailindo,F&B,restaurant,retailer,Jakarta,Unknown,Ya,QRIS + EDC,2025-07-10,aktif,UKE,398655052.0,4.0,0.260876,0.0021881103356933855,0.005602555910543131,14,29.0,0.75,0.065219,22.0,7.0,19.0,4.0,2.0,1,1,1,0,4.4,3.1303113889910885,19.803607072111514,0.23180671749257764,3.1354942159291497
M0054,UD Sinar Rasa Nusantara,F&B,cafe,retailer,Tangerang,Unknown,Ya,QRIS + EDC,2025-08-27,aktif,UME,2123341937.0,1.0,0.068966,0.0006732420851716815,0.0,7,67.0,1.0,0.068966,26.0,19.0,22.0,4.1,7.0,1,0,1,0,13.0,2.045421989729915,21.476257070287442,0.06669182611147347,3.295836866004329
M0006,CV Prima Distribusi Internasional,F&B,restaurant,supplier,Bandung,Unknown,Ya,QRIS,2025-11-17,aktif,UKE,465057342.0,8.0,0.508734,0.0032905699064047604,0.019077316293929714,18,41.0,0.625,0.06359175,30.0,18.0,30.0,4.1,3.0,1,0,1,1,3.3333333333333335,3.5235831142405374,19.957671274228126,0.4112708885680705,3.4339872044851463
M0002,Pusaka Sajian Distribusi,F&B,restaurant,supplier,Jakarta,Pluit,Tidak,,,,UME,2791232371.0,2.0,0.113287,0.0010249421172402232,0.0031284345047923323,14,29.0,0.5,0.0566435,51.0,19.0,28.0,3.7,4.0,1,1,1,0,17.0,2.42031667598474,21.74974904564863,0.10731690068803064,3.9512437185814275
M0690,CV Makmur Distribusi Persada,Automotive,accessories,supplier,Bekasi,Jababeka,Tidak,,,,UME,1954724973.0,3.0,0.174612,0.0011940955386419343,0.004534185303514377,4,30.0,0.3333333333333333,0.058204000000000006,58.0,12.0,26.0,0.0,2.0,0,0,0,0,14.5,2.560397118373529,21.393515342226756,0.16093788029792427,4.07753744390572
M0687,PT Langgeng Sparepart Retailindo,Automotive,dealer,retailer,Tangerang,BSD,Tidak,,,,UME,2896748338.0,2.0,0.123055,0.0009581263274739306,0.0006031948881789137,12,58.0,0.5,0.0615275,43.0,14.0,15.0,0.0,3.0,0,0,0,0,14.333333333333334,2.3590848214515567,21.786854682440055,0.11605265051428043,3.784189633918261
M0686,PT Mitra Distribusi Indonesia,Automotive,accessories,supplier,Tangerang,Cipondoh,Tidak,,,,UME,2355430195.0,5.0,0.274061,0.0019836182157481454,0.010775718849840256,12,58.0,1.0,0.0548122,44.0,15.0,19.0,3.5,3.0,0,1,1,0,7.333333333333333,3.0366910022848077,21.57998922119275,0.24220943669446576,3.8066624897703196
M0682,Cakrawala Garage Market,Automotive,accessories,retailer,Depok,Sawangan,Tidak,,,,UKE,340534895.0,5.0,0.297135,0.0019853981214281126,0.01112332268370607,10,26.0,0.8,0.059426999999999994,27.0,3.0,22.0,3.3,1.0,1,0,1,0,4.5,3.037544875546104,19.646028162884154,0.2601579862708208,3.332204510175204
M0679,Bengkel Mitra Motor,Automotive,sparepart,retailer,Bogor,Cibinong,Tidak,,,,UMI,85680350.0,0.0,0.0,0.0,0.0,-1,0.0,0.0,0.0,0.0,5.0,12.0,0.0,1.0,0,1,0,0,0.0,0.0,18.26613408073403,0.0,0.0
M0020,UD Mandala Rasa Internasional,F&B,bakery,retailer,Jakarta,Tebet,Tidak,,,,UME,1958963967.0,4.0,0.23530600000000002,0.0020586150307048516,0.006379552715654952,14,29.0,0.75,0.058826500000000004,38.0,12.0,25.0,3.6,3.0,0,1,1,0,7.6,3.072051919551733,21.395681582681977,0.21131871266856322,3.6635616461296463
M0016,PT Mentari Distribusi Persada,F&B,bakery,supplier,Bandung,Setiabudhi,Tidak,,,,UBE,5305077368.0,8.0,0.49414800000000003,0.0031274637148882988,0.02379041533546326,18,41.0,0.875,0.0617685,48.0,19.0,27.0,3.8,4.0,1,0,1,1,5.333333333333333,3.474281694187185,22.39193019307189,0.40155614472255874,3.8918202981106265
M0009,Warung Bu Lestari,F&B,bakery,retailer,Tangerang,Cipondoh,Tidak,,,,UKE,285659865.0,4.0,0.22523200000000002,0.0016144925046979348,0.0142926517571885,12,58.0,0.5,0.056308000000000004,24.0,8.0,26.0,0.0,2.0,0,1,0,0,4.8,2.841702214192254,19.47031238130952,0.20313021382019547,3.2188758248682006
M0437,Grosir Sembako Tunas,Grocery,minimarket,supplier,Depok,Sawangan,Tidak,,,,UKE,530410873.0,0.0,0.0,0.0,0.0,-1,0.0,0.0,0.0,0.0,11.0,17.0,4.3,3.0,0,0,1,0,0.0,0.0,20.08916249813407,0.0,0.0
M0464,Prima Sembako Distribusi,Grocery,toko_kelontong,supplier,Bandung,Cihampelas,Tidak,,,,UKE,453622669.0,7.0,0.420225,0.0030069214422318445,0.010290095846645367,10,26.0,0.7142857142857143,0.06003214285714286,31.0,11.0,22.0,3.8,3.0,0,1,1,1,3.875,3.4362174389629527,19.932776287083104,0.35081530976540776,3.4657359027997265
M0454,Anugerah Pangan House,Grocery,distributor,retailer,Bekasi,Harapan Indah,Tidak,,,,UKE,284356601.0,6.0,0.362678,0.0024566558650040197,0.01303003194888179,9,20.0,0.6666666666666666,0.06044633333333333,26.0,10.0,27.0,3.5,2.0,0,1,1,1,3.7142857142857144,3.2412851947955317,19.46573964931286,0.30945188122414763,3.295836866004329
M0676,Pusat Suku Cadang Berkah Mandiri,Automotive,bengkel,supplier,Bandung,Buah Batu,Tidak,,,,UME,1723593202.0,3.0,0.183478,0.0014098813766292239,0.0019118210862619808,4,30.0,0.6666666666666666,0.06115933333333334,32.0,8.0,15.0,0.0,1.0,1,1,0,0,8.0,2.7146161822113033,21.267677020207813,0.1684575608679888,3.4965075614664802
M0675,Langgeng Motor Distribusi,Automotive,dealer,supplier,Jakarta,Senayan,Tidak,,,,UME,2611166261.0,11.0,0.636472,0.004506453087955152,0.03561916932907348,15,53.0,0.9090909090909091,0.05786109090909091,48.0,18.0,34.0,4.0,4.0,1,1,1,1,4.0,3.830043258628686,21.683062802154268,0.4925427051274218,3.8918202981106265
M0674,PT Prima Sparepart Sejahtera,Automotive,dealer,retailer,Jakarta,Kelapa Gading,Tidak,,,,UME,3477150827.0,4.0,0.23105900000000001,0.001814324947057954,0.007115654952076678,1,29.0,0.5,0.057764750000000004,59.0,9.0,33.0,4.1,3.0,1,0,1,0,11.8,2.951950145417351,21.96947906780611,0.20787477456718573,4.0943445622221
M0673,Garasi Bang Fajar,Automotive,sparepart,retailer,Jakarta,Pluit,Tidak,,,,UKE,532126632.0,4.0,0.237259,0.0018155114491471525,0.008122683706070288,15,53.0,0.75,0.05931475,25.0,10.0,20.0,3.9,1.0,0,1,1,0,5.0,2.952569755241068,20.092392050935693,0.21289844902020896,3.258096538021482
M0670,Sembada Mobilitas Market,Automotive,dealer,retailer,Depok,Sawangan,Tidak,,,,UKE,541201432.0,5.0,0.267451,0.002070573937002984,0.016005111821086264,8,46.0,0.8,0.0534902,35.0,19.0,16.0,3.8,3.0,0,0,1,0,5.833333333333333,3.077576712674017,20.109302102077063,0.23700779695881108,3.58351893845611
M0665,PT Sejahtera Distribusi Mandiri,Automotive,bengkel,supplier,Tangerang,Gading Serpong,Tidak,,,,UME,4079496113.0,11.0,0.65647,0.004372108559904138,0.03568562300319489,12,58.0,0.7272727272727273,0.05967909090909092,39.0,12.0,49.0,3.8,4.0,0,1,1,1,3.25,3.800445104022713,22.129239316264957,0.5046888321199261,3.6888794541139363
M0664,Toko Sparepart Karya,Automotive,bengkel,retailer,Tangerang,Alam Sutera,Tidak,,,,UMI,107294572.0,2.0,0.115428,0.0009731486291284197,0.0014722044728434506,1,29.0,1.0,0.057714,19.0,12.0,22.0,3.3,2.0,0,1,1,0,6.333333333333333,2.3731820644110253,18.491088628502627,0.10923818776026488,2.995732273553991
M0423,Minimarket Gemilang Sukses,Grocery,toko_kelontong,retailer,Depok,Cinere,Tidak,,,,UMI,23445862.0,4.0,0.255154,0.0017213203106875847,0.005597444089456869,7,67.0,0.75,0.0637885,15.0,12.0,18.0,3.7,3.0,1,0,1,0,3.0,2.902146776507142,16.970204619382645,0.22725827421894026,2.772588722239781
M0422,Minimarket Berkah Baru,Grocery,distributor,retailer,Depok,Cimanggis,Tidak,,,,UKE,354992152.0,2.0,0.11383,0.0013352343919049805,0.003164217252396166,15,53.0,0.5,0.056915,31.0,3.0,17.0,3.7,1.0,1,1,1,0,10.333333333333334,2.6639132681738245,19.687606242970034,0.10780452662843656,3.4657359027997265
M0447,Minimarket Mahardika Sukses,Grocery,minimarket,retailer,Bekasi,Grand Galaxy,Tidak,,,,UMI,21262952.0,1.0,0.065217,0.0006156620933863936,0.0,8,46.0,1.0,0.065217,17.0,6.0,11.0,3.8,1.0,0,0,1,0,8.5,1.96803793296424,16.872476820573944,0.06317853427452536,2.8903717578961645
M0444,Toko Sembako Pak Wahyu,Grocery,toko_kelontong,retailer,Bekasi,Summarecon,Tidak,,,,UKE,239723363.0,1.0,0.0625,0.0006830300225915136,0.0,7,67.0,0.0,0.0625,24.0,8.0,13.0,3.6,1.0,0,1,1,0,12.0,2.0580008522963897,19.294996166494343,0.06062462181643484,3.2188758248682006
M0442,Warung Sinar Mart,Grocery,distributor,retailer,Bekasi,Grand Galaxy,Tidak,,,,UMI,53558537.0,1.0,0.06383,0.000875458904163993,0.0,15,53.0,0.0,0.06383,19.0,5.0,22.0,3.4,2.0,1,1,1,0,9.5,2.277737845216363,17.796285781924773,0.06187560371806747,2.995732273553991
M0407,CV Lentera Distribusi Indonesia,Grocery,supermarket,supplier,Bandung,Buah Batu,Tidak,,,,UME,2702170644.0,7.0,0.418725,0.0028019652267016605,0.01976741214057508,13,28.0,0.42857142857142855,0.05981785714285715,39.0,14.0,19.0,3.6,5.0,0,0,1,1,4.875,3.3679732648555327,21.71732122956054,0.3497585809469471,3.6888794541139363
M0433,PT Buana Mart Niaga Raya,Grocery,distributor,retailer,Bekasi,Kemang Pratama,Tidak,,,,UME,2376462342.0,3.0,0.16795100000000002,0.001274105053739385,0.00885367412140575,17,39.0,0.6666666666666666,0.055983666666666675,35.0,8.0,42.0,4.2,4.0,0,1,1,0,8.75,2.6203877421970225,21.588878808321578,0.15525093147122876,3.58351893845611
M0432,Minimarket Prima Maju,Grocery,toko_kelontong,retailer,Bandung,Setiabudhi,Tidak,,,,UKE,657667149.0,5.0,0.30132000000000003,0.0019101309479274578,0.009139936102236422,13,28.0,0.6,0.060264000000000005,31.0,11.0,25.0,3.8,3.0,1,1,1,0,5.166666666666667,3.0007849611655923,20.30420951023995,0.26337913392860746,3.4657359027997265
M0431,Prima Pangan Market,Grocery,toko_kelontong,retailer,Jakarta,Tebet,Tidak,,,,UKE,873666426.0,2.0,0.127009,0.0010464437380185536,0.001906709265175719,8,46.0,1.0,0.0635045,42.0,18.0,32.0,4.3,4.0,1,1,1,0,14.0,2.4392498422915874,20.588209198296756,0.11956722082876976,3.7612001156935624
M0427,CV Buana Grosir Internasional,Grocery,toko_kelontong,retailer,Depok,Cimanggis,Tidak,,,,UME,1972602223.0,7.0,0.439208,0.002720857382844748,0.014532907348242812,7,67.0,0.42857142857142855,0.062744,37.0,9.0,22.0,3.7,1.0,1,1,1,1,4.625,3.3396259682041154,21.40261943392954,0.364092962282428,3.6375861597263857
M0482,Toko Pangan Pusaka,Grocery,supermarket,retailer,Tangerang,Gading Serpong,Tidak,,,,UKE,392349688.0,7.0,0.493201,0.003011825181516259,0.007284345047923323,6,16.0,0.42857142857142855,0.07045728571428571,22.0,3.0,22.0,3.7,1.0,0,0,1,1,2.75,3.4377945221269672,19.787664063877827,0.4009221377607195,3.1354942159291497
M0481,Pusat Grosir Mentari Cemerlang,Grocery,toko_kelontong,supplier,Tangerang,BSD,Tidak,,,,UKE,740105546.0,4.0,0.245596,0.0019286492914628414,0.009528434504792332,9,20.0,1.0,0.061398999999999995,39.0,15.0,25.0,4.0,3.0,0,0,1,0,7.8,3.00995529092482,20.422303365072725,0.21961413022870593,3.6888794541139363
M0480,Sejahtera Retail Distribusi,Grocery,distributor,supplier,Depok,Cinere,Tidak,,,,UME,1846061985.0,7.0,0.456266,0.0030618648197392575,0.013536102236421725,7,67.0,0.7142857142857143,0.06518085714285714,43.0,13.0,18.0,3.9,3.0,0,1,1,1,5.375,3.453747079361843,21.336320551011536,0.37587562539597913,3.784189633918261
M0477,Sahabat Retail Distribusi,Grocery,toko_kelontong,supplier,Bekasi,Harapan Indah,Tidak,,,,UME,3312777340.0,0.0,0.0,0.0,0.0,-1,0.0,0.0,0.0,0.0,10.0,41.0,3.3,1.0,1,1,1,0,0.0,0.0,21.921052750338866,0.0,0.0
M0471,Toko Sembako Mas Dimas,Grocery,distributor,retailer,Bekasi,Harapan Indah,Tidak,,,,UMI,38116397.0,5.0,0.301722,0.002099023379545761,0.00745814696485623,17,39.0,0.6,0.0603444,21.0,8.0,13.0,0.0,2.0,1,0,0,0,3.5,3.090598436409088,17.456155141204913,0.263688003323105,3.091042453358316
M0394,Mandala Niaga Distribusi,Grocery,distributor,supplier,Bekasi,Summarecon,Tidak,,,,UKE,361953661.0,6.0,0.335015,0.0021605907005858038,0.020370607028753995,8,46.0,0.8333333333333334,0.055835833333333335,32.0,3.0,27.0,0.0,1.0,1,0,0,1,4.571428571428571,3.118211244067166,19.707026756071777,0.28894252774414614,3.4965075614664802
M0393,PT Harmoni Pangan Utama,Grocery,minimarket,retailer,Depok,Cinere,Tidak,,,,UME,3472477988.0,5.0,0.316272,0.0021622529949546576,0.007090095846645368,7,67.0,0.6,0.06325440000000002,54.0,17.0,22.0,4.0,5.0,1,0,1,0,9.0,3.1189463101254256,21.968134293911778,0.27480349847641583,4.007333185232471
M0391,Toko Pangan Berkah,Grocery,supermarket,retailer,Jakarta,Thamrin,Tidak,,,,UMI,42169441.0,2.0,0.105264,0.0010385188748703394,0.0011194888178913738,15,53.0,1.0,0.052632,21.0,12.0,22.0,4.1,1.0,0,1,1,0,7.0,2.4323132780961867,17.557206393479635,0.10008422046145418,3.091042453358316
M0390,Grosir Sembako Cakrawala,Grocery,minimarket,supplier,Tangerang,Alam Sutera,Tidak,,,,UKE,346467996.0,1.0,0.061224,0.0005852253627938117,0.0,18,41.0,1.0,0.061224,17.0,4.0,20.0,3.4,2.0,0,1,1,0,8.5,1.924577594945848,19.663301011578355,0.0594229589322327,2.8903717578961645
M0417,Pelita Grosir House,Grocery,minimarket,retailer,Bekasi,Kemang Pratama,Tidak,,,,UKE,555604328.0,2.0,0.113856,0.0009103265930392912,0.0011706070287539937,18,41.0,1.0,0.056928,36.0,12.0,8.0,3.8,1.0,1,1,1,0,12.0,2.3128587310226587,20.135566960390783,0.10782786923596849,3.6109179126442243
M0414,Toko Sembako Bu Maya,Grocery,toko_kelontong,retailer,Tangerang,BSD,Tidak,,,,UKE,249613872.0,4.0,0.267318,0.0018034410234685422,0.003210223642172524,6,16.0,0.75,0.0668295,16.0,6.0,18.0,0.0,1.0,1,0,0,0,3.2,2.946248406149082,19.33542577384447,0.23690285642961725,2.833213344056216
M0412,PT Jelita Niaga Niaga Raya,Grocery,supermarket,retailer,Bekasi,Summarecon,Tidak,,,,UME,2327537368.0,3.0,0.168616,0.0012110487033223948,0.004922683706070288,8,46.0,0.6666666666666666,0.05620533333333333,47.0,10.0,25.0,3.8,2.0,1,1,1,0,11.75,2.5734124468356843,21.568076622410885,0.15582014264125302,3.871201010907891
M0410,Adikara Grosir Center,Grocery,minimarket,retailer,Bogor,Cibinong,Tidak,,,,UKE,684374893.0,1.0,0.057143,0.0006102904143733062,0.0,18,41.0,1.0,0.057143,31.0,8.0,11.0,0.0,2.0,1,0,0,0,15.5,1.9605037347441336,20.34401641608328,0.05556998628993677,3.4657359027997265
M0376,Sejahtera Mart Distribusi,Grocery,supermarket,supplier,Bogor,Cibinong,Tidak,,,,UME,3577117553.0,4.0,0.217375,0.0014902552273697003,0.01011629392971246,3,76.0,1.0,0.054343749999999996,52.0,11.0,37.0,3.6,5.0,0,0,1,0,10.4,2.766479616702474,21.997823160535678,0.1966969012992263,3.970291913552122
M0400,Toko Pangan Adikara,Grocery,minimarket,retailer,Bekasi,Kemang Pratama,Tidak,,,,UMI,44116509.0,2.0,0.135551,0.0011658009799010278,0.0009252396166134185,1,29.0,1.0,0.0677755,20.0,9.0,12.0,4.0,1.0,1,1,1,0,6.666666666666667,2.5382902004885604,17.60234464677294,0.12711799568960896,3.044522437723423
M0359,Harmoni Pangan Distribusi,Grocery,minimarket,supplier,Bekasi,Grand Galaxy,Tidak,,,,UME,2647373036.0,7.0,0.408621,0.002780729403232023,0.01396038338658147,8,46.0,0.5714285714285714,0.05837442857142857,44.0,7.0,13.0,3.5,1.0,0,0,1,1,5.5,3.3606286200868505,21.696833678482555,0.3426112116377511,3.8066624897703196
M0386,Minimarket Arunika Pilihan,Grocery,supermarket,retailer,Bekasi,Summarecon,Tidak,,,,UMI,25786238.0,1.0,0.078947,0.000807156486466978,0.0,9,20.0,1.0,0.078947,16.0,2.0,11.0,3.7,1.0,0,0,1,0,8.0,2.2051447811822533,17.06535153550533,0.07598556551444911,2.833213344056216
M0384,CV Sembada Distribusi Utama,Grocery,supermarket,supplier,Bogor,Bogor Tengah,Tidak,,,,UKE,381079599.0,5.0,0.317481,0.001961337345540489,0.004943130990415335,3,76.0,1.0,0.0634962,29.0,9.0,18.0,0.0,2.0,1,1,0,0,4.833333333333333,3.0259400620227246,19.758518835153936,0.2757215800770212,3.4011973816621555
M0383,PT Selaras Retail Retailindo,Grocery,minimarket,retailer,Jakarta,Senayan,Tidak,,,,UME,2552483759.0,1.0,0.0625,0.0008437306027514536,0.0,9,20.0,1.0,0.0625,36.0,7.0,11.0,0.0,2.0,0,1,0,0,18.0,2.2446705609879762,21.660332745593042,0.06062462181643484,3.6109179126442243
M0491,Digital Store Tunas,Electronics,accessories,retailer,Depok,Cinere,Tidak,,,,UMI,116531075.0,3.0,0.172207,0.001292522449057587,0.005346964856230032,8,46.0,0.6666666666666666,0.05740233333333333,26.0,8.0,21.0,3.8,1.0,0,0,1,0,6.5,2.6337019070892067,18.57366854218055,0.1588882967195496,3.295836866004329
M0489,PT Bintang Distribusi Mandiri,Grocery,supermarket,supplier,Bandung,Dago,Tidak,,,,UME,2466381784.0,4.0,0.256336,0.0018590363830674086,0.004074121405750798,18,41.0,0.5,0.064084,33.0,12.0,15.0,3.9,3.0,0,0,1,0,6.6,2.9750378040491268,21.626018049251076,0.22819954819356944,3.5263605246161616
M0348,CV Sejahtera Distribusi Internasional,Fashion,accessories,supplier,Depok,Cinere,Tidak,,,,UME,1808210488.0,7.0,0.407164,0.002772120502632219,0.01834632587859425,7,67.0,0.5714285714285714,0.05816628571428571,38.0,14.0,12.0,3.9,4.0,0,1,1,1,4.75,3.3576357010408455,21.315603513047087,0.34157633139651494,3.6635616461296463
M0347,CV Makmur Apparel Nusantara,Fashion,footwear,retailer,Bekasi,Grand Galaxy,Tidak,,,,UME,1874385726.0,7.0,0.37965,0.0025654708915854303,0.028191693290734825,5,19.0,0.7142857142857143,0.05423571428571428,34.0,9.0,20.0,3.9,2.0,1,1,1,1,4.25,3.282965829781943,21.351546830425495,0.3218298438129075,3.5553480614894135
M0345,Konveksi Buana Sukses,Fashion,clothing,supplier,Jakarta,Kelapa Gading,Tidak,,,,UMI,29432100.0,0.0,0.0,0.0,0.0,-1,0.0,0.0,0.0,0.0,6.0,13.0,3.7,2.0,1,1,1,0,0.0,0.0,17.19759650739989,0.0,0.0
M0371,PT Sembada Distribusi Sentosa,Grocery,minimarket,supplier,Bandung,Setiabudhi,Tidak,,,,UME,3158326679.0,2.0,0.102581,0.0008658131743925977,0.0019271565495207667,3,76.0,0.0,0.0512905,52.0,14.0,28.0,4.2,3.0,1,0,1,0,17.333333333333332,2.2678002282700946,21.873308192648267,0.09765379502787583,3.970291913552122
M0369,CV Sentosa Distribusi Retailindo,Grocery,supermarket,supplier,Bogor,Dramaga,Tidak,,,,UME,2982121856.0,10.0,0.553055,0.003502359373058161,0.038773162939297126,3,76.0,0.8,0.05530550000000001,59.0,6.0,26.0,0.0,3.0,0,1,0,1,5.363636363636363,3.5841741051925498,21.81590091663915,0.4402239588646193,4.0943445622221
M0332,Grosir Kain Nawasena,Fashion,textile,supplier,Depok,Sawangan,Tidak,,,,UKE,427517913.0,2.0,0.121753,0.001328385081498574,0.003164217252396166,7,67.0,0.5,0.0608765,33.0,10.0,20.0,3.9,3.0,0,0,1,0,11.0,2.6591295854733583,19.873506749556704,0.11489264026306949,3.5263605246161616
M0328,PT Selaras Busana Nusantara,Fashion,textile,retailer,Bekasi,Kemang Pratama,Tidak,,,,UME,3889863346.0,7.0,0.399753,0.002631839124499103,0.02404600638977636,17,39.0,0.8571428571428571,0.057107571428571424,37.0,15.0,19.0,3.7,3.0,1,1,1,1,4.625,3.307560147353501,22.081639864653805,0.33629579248443314,3.6375861597263857
M0325,Butik Sembada Sejati,Fashion,clothing,retailer,Bekasi,Jababeka,Tidak,,,,UMI,33322441.0,2.0,0.14561400000000002,0.0011235256451813862,0.0,17,39.0,0.5,0.07280700000000001,19.0,9.0,11.0,3.3,3.0,1,0,1,0,6.333333333333333,2.5043216571828424,17.32174166189311,0.13594073781996344,2.995732273553991
M0351,CV Selaras Niaga Sejahtera,Grocery,minimarket,retailer,Jakarta,Thamrin,Tidak,,,,UKE,618436567.0,4.0,0.230891,0.0016000991792859247,0.0064,4,30.0,0.75,0.05772275,30.0,14.0,14.0,0.0,3.0,0,0,0,0,6.0,2.8332716831108864,20.242705186736274,0.20773829738425287,3.4339872044851463
M0349,PT Adikara Apparel Indonesia,Fashion,textile,retailer,Bogor,Sentul,Tidak,,,,UME,2190927440.0,5.0,0.302203,0.0021221192627375145,0.009773801916932907,3,76.0,0.8,0.0604406,52.0,18.0,43.0,0.0,4.0,1,1,0,0,8.666666666666666,3.1010464563703493,21.507590780169743,0.26405744561155103,3.970291913552122
M0512,Langgeng Gadget House,Electronics,gadget,retailer,Depok,Sawangan,Tidak,,,,UKE,725546654.0,3.0,0.173612,0.0014504291302569379,0.005362300319488818,7,67.0,0.6666666666666666,0.05787066666666666,27.0,12.0,24.0,3.5,2.0,1,1,1,0,6.75,2.741116843837316,20.40243593559511,0.16008617274323572,3.332204510175204
M0510,Toko Elektronik Gemilang,Electronics,gadget,retailer,Bekasi,Summarecon,Tidak,,,,UKE,308199689.0,2.0,0.115663,0.0009944302559446228,0.0011297124600638977,8,46.0,1.0,0.0578315,25.0,6.0,10.0,3.9,4.0,0,0,1,0,8.333333333333334,2.3928190066462767,19.54625847500942,0.10944884703043276,3.258096538021482
M0509,CV Tunas Gadget Sentosa,Electronics,gadget,retailer,Bandung,Buah Batu,Tidak,,,,UME,2720908510.0,4.0,0.23422300000000001,0.0018465821508913314,0.007892651757188498,13,28.0,0.5,0.05855575,46.0,15.0,21.0,4.2,3.0,1,0,1,0,9.2,2.968660184585571,21.724231672881988,0.21044162228458457,3.8501476017100584
M0505,Toko Elektronik Berseri,Electronics,gadget,retailer,Bekasi,Harapan Indah,Tidak,,,,UMI,40726421.0,1.0,0.061224,0.0006506819114587687,0.0,8,46.0,1.0,0.061224,18.0,7.0,15.0,4.0,1.0,0,1,1,0,9.0,2.0158118227347823,17.522387628969867,0.0594229589322327,2.9444389791664403
M0316,Rumah Mode Berkah,Fashion,accessories,retailer,Jakarta,Kelapa Gading,Tidak,,,,UKE,752619590.0,1.0,0.050847,0.0006080526099741782,0.0,14,29.0,1.0,0.050847,26.0,8.0,16.0,0.0,3.0,0,0,0,0,13.0,1.9573482128180684,20.439070466877023,0.04959650565540632,3.295836866004329
M0311,CV Arunika Apparel Sejahtera,Fashion,accessories,retailer,Depok,Sawangan,Tidak,,,,UME,2813251924.0,3.0,0.158424,0.0016093035963892356,0.005244728434504792,10,26.0,0.3333333333333333,0.052808,43.0,19.0,21.0,0.0,3.0,0,0,0,0,10.75,2.838671126984809,21.75760691985612,0.14706046066673947,3.784189633918261
M0340,Toko Busana Mas Bima,Fashion,clothing,retailer,Bekasi,Grand Galaxy,Tidak,,,,UKE,603240191.0,3.0,0.187191,0.0014273551734580489,0.003506709265175719,0,44.0,0.6666666666666666,0.062397,32.0,9.0,24.0,0.0,1.0,0,1,0,0,8.0,2.7261226877692204,20.21782600373799,0.17159001253971037,3.4965075614664802
M0337,Berseri Garmen Distribusi,Fashion,clothing,supplier,Depok,Cinere,Tidak,,,,UKE,194843413.0,2.0,0.115151,0.0010592827812909108,0.001594888178913738,8,46.0,0.0,0.0575755,21.0,6.0,8.0,3.5,1.0,1,1,1,0,7.0,2.4503866149004074,19.087706788818497,0.10898982175177657,3.091042453358316
M0335,Atelier Cakrawala,Fashion,footwear,retailer,Depok,Sawangan,Tidak,,,,UKE,227581488.0,7.0,0.389487,0.0025148595841234566,0.014844728434504793,7,67.0,0.7142857142857143,0.055640999999999996,31.0,8.0,27.0,3.7,2.0,0,0,1,1,3.875,3.263795492749331,19.24301892562593,0.3289346142732435,3.4657359027997265
M0301,Butik Pusaka Jaya,Fashion,accessories,retailer,Bandung,Setiabudhi,Tidak,,,,UMI,61625535.0,7.0,0.467538,0.003496323608425723,0.018397444089456868,13,28.0,0.7142857142857143,0.06679114285714285,23.0,11.0,13.0,3.5,1.0,0,1,1,1,2.875,3.582497196774064,17.936586888058066,0.38358616676305507,3.1780538303479458
M0297,CV Lentera Busana Sentosa,Fashion,accessories,retailer,Bekasi,Summarecon,Tidak,,,,UKE,235934857.0,4.0,0.25232,0.0019614943011257106,0.00745814696485623,17,39.0,0.5,0.06308,29.0,6.0,19.0,3.9,1.0,0,1,1,0,5.8,3.0260162017241474,19.279066299464127,0.22499783107439095,3.4011973816621555
M0307,Atelier Gemilang,Fashion,clothing,retailer,Bekasi,Summarecon,Tidak,,,,UKE,217327303.0,3.0,0.16114,0.0010839387765498795,0.006246645367412141,8,46.0,0.3333333333333333,0.053713333333333335,28.0,10.0,6.0,3.8,2.0,1,0,1,0,7.0,2.4714319191238694,19.196915088506703,0.14940228114786416,3.367295829986474
M0304,PT Anugerah Kriya Indonesia,Fashion,accessories,retailer,Tangerang,Karawaci,Tidak,,,,UBE,7766960961.0,8.0,0.428248,0.002956866716527998,0.022328434504792334,12,58.0,0.625,0.053531,47.0,11.0,39.0,0.0,3.0,0,0,0,1,5.222222222222222,3.4199755355175196,22.773144800235073,0.3564485183063836,3.871201010907891
M0501,Digital Store Buana,Electronics,service,retailer,Bandung,Braga,Tidak,,,,UMI,28756553.0,0.0,0.0,0.0,0.0,-1,0.0,0.0,0.0,0.0,11.0,13.0,3.9,1.0,0,1,1,0,0.0,0.0,17.174376264444902,0.0,0.0
M0532,PT Sembada Distribusi Mandiri,Electronics,service,supplier,Jakarta,Kelapa Gading,Tidak,,,,UBE,5955973609.0,3.0,0.161126,0.001222321376423825,0.007964217252396166,17,39.0,0.6666666666666666,0.053708666666666675,56.0,17.0,32.0,3.8,5.0,1,1,1,0,14.0,2.5819739035362983,22.5076605209323,0.14939022395889426,4.04305126783455
M0530,Arunika Elektronik Center,Electronics,gadget,retailer,Depok,Sawangan,Tidak,,,,UKE,356274913.0,6.0,0.337731,0.002389502974334027,0.01615335463258786,0,44.0,0.6666666666666666,0.0562885,38.0,11.0,10.0,0.0,2.0,0,0,0,1,5.428571428571429,3.214668174845,19.69121322113695,0.29097489515569497,3.6635616461296463
M0524,Komputer Sejahtera Asri,Electronics,service,retailer,Bekasi,Grand Galaxy,Tidak,,,,UMI,32989401.0,0.0,0.0,0.0,0.0,-1,0.0,0.0,0.0,0.0,2.0,4.0,0.0,1.0,1,0,0,0,0.0,0.0,17.31169691633541,0.0,0.0
M0270,PT Makmur Mode Sejahtera,Fashion,footwear,retailer,Bekasi,Grand Galaxy,Tidak,,,,UME,2400429001.0,9.0,0.500905,0.003098645498349754,0.026106070287539935,17,39.0,0.5555555555555556,0.055656111111111115,35.0,1.0,17.0,3.8,2.0,0,1,1,1,3.5,3.4653125314250106,21.598913309159617,0.40606825950911574,3.58351893845611
M0268,UD Nawasena Mode Internasional,Fashion,textile,retailer,Tangerang,BSD,Tidak,,,,UMI,26940304.0,1.0,0.051724,0.0007292731192675412,0.0,12,58.0,0.0,0.051724,16.0,3.0,12.0,3.9,2.0,0,1,1,0,8.0,2.115379371182173,17.10913405033749,0.05043072247934233,2.833213344056216
M0267,PT Bintang Kriya Internasional,Fashion,footwear,retailer,Depok,Cinere,Tidak,,,,UME,1636963579.0,6.0,0.344641,0.002236403015544479,0.014543130990415336,7,67.0,0.3333333333333333,0.05744016666666666,37.0,14.0,22.0,4.1,4.0,1,0,1,1,5.285714285714286,3.1511976668571133,21.216108887073258,0.29612706292764657,3.6375861597263857
M0264,PT Sahabat Apparel Persada,Fashion,footwear,retailer,Bandung,Braga,Tidak,,,,UME,2612880459.0,7.0,0.38741400000000004,0.0026538809172621945,0.018264536741214057,9,20.0,0.7142857142857143,0.05534485714285714,35.0,7.0,27.0,0.0,3.0,1,0,0,1,4.375,3.3155962524463174,21.683719074256242,0.32744158273550816,3.58351893845611
M0292,PT Sahabat Kriya Utama,Fashion,clothing,retailer,Bogor,Tanah Sareal,Tidak,,,,UME,2857347275.0,3.0,0.173905,0.0011546714712019133,0.007545047923322684,3,76.0,0.3333333333333333,0.05796833333333334,44.0,8.0,12.0,3.8,3.0,1,0,1,0,11.0,2.5294588553737616,21.773159505485754,0.1603357981998535,3.8066624897703196
M0291,Sejahtera Tekstil House,Fashion,accessories,retailer,Tangerang,Alam Sutera,Tidak,,,,UKE,755814576.0,10.0,0.598931,0.003603284816096966,0.02345814696485623,12,58.0,0.8,0.0598931,34.0,20.0,17.0,3.9,4.0,1,0,1,1,3.090909090909091,3.611805306927741,20.443306635542047,0.4693352809507629,3.5553480614894135
M0290,Toko Busana Bu Wati,Fashion,accessories,retailer,Jakarta,Tebet,Tidak,,,,UMI,46764699.0,1.0,0.052632,0.0005842300569227103,0.0,5,19.0,1.0,0.052632,8.0,10.0,11.0,3.8,1.0,0,0,1,0,4.0,1.9231240156149407,17.660639202776217,0.05129369438747053,2.1972245773362196
M0287,Grosir Kain Anugerah,Fashion,textile,supplier,Jakarta,Sudirman,Tidak,,,,UMI,62770018.0,1.0,0.069767,0.0007316352430594895,0.0,14,29.0,1.0,0.069767,22.0,6.0,11.0,0.0,1.0,1,1,0,0,11.0,2.118223748919183,17.954988112986037,0.06744086775196902,3.1354942159291497
M0255,CV Harmoni Mode Utama,Fashion,accessories,retailer,Depok,Cinere,Tidak,,,,UME,2666823686.0,4.0,0.24763800000000002,0.001734759247162624,0.007217891373801917,8,46.0,0.25,0.0619095,49.0,11.0,12.0,3.6,3.0,1,0,1,0,9.8,2.909498365436711,21.704153970849624,0.2212521637679432,3.912023005428146
M0253,UD Berkah Garmen Niaga Raya,Fashion,footwear,retailer,Jakarta,Kemang,Tidak,,,,UME,1520796583.0,3.0,0.152581,0.0011639426919272616,0.007754632587859425,8,46.0,0.3333333333333333,0.05086033333333334,36.0,16.0,31.0,0.0,2.0,0,1,0,0,9.0,2.536821049025742,21.142500102949754,0.14200377541466438,3.6109179126442243
M0251,Rumah Mode Mahardika,Fashion,textile,retailer,Bandung,Dago,Tidak,,,,UKE,400392523.0,7.0,0.458727,0.002707835801671972,0.015749520766773162,4,30.0,0.42857142857142855,0.06553242857142857,26.0,3.0,22.0,0.0,1.0,0,1,0,1,3.25,3.3349991022598258,19.807955933902356,0.37756413757059337,3.295836866004329
M0246,Atelier Tunas,Fashion,accessories,retailer,Bekasi,Summarecon,Tidak,,,,UKE,337539091.0,2.0,0.127196,0.0009606275915621146,0.0012268370607028754,0,44.0,0.5,0.063598,22.0,16.0,22.0,4.0,4.0,0,1,1,0,7.333333333333333,2.3614458934266325,19.637191889717446,0.11973313297999733,3.1354942159291497
M0245,Busana Cakrawala Bersama,Fashion,textile,retailer,Jakarta,Thamrin,Tidak,,,,UMI,78465604.0,0.0,0.0,0.0,0.0,-1,0.0,0.0,0.0,0.0,3.0,12.0,4.0,1.0,0,1,1,0,0.0,0.0,18.17817093386938,0.0,0.0
M0274,PT Sejahtera Distribusi Sentosa,Fashion,textile,supplier,Bogor,Sentul,Tidak,,,,UME,3898867038.0,10.0,0.5788530000000001,0.0032341629560395228,0.020370607028753995,3,76.0,0.9,0.05788530000000001,56.0,18.0,21.0,0.0,4.0,0,0,0,1,5.090909090909091,3.506806753164654,22.08395184505738,0.4566986340429499,4.04305126783455
M0548,Gemilang Komputer Store,Electronics,service,retailer,Bekasi,Grand Galaxy,Tidak,,,,UBE,6273507539.0,2.0,0.106338,0.0011072185496486984,0.0005060702875399362,5,19.0,0.5,0.053169,43.0,16.0,33.0,4.0,4.0,1,1,1,0,14.333333333333334,2.4909040871930035,22.559601451444234,0.10105546219882491,3.784189633918261
M0541,Sejahtera Teknologi Market,Electronics,computer,retailer,Bandung,Setiabudhi,Tidak,,,,UKE,662368342.0,2.0,0.11493500000000001,0.000923456252679852,0.0033635782747603836,9,20.0,0.5,0.057467500000000005,28.0,14.0,14.0,3.8,2.0,1,1,1,0,9.333333333333334,2.32577047533688,20.311332368528547,0.10879610724868077,3.367295829986474
M0540,Sembada Inovasi Distribusi,Electronics,service,supplier,Tangerang,Gading Serpong,Tidak,,,,UME,3002796001.0,8.0,0.426545,0.00296248477412141,0.024705431309904154,18,41.0,0.875,0.053318125,41.0,8.0,24.0,3.8,2.0,0,1,1,1,4.555555555555555,3.421811697137074,21.82280969223823,0.35525543691518613,3.7376696182833684
M0538,Toko Elektronik Sembada,Electronics,service,retailer,Depok,Margonda,Tidak,,,,UKE,399154672.0,4.0,0.237982,0.001763056304319522,0.007851757188498402,8,46.0,0.75,0.0594955,27.0,7.0,18.0,4.0,1.0,0,0,1,0,5.4,2.9248034065505415,19.80485955136573,0.21348263457673594,3.332204510175204
M0534,PT Kencana Gadget Mandiri,Electronics,computer,retailer,Jakarta,Senayan,Tidak,,,,UME,2104267677.0,5.0,0.279177,0.002203644823562185,0.015156549520766774,9,20.0,0.6,0.0558354,62.0,17.0,34.0,3.3,1.0,1,0,1,0,10.333333333333334,3.1370776675043412,21.467233347113698,0.24621690238847332,4.143134726391533
M0241,Atelier Pusaka,Fashion,textile,retailer,Jakarta,Kelapa Gading,Tidak,,,,UKE,435854265.0,1.0,0.057971,0.0006596319661777202,0.0,15,53.0,1.0,0.057971,24.0,14.0,23.0,0.0,4.0,0,0,0,0,12.0,2.027663874973636,19.892818493144983,0.05635292285250152,3.2188758248682006
M0240,Harmoni Kriya House,Fashion,clothing,retailer,Bogor,Sentul,Tidak,,,,UKE,491158473.0,2.0,0.110847,0.000875805182871508,0.00042428115015974443,3,76.0,1.0,0.0554235,27.0,11.0,12.0,3.9,2.0,0,0,1,0,9.0,2.278092772787111,20.012277391321227,0.10512278740270371,3.332204510175204
M0239,CV Makmur Apparel Sejahtera,Fashion,accessories,retailer,Bandung,Setiabudhi,Tidak,,,,UME,2920593411.0,6.0,0.315132,0.0021514078516639487,0.020743769968051117,10,26.0,0.5,0.05252199999999999,36.0,21.0,23.0,4.1,5.0,0,1,1,1,5.142857142857143,3.1141408253849785,21.795052655867217,0.27393704082010684,3.6109179126442243
M0237,CV Sentosa Distribusi Nusantara,Fashion,textile,supplier,Bandung,Braga,Tidak,,,,UKE,677757721.0,5.0,0.302283,0.002012815522266849,0.009758466453674121,18,41.0,0.4,0.06045659999999999,29.0,12.0,19.0,0.0,4.0,1,0,0,0,4.833333333333333,3.0506065217431413,20.334300439859845,0.2641188780784755,3.4011973816621555
M0232,Sentosa Tekstil Market,Fashion,accessories,retailer,Tangerang,BSD,Tidak,,,,UKE,830216551.0,10.0,0.600134,0.004049043117594574,0.03269520766773163,12,58.0,0.7,0.060013399999999995,32.0,8.0,23.0,3.7,2.0,0,0,1,1,2.909090909090909,3.7254628265767677,20.537197130748957,0.4700873757389001,3.4965075614664802
M0231,UD Buana Apparel Indonesia,Fashion,textile,retailer,Depok,Cimanggis,Tidak,,,,UME,3348840247.0,8.0,0.476066,0.002941856005089435,0.015105431309904153,7,67.0,0.625,0.059508250000000006,52.0,13.0,21.0,3.7,5.0,0,1,1,1,5.777777777777778,3.4150529501057307,21.931879928217327,0.3893804406257294,3.970291913552122
M0230,Toko Busana Bu Ningsih,Fashion,accessories,retailer,Bogor,Dramaga,Tidak,,,,UMI,21491987.0,1.0,0.060606,0.0006007215274998419,0.0,3,76.0,0.0,0.060606,18.0,12.0,22.0,4.1,1.0,0,1,1,0,9.0,1.9469403717648142,16.883190772483402,0.058840442880074666,2.9444389791664403
M0260,CV Buana Kriya Nusantara,Fashion,textile,retailer,Bekasi,Kemang Pratama,Tidak,,,,UME,2800081798.0,1.0,0.061224,0.0006336962610041428,0.0,18,41.0,0.0,0.061224,41.0,18.0,18.0,0.0,4.0,1,0,0,0,20.5,1.992924943636199,21.752914467629424,0.0594229589322327,3.7376696182833684
M0259,PT Sinar Tekstil Sentosa,Fashion,footwear,retailer,Bandung,Cihampelas,Tidak,,,,UME,1637492080.0,5.0,0.265983,0.00203085124202736,0.007723961661341853,17,39.0,1.0,0.0531966,41.0,13.0,27.0,0.0,3.0,1,1,0,0,6.833333333333333,3.059106637023229,21.216431689431452,0.23584889551176325,3.7376696182833684
M0224,PT Pelita Kriya Sentosa,Fashion,textile,retailer,Depok,Cinere,Tidak,,,,UME,3476882469.0,5.0,0.28729,0.0019194698548257003,0.01434888178913738,0,44.0,0.8,0.057457999999999995,37.0,12.0,31.0,3.9,4.0,0,0,1,0,6.166666666666667,3.005420121855539,21.96940188727256,0.25253923345627755,3.6375861597263857
M0222,Grosir Kain Selaras,Fashion,textile,supplier,Bogor,Sentul,Tidak,,,,UKE,445364710.0,0.0,0.0,0.0,0.0,-1,0.0,0.0,0.0,0.0,11.0,10.0,3.7,2.0,0,1,1,0,0.0,0.0,19.914404079742983,0.0,0.0
M0220,PT Pusaka Distribusi Indonesia,Fashion,accessories,supplier,Tangerang,Karawaci,Tidak,,,,UME,2336451768.0,4.0,0.24892999999999998,0.0017236844999227489,0.003726517571884984,6,16.0,1.0,0.0622325,28.0,11.0,22.0,4.1,2.0,0,1,1,0,5.6,2.9034439981513036,21.57189927747783,0.22228718473700143,3.367295829986474
M0218,Grosir Kain Pelita,Fashion,accessories,supplier,Jakarta,Kemang,Tidak,,,,UMI,43511656.0,1.0,0.096774,0.001594896331738437,0.0,2,2.0,1.0,0.096774,14.0,11.0,10.0,3.9,2.0,1,1,1,0,7.0,2.8302066707397744,17.58853943717098,0.09237314366041133,2.70805020110221
M0214,Langgeng Tekstil Distribusi,Fashion,textile,supplier,Bekasi,Grand Galaxy,Tidak,,,,UKE,530631245.0,6.0,0.396403,0.0025130807741333737,0.012217252396166134,0,44.0,0.6666666666666666,0.06606716666666666,35.0,7.0,24.0,0.0,1.0,1,1,0,1,5.0,3.2631149914670554,20.089577885985342,0.3338996446279887,3.58351893845611
M0213,Adikara Tekstil Store,Fashion,footwear,retailer,Depok,Sawangan,Tidak,,,,UKE,276266521.0,5.0,0.306091,0.002336393416665358,0.013689456869009586,7,67.0,0.2,0.0612182,26.0,7.0,22.0,4.0,3.0,0,1,1,0,4.333333333333333,3.193103930895952,19.436876617152596,0.2670387068341626,3.295836866004329
M0244,PT Sejahtera Garmen Mandiri,Fashion,textile,retailer,Tangerang,BSD,Tidak,,,,UME,2811180413.0,1.0,0.065789,0.0006575245312347232,0.0,4,30.0,0.0,0.065789,47.0,11.0,16.0,4.0,4.0,0,1,1,0,23.5,2.024885735339349,21.75687030824136,0.06371536994156447,3.871201010907891
M0559,Toko Elektronik Arunika,Electronics,service,retailer,Bogor,Bogor Tengah,Tidak,,,,UKE,707574347.0,0.0,0.0,0.0,0.0,-1,0.0,0.0,0.0,0.0,20.0,19.0,3.8,3.0,1,0,1,0,0.0,0.0,20.377353267472937,0.0,0.0
M0207,Supplier Horeka Mandala,F&B,bakery,supplier,Tangerang,Cipondoh,Tidak,,,,UMI,41821965.0,0.0,0.0,0.0,0.0,-1,0.0,0.0,0.0,0.0,15.0,10.0,3.9,2.0,0,0,1,0,0.0,0.0,17.5489322618593,0.0,0.0
M0206,Kafe Berkah Cemerlang,F&B,bakery,retailer,Bandung,Braga,Tidak,,,,UMI,43101310.0,2.0,0.13,0.0010537633116250219,0.0008536741214057508,0,44.0,1.0,0.065,16.0,12.0,9.0,3.4,3.0,1,0,1,0,5.333333333333333,2.4456141374655727,17.57906397224478,0.12221763272424921,2.833213344056216
M0200,Grosir Bahan Pangan Nawasena,F&B,warung,supplier,Tangerang,Alam Sutera,Tidak,,,,UKE,256981739.0,4.0,0.240307,0.0016789516494014336,0.004738658146964857,6,16.0,0.75,0.060076750000000005,29.0,13.0,13.0,3.6,2.0,0,1,1,0,5.8,2.8786093227819443,19.364515589751623,0.2153589296190765,3.4011973816621555
M0197,CV Arunika Sajian Internasional,F&B,warung,retailer,Bekasi,Grand Galaxy,Tidak,,,,UME,1545986691.0,5.0,0.30732000000000004,0.0019154679987923556,0.02116805111821086,17,39.0,0.4,0.061464,38.0,8.0,16.0,0.0,3.0,0,1,0,0,6.333333333333333,3.0034365188902914,21.158928179053895,0.26797924017591257,3.6635616461296463
M0226,Pusat Tekstil Mbak Rani,Fashion,textile,supplier,Bogor,Dramaga,Tidak,,,,UMI,41689060.0,0.0,0.0,0.0,0.0,-1,0.0,0.0,0.0,0.0,7.0,17.0,3.6,1.0,1,1,1,0,0.0,0.0,17.54574932621642,0.0,0.0
M0192,PT Kencana Pangan Sejahtera,F&B,cafe,retailer,Tangerang,Karawaci,Tidak,,,,UME,2497272661.0,8.0,0.485449,0.002896474751439973,0.02082044728434505,12,58.0,0.875,0.060681125,39.0,17.0,19.0,3.8,2.0,0,0,1,1,4.333333333333333,3.400021607857621,21.63846503811762,0.39571708345638335,3.6888794541139363
M0189,CV Sejahtera Boga Internasional,F&B,catering,retailer,Tangerang,Karawaci,Tidak,,,,UMI,23023655.0,1.0,0.071429,0.0006412882891420764,0.0,6,16.0,0.0,0.071429,16.0,13.0,26.0,3.7,1.0,0,1,1,0,8.0,2.003219417818887,16.952032767066466,0.06899327148687145,2.833213344056216
M0187,CV Prima Distribusi Mandiri,F&B,warung,supplier,Bandung,Dago,Tidak,,,,UME,2403913844.0,4.0,0.230129,0.001598137938643473,0.004636421725239617,18,41.0,0.5,0.05753225,42.0,12.0,22.0,3.4,3.0,0,1,1,0,8.4,2.8321174135339597,21.600364014790813,0.20711904193378855,3.7612001156935624
M0186,Mentari Boga Store,F&B,restaurant,retailer,Bogor,Tanah Sareal,Tidak,,,,UKE,332976811.0,2.0,0.10620299999999999,0.0008647148857003063,0.0,1,29.0,1.0,0.053101499999999996,27.0,10.0,22.0,3.2,1.0,1,1,1,0,9.0,2.2666624164625553,19.62358341188655,0.10093343056174561,3.332204510175204
M0185,Arunika Horeka Store,F&B,warung,retailer,Tangerang,Karawaci,Tidak,,,,UKE,308321502.0,1.0,0.076923,0.0006511231422484348,0.0,7,67.0,1.0,0.076923,24.0,6.0,22.0,3.5,1.0,1,0,1,0,12.0,2.0163994233707934,19.546653637423844,0.0741079007251479,3.2188758248682006
M0181,Arunika Rasa House,F&B,cafe,retailer,Bekasi,Harapan Indah,Tidak,,,,UMI,39604233.0,3.0,0.182738,0.0012978428045753011,0.0015233226837060704,17,39.0,0.6666666666666666,0.06091266666666667,30.0,8.0,17.0,3.9,1.0,0,0,1,0,7.5,2.6375152874042835,17.49444658970118,0.16783208963110688,3.4339872044851463
M0212,Busana Berseri Bersama,Fashion,textile,retailer,Bogor,Tanah Sareal,Tidak,,,,UMI,29970109.0,1.0,0.069767,0.0006680108070940408,0.0,1,29.0,1.0,0.069767,11.0,6.0,5.0,3.8,1.0,1,1,1,0,5.5,2.0386336187976073,17.215711109623115,0.06744086775196902,2.4849066497880004
M0549,Buana Komputer Store,Electronics,accessories,retailer,Bogor,Cibinong,Tidak,,,,UKE,719846408.0,4.0,0.251979,0.0018236872879280194,0.011067092651757189,3,76.0,0.5,0.06299475,29.0,7.0,19.0,0.0,2.0,1,0,0,0,5.8,2.9568288997658168,20.394548426384915,0.22472549937429642,3.4011973816621555
M0580,PT Buana Komputer Sentosa,Electronics,service,retailer,Bandung,Setiabudhi,Tidak,,,,UBE,9000000000.0,2.0,0.10333300000000001,0.0011887344078933327,0.003164217252396166,4,30.0,1.0,0.051666500000000004,54.0,14.0,53.0,3.8,2.0,1,0,1,0,18.0,2.5562457506420193,22.920490414393743,0.09833559860601258,4.007333185232471
M0576,UD Gemilang Elektronik Persada,Electronics,gadget,retailer,Bandung,Setiabudhi,Tidak,,,,UME,4080318426.0,6.0,0.328357,0.002389809223953126,0.014532907348242812,9,20.0,0.5,0.05472616666666666,54.0,12.0,22.0,3.5,2.0,0,1,1,1,7.714285714285714,3.214791183649144,22.129440868150397,0.2839428402284001,4.007333185232471
M0575,Toko Elektronik Sahabat,Electronics,service,retailer,Jakarta,Kuningan,Tidak,,,,UMI,28394703.0,0.0,0.0,0.0,0.0,-1,0.0,0.0,0.0,0.0,9.0,6.0,4.0,2.0,0,1,1,0,0.0,0.0,17.16171320686885,0.0,0.0
M0574,Buana Inovasi Market,Electronics,accessories,retailer,Tangerang,Alam Sutera,Tidak,,,,UME,2953529821.0,2.0,0.104356,0.0011634781348293006,0.003164217252396166,12,58.0,0.5,0.052178,45.0,8.0,22.0,0.0,3.0,1,1,0,0,15.0,2.5364534354504524,21.806266841833434,0.09926235964275285,3.828641396489095
M0569,Servis Elektronik Bu Rina,Electronics,service,retailer,Bekasi,Jababeka,Tidak,,,,UKE,422637246.0,4.0,0.277621,0.0018690725211030332,0.0036038338658146967,8,46.0,0.75,0.06940525,30.0,10.0,7.0,3.8,2.0,0,0,1,0,6.0,2.9801477234115916,19.862024796981213,0.2449997548530838,3.4339872044851463
M0173,PT Mitra Boga Retailindo,F&B,cafe,retailer,Tangerang,Cipondoh,Tidak,,,,UBE,5516739014.0,3.0,0.164054,0.001340945155866713,0.0036038338658146967,1,29.0,1.0,0.054684666666666666,42.0,24.0,28.0,0.0,5.0,0,0,0,0,10.5,2.6678843495138658,22.43105276451689,0.15190873998575935,3.7612001156935624
M0171,Warung Pak Rahmat,F&B,catering,retailer,Jakarta,Cempaka Putih,Tidak,,,,UMI,24276426.0,1.0,0.051948,0.0006834325090920976,0.0,14,29.0,1.0,0.051948,16.0,8.0,7.0,4.0,1.0,0,1,1,0,8.0,2.0585147318195833,17.00501635517189,0.05064368343603765,2.833213344056216
M0170,Mandala Rasa Center,F&B,cafe,retailer,Depok,Cimanggis,Tidak,,,,UBE,5788802825.0,5.0,0.300278,0.0021049537301618252,0.014236421725239617,8,46.0,0.4,0.0600556,45.0,14.0,27.0,3.4,3.0,0,0,1,0,7.5,3.0932916176190925,22.47919134134921,0.26257808775950764,3.828641396489095
M0168,Cakrawala Kuliner Center,F&B,warung,retailer,Bandung,Braga,Tidak,,,,UKE,193126836.0,1.0,0.073171,0.0007772019862182535,0.0,1,29.0,0.0,0.073171,23.0,8.0,15.0,4.0,3.0,0,1,1,0,11.5,2.1715670948237733,19.078857717545155,0.0706178172139221,3.1780538303479458
M0195,Grosir Bahan Pangan Jelita,F&B,restaurant,supplier,Tangerang,Alam Sutera,Tidak,,,,UKE,278679643.0,1.0,0.052632,0.0005559486826916709,0.0,12,58.0,0.0,0.052632,27.0,12.0,22.0,0.0,2.0,0,0,0,0,13.5,1.8809123722918988,19.445573450674537,0.05129369438747053,3.332204510175204
M0194,Kedai Tunas Asri,F&B,restaurant,retailer,Tangerang,Gading Serpong,Tidak,,,,UKE,313961385.0,3.0,0.168495,0.0015436958889417333,0.004406389776357827,14,29.0,0.6666666666666666,0.056165,31.0,11.0,22.0,4.5,3.0,0,1,1,0,7.75,2.799532390121141,19.564780561788247,0.15571659599746238,3.4657359027997265
M0160,Rumah Makan Mahardika,F&B,warung,retailer,Depok,Cimanggis,Tidak,,,,UMI,27456211.0,2.0,0.15608,0.0014423997114438886,0.001104153354632588,10,26.0,0.5,0.07804,17.0,12.0,7.0,3.5,1.0,0,0,1,0,5.666666666666667,2.735924550785631,17.128103002685236,0.145034972007938,2.8903717578961645
M0158,PT Mahardika Pangan Indonesia,F&B,cafe,retailer,Tangerang,Karawaci,Tidak,,,,UME,2546121380.0,3.0,0.154761,0.0018139442840353931,0.00632332268370607,12,58.0,0.3333333333333333,0.051587,43.0,14.0,19.0,3.9,6.0,1,1,1,0,10.75,2.9517512759017364,21.65783701112195,0.14389339615460764,3.784189633918261
M0156,Dapur Bang Fajar,F&B,warung,retailer,Bogor,Cibinong,Tidak,,,,UMI,58116884.0,0.0,0.0,0.0,0.0,-1,0.0,0.0,0.0,0.0,9.0,14.0,3.7,1.0,0,0,1,0,0.0,0.0,17.87796679922178,0.0,0.0
M0155,Grosir Bahan Pangan Arunika,F&B,bakery,supplier,Jakarta,Thamrin,Tidak,,,,UKE,285733835.0,5.0,0.329359,0.0025791600935055367,0.007555271565495208,0,44.0,0.6,0.06587180000000001,32.0,8.0,19.0,0.0,1.0,0,1,0,0,5.333333333333333,3.2880884404517166,19.47057129211009,0.284696871168858,3.4965075614664802
M0151,Makmur Sajian Market,F&B,catering,retailer,Jakarta,Tebet,Tidak,,,,UME,2200849561.0,6.0,0.327761,0.002269954046187419,0.025692012779552718,15,53.0,0.6666666666666666,0.05462683333333334,50.0,15.0,33.0,3.8,3.0,0,1,1,1,7.142857142857143,3.165455658158763,21.5121092873138,0.283494064978202,3.9318256327243257
M0150,Distribusi Boga Mitra,F&B,warung,supplier,Depok,Cinere,Tidak,,,,UKE,801036140.0,2.0,0.112374,0.0008510265386571901,0.0011348242811501598,7,67.0,0.5,0.056187,41.0,10.0,15.0,0.0,2.0,0,1,0,0,13.666666666666666,2.25237178222176,20.50141662386495,0.10649647021707198,3.7376696182833684
M0180,Prima Horeka Center,F&B,catering,retailer,Jakarta,Menteng,Tidak,,,,UKE,672623998.0,9.0,0.48757,0.0036103755132211876,0.030379552715654953,18,41.0,0.6666666666666666,0.05417444444444444,38.0,17.0,23.0,4.2,3.0,0,0,1,1,3.8,3.6137181809930126,20.32669703757353,0.39714391615394545,3.6635616461296463
M0178,PT Gemilang Sajian Sejahtera,F&B,warung,retailer,Bandung,Setiabudhi,Tidak,,,,UME,3541317453.0,5.0,0.29101299999999997,0.002049299778966552,0.006998083067092652,18,41.0,0.4,0.05820260000000001,44.0,14.0,57.0,3.5,4.0,1,0,1,0,7.333333333333333,3.0677271978853957,21.987764657003833,0.25542718152720667,3.8066624897703196
M0565,Toko Elektronik Nawasena,Electronics,computer,retailer,Bekasi,Harapan Indah,Tidak,,,,UKE,675901966.0,5.0,0.381579,0.002383536105816777,0.0038798722044728435,8,46.0,0.6,0.07631580000000002,27.0,12.0,19.0,0.0,2.0,0,0,0,0,4.5,3.2122684867329885,20.331558604260163,0.32322704796642965,3.332204510175204
M0596,CV Sinar Auto Retailindo,Automotive,sparepart,retailer,Bogor,Dramaga,Tidak,,,,UKE,292841697.0,5.0,0.29218900000000003,0.0019162667582903986,0.017165495207667733,3,76.0,0.8,0.058437800000000005,30.0,12.0,7.0,3.6,2.0,1,0,1,0,5.0,3.003832755030127,19.495142741114105,0.2563376794915491,3.4339872044851463
M0145,PT Sejahtera Rasa Niaga Raya,F&B,cafe,retailer,Bandung,Braga,Tidak,,,,UBE,6734337678.0,6.0,0.320028,0.002183871571377999,0.019685623003194888,18,41.0,0.6666666666666666,0.053337999999999997,52.0,12.0,24.0,0.0,3.0,1,1,0,1,7.428571428571429,3.1284571535124646,22.630485301809703,0.2776529484945177,3.970291913552122
M0142,PT Nawasena Pangan Sejahtera,F&B,catering,retailer,Depok,Cimanggis,Tidak,,,,UME,1736060788.0,3.0,0.17538600000000001,0.0013810093269681202,0.004590415335463259,0,44.0,0.3333333333333333,0.05846200000000001,38.0,10.0,19.0,0.0,2.0,1,0,0,0,9.5,2.6953089260101266,21.274884469276568,0.16159660428661504,3.6635616461296463
M0141,Selaras Sajian Distribusi,F&B,restaurant,supplier,Bekasi,Harapan Indah,Tidak,,,,UKE,299080234.0,5.0,0.325724,0.0024699953359227835,0.012396166134185304,13,28.0,1.0,0.0651448,26.0,11.0,28.0,3.5,3.0,0,0,1,0,4.333333333333333,3.2464891770834896,19.516222439838625,0.28195872530215615,3.295836866004329
M0140,Anugerah Pangan Market,F&B,restaurant,retailer,Bandung,Cihampelas,Tidak,,,,UKE,365319940.0,5.0,0.269451,0.001829306883767376,0.010054952076677316,18,41.0,0.2,0.0538902,28.0,12.0,12.0,3.6,3.0,0,0,1,0,4.666666666666667,2.9597459038274163,19.716284078285494,0.23858452354450058,3.367295829986474
M0139,Supplier Horeka Tunas,F&B,cafe,supplier,Tangerang,Karawaci,Tidak,,,,UMI,55456760.0,6.0,0.35434200000000005,0.0023849660122214774,0.014849840255591055,12,58.0,0.5,0.059057000000000005,23.0,14.0,17.0,0.0,2.0,1,0,0,1,3.2857142857142856,3.2128440752746488,17.8311141939942,0.3033157275294098,3.1780538303479458
M0164,PT Mentari Boga Nusantara,F&B,cafe,retailer,Jakarta,Menteng,Tidak,,,,UME,2067441519.0,2.0,0.102632,0.000759543757527008,0.0,3,76.0,0.5,0.051316,40.0,17.0,33.0,3.8,3.0,1,0,1,0,13.333333333333334,2.1512315479833735,21.44957769909328,0.09770004906320855,3.713572066704308
M0607,PT Selaras Motor Persada,Automotive,bengkel,retailer,Tangerang,Gading Serpong,Tidak,,,,UBE,6409605284.0,2.0,0.112015,0.0010926936430858112,0.0014108626198083068,17,39.0,1.0,0.0560075,52.0,13.0,21.0,4.0,3.0,1,0,1,0,17.333333333333332,2.478799407730573,22.581063527979868,0.10617368494604518,3.970291913552122
M0606,Lentera Otomotif Store,Automotive,accessories,retailer,Bandung,Cihampelas,Tidak,,,,UKE,331352936.0,3.0,0.183357,0.001287633031505842,0.008224920127795528,4,30.0,0.3333333333333333,0.061119,27.0,10.0,12.0,3.3,1.0,0,1,1,0,6.75,2.630184533599212,19.618694640198477,0.1683553146192174,3.332204510175204
M0605,Arunika Mobilitas Market,Automotive,sparepart,retailer,Jakarta,Pluit,Tidak,,,,UKE,554312268.0,2.0,0.152632,0.001319717767323236,0.0005214057507987221,0,44.0,1.0,0.076316,28.0,7.0,24.0,0.0,3.0,1,0,0,0,9.333333333333334,2.65304318944657,20.13323874836842,0.14204802295275162,3.367295829986474
M0601,PT Cakrawala Garage Persada,Automotive,dealer,retailer,Jakarta,Senayan,Tidak,,,,UME,2709252282.0,6.0,0.41699400000000003,0.002977948377526301,0.0067476038338658145,15,53.0,0.5,0.06949899999999999,49.0,9.0,33.0,4.2,3.0,0,1,1,1,7.0,3.4268483568361408,21.71993852343566,0.34853772640176645,3.912023005428146
M0598,Bengkel Sahabat Motor,Automotive,sparepart,retailer,Tangerang,Alam Sutera,Tidak,,,,UKE,633187084.0,4.0,0.21551900000000002,0.00147309216080174,0.006410223642172524,12,58.0,0.75,0.053879750000000004,34.0,3.0,20.0,4.0,3.0,0,0,1,0,6.8,2.7556283045476384,20.26627648936388,0.19517114607926767,3.5553480614894135
M0128,Sinar Pangan Store,F&B,restaurant,retailer,Jakarta,Sudirman,Tidak,,,,UKE,295723551.0,3.0,0.181529,0.0013641350688844652,0.008316932907348243,13,28.0,0.3333333333333333,0.06050966666666668,24.0,9.0,14.0,3.6,3.0,0,1,1,0,6.0,2.6838497644444423,19.504935629943137,0.16680936241342667,3.2188758248682006
M0127,Kafe Harmoni Baru,F&B,catering,retailer,Tangerang,Cipondoh,Tidak,,,,UMI,45387636.0,0.0,0.0,0.0,0.0,-1,0.0,0.0,0.0,0.0,8.0,7.0,0.0,3.0,0,0,0,0,0.0,0.0,17.63075031315239,0.0,0.0
M0125,PT Berseri Pangan Sejahtera,F&B,bakery,retailer,Bekasi,Harapan Indah,Tidak,,,,UKE,782521768.0,1.0,0.06,0.0007698622687157575,0.0,12,58.0,1.0,0.06,30.0,16.0,17.0,0.0,2.0,0,1,0,0,15.0,2.1631647013069304,20.478032299799924,0.05826890812397577,3.4339872044851463
M0122,Kedai Sahabat Mandiri,F&B,restaurant,retailer,Jakarta,Tebet,Tidak,,,,UKE,411685191.0,8.0,0.483457,0.0032095770605107227,0.017635782747603836,17,39.0,0.875,0.060432124999999996,24.0,11.0,17.0,3.6,4.0,1,0,1,1,2.6666666666666665,3.4994054979381843,19.835769518155452,0.39437517482140516,3.2188758248682006
M0121,CV Jelita Sajian Nusantara,F&B,restaurant,retailer,Jakarta,Thamrin,Tidak,,,,UKE,216072099.0,1.0,0.050633,0.0006152057338759027,0.0,15,53.0,1.0,0.050633,24.0,8.0,22.0,3.9,1.0,0,0,1,0,12.0,1.9674000550033692,19.191122706247146,0.04939283966692227,3.2188758248682006
M0119,Langgeng Boga Distribusi,F&B,restaurant,supplier,Tangerang,Karawaci,Tidak,,,,UKE,265794778.0,3.0,0.204819,0.0013596506607384002,0.0028063897763578277,6,16.0,0.0,0.068273,18.0,12.0,20.0,4.0,2.0,0,1,1,0,4.5,2.6807822266169787,19.39823506146209,0.18632934819146701,2.9444389791664403
M0118,Bakery Adikara Cemerlang,F&B,restaurant,retailer,Jakarta,Menteng,Tidak,,,,UMI,25029970.0,1.0,0.051724,0.0005505169136429413,0.0,15,53.0,0.0,0.051724,13.0,6.0,8.0,3.9,1.0,0,1,1,0,6.5,1.8725971126148289,17.03558450479762,0.05043072247934233,2.6390573296152584
M0117,PT Makmur Rasa Nusantara,F&B,warung,retailer,Jakarta,Pluit,Tidak,,,,UME,2112432862.0,3.0,0.173905,0.0013653500526101061,0.0032971246006389776,0,44.0,0.0,0.05796833333333334,37.0,10.0,14.0,4.0,3.0,0,0,1,0,9.25,2.684679250681727,21.47110613586218,0.1603357981998535,3.6375861597263857
M0147,Distribusi Boga Sembada,F&B,restaurant,supplier,Bandung,Cihampelas,Tidak,,,,UMI,50588351.0,2.0,0.141667,0.0011177248897148097,0.000536741214057508,10,26.0,1.0,0.0708335,22.0,12.0,12.0,3.5,2.0,1,0,1,0,7.333333333333333,2.4995693662558724,17.739231910129696,0.13248947501683922,3.1354942159291497
M0110,Mahardika Horeka House,F&B,restaurant,retailer,Bekasi,Harapan Indah,Tidak,,,,UMI,33644825.0,1.0,0.055556,0.0005604662523676446,0.0,8,46.0,0.0,0.055556,13.0,10.0,8.0,3.9,1.0,0,1,1,0,6.5,1.887775842600274,17.331369842946064,0.05406764232281871,2.6390573296152584
M0107,Kafe Mitra Juara,F&B,warung,retailer,Bandung,Dago,Tidak,,,,UKE,422485997.0,4.0,0.236875,0.0017421790559603812,0.00745814696485623,18,41.0,0.5,0.059218749999999994,29.0,14.0,15.0,3.6,3.0,0,1,1,0,5.8,2.9135342334646017,19.86166686338393,0.21258803737469315,3.4011973816621555
M0105,Prima Kuliner Market,F&B,bakery,retailer,Bandung,Buah Batu,Tidak,,,,UMI,21349205.0,3.0,0.183351,0.0013373937492631995,0.0020396166134185306,18,41.0,0.0,0.061117,19.0,6.0,9.0,4.1,2.0,1,0,1,0,4.75,2.6654166703956377,16.876525107251805,0.16835024428523448,2.995732273553991
M0102,Bakery Makmur Bersama,F&B,bakery,retailer,Bandung,Dago,Tidak,,,,UKE,324394162.0,0.0,0.0,0.0,0.0,-1,0.0,0.0,0.0,0.0,6.0,10.0,4.0,3.0,0,1,1,0,0.0,0.0,19.597469886825404,0.0,0.0
M0627,Grosir Ban & Oli Bintang,Automotive,dealer,supplier,Bekasi,Jababeka,Tidak,,,,UME,2580134114.0,3.0,0.16642099999999999,0.001518229102159404,0.00216741214057508,17,39.0,0.6666666666666666,0.055473666666666664,41.0,9.0,15.0,3.5,3.0,1,1,1,0,10.25,2.783917497502393,21.67110721708703,0.15394008622541083,3.7376696182833684
M0625,Grosir Ban & Oli Makmur,Automotive,accessories,supplier,Depok,Margonda,Tidak,,,,UKE,342940685.0,0.0,0.0,0.0,0.0,-1,0.0,0.0,0.0,0.0,4.0,9.0,3.2,1.0,1,1,1,0,0.0,0.0,19.653068063062893,0.0,0.0
M0624,PT Buana Distribusi Persada,Automotive,sparepart,supplier,Bandung,Setiabudhi,Tidak,,,,UBE,5431158542.0,7.0,0.409393,0.002542330143178897,0.016408945686900957,4,30.0,0.7142857142857143,0.05848471428571429,54.0,11.0,28.0,4.0,3.0,0,1,1,1,6.75,3.274246250855474,22.415418307802828,0.343159115245975,4.007333185232471
M0623,Buana Sparepart Distribusi,Automotive,sparepart,supplier,Jakarta,Kelapa Gading,Tidak,,,,UME,2316994705.0,4.0,0.230204,0.0015945895310374594,0.011930990415335463,15,53.0,1.0,0.05755099999999999,37.0,9.0,22.0,3.6,2.0,0,1,1,0,7.4,2.830025639920213,21.56353679754294,0.20718000929066524,3.6375861597263857
M0621,Motor Care Jelita,Automotive,sparepart,retailer,Bandung,Dago,Tidak,,,,UKE,291370020.0,1.0,0.073171,0.001594896331738437,0.0,11,2.0,1.0,0.073171,22.0,4.0,16.0,3.4,1.0,1,0,1,0,11.0,2.8302066707397744,19.490104567229107,0.0706178172139221,3.1354942159291497
M0620,Sahabat Garage Distribusi,Automotive,dealer,supplier,Bogor,Cibinong,Tidak,,,,UME,3419413756.0,5.0,0.305788,0.0019122054579372647,0.010336102236421726,3,76.0,0.4,0.0611576,44.0,17.0,31.0,3.6,5.0,1,0,1,0,7.333333333333333,3.0018164562890335,21.95273495724564,0.26680668995944573,3.8066624897703196
M0619,Bengkel Sembada Motor,Automotive,bengkel,retailer,Jakarta,Kelapa Gading,Tidak,,,,UKE,809062926.0,6.0,0.324252,0.002199350772296168,0.022481789137380193,7,67.0,0.8333333333333334,0.054042,28.0,8.0,22.0,3.5,1.0,0,1,1,1,4.0,3.1352119031679426,20.51138725568133,0.28084777173020126,3.367295829986474
M0615,Garasi Mbak Rani,Automotive,accessories,retailer,Depok,Cimanggis,Tidak,,,,UKE,803209230.0,3.0,0.188474,0.0015766177946607237,0.0033584664536741213,7,67.0,1.0,0.06282466666666668,27.0,8.0,17.0,4.1,1.0,1,1,1,0,6.75,2.8193636396990795,20.50412579961458,0.17267013126413913,3.332204510175204
M0100,Agen Bahan Kue Pak Surya,F&B,warung,supplier,Tangerang,Gading Serpong,Tidak,,,,UKE,347625918.0,3.0,0.18730200000000002,0.001402269707216301,0.003966773162939297,15,53.0,0.6666666666666666,0.06243400000000001,28.0,15.0,27.0,3.8,2.0,0,1,1,0,7.0,2.7095621956064004,19.666637514168272,0.17168350618242137,3.367295829986474
M0096,Kedai Mitra Mulia,F&B,restaurant,retailer,Bekasi,Grand Galaxy,Tidak,,,,UMI,24264379.0,4.0,0.241032,0.0016421406647811826,0.010387220447284346,12,58.0,0.5,0.060258,19.0,8.0,7.0,3.9,2.0,0,0,1,0,3.8,2.857699717177639,17.004519989289577,0.21594329154675426,2.995732273553991
M0094,Rumah Makan Sinar,F&B,bakery,retailer,Bandung,Buah Batu,Tidak,,,,UMI,58224966.0,0.0,0.0,0.0,0.0,-1,0.0,0.0,0.0,0.0,7.0,11.0,0.0,1.0,1,0,0,0,0.0,0.0,17.879824806967665,0.0,0.0
M0093,Kedai Berseri Utama,F&B,catering,retailer,Bogor,Tanah Sareal,Tidak,,,,UMI,61258503.0,1.0,0.0625,0.0005981581667006081,0.0,5,19.0,0.0,0.0625,17.0,7.0,16.0,3.8,2.0,0,1,1,0,8.5,1.9432754909620158,17.930613238567943,0.06062462181643484,2.8903717578961645
M0092,Rumah Makan Sahabat,F&B,catering,retailer,Tangerang,Gading Serpong,Tidak,,,,UKE,358879323.0,3.0,0.21612599999999998,0.0014449612453805202,0.0017277955271565496,6,16.0,0.6666666666666666,0.072042,27.0,10.0,12.0,4.2,2.0,0,0,1,0,6.75,2.7375839191330447,19.698496745096413,0.1956703965970101,3.332204510175204
M0091,Grosir Bahan Pangan Mitra,F&B,catering,supplier,Tangerang,BSD,Tidak,,,,UKE,460808744.0,4.0,0.223507,0.0016453801193846238,0.010152076677316295,14,29.0,0.5,0.05587675,23.0,11.0,9.0,3.7,1.0,0,0,1,0,4.6,2.8595574583844106,19.94849364503046,0.20172132517559999,3.1780538303479458
M0089,Anugerah Sajian Store,F&B,cafe,retailer,Depok,Cimanggis,Tidak,,,,UKE,363929137.0,5.0,0.269191,0.001807064696673041,0.006911182108626198,7,67.0,0.6,0.05383819999999999,37.0,13.0,15.0,3.8,3.0,1,1,1,0,6.166666666666667,2.9481503449272832,19.712469730825042,0.23837968962076572,3.6375861597263857
M0087,UD Pusaka Boga Internasional,F&B,restaurant,retailer,Bogor,Bogor Tengah,Tidak,,,,UMI,37719424.0,3.0,0.183346,0.0015839365208867434,0.008557188498402556,1,29.0,0.3333333333333333,0.061115333333333334,21.0,11.0,11.0,0.0,3.0,1,1,0,0,5.25,2.8237193126682643,17.445685771710902,0.16834601898727705,3.091042453358316
M0086,Rumah Makan Tunas,F&B,bakery,retailer,Jakarta,Tebet,Tidak,,,,UMI,94678351.0,2.0,0.106269,0.0010545899186160841,0.0011654952076677317,8,46.0,0.5,0.0531345,37.0,13.0,7.0,3.7,1.0,0,0,1,0,12.333333333333334,2.446330325105805,18.365995936459417,0.10099309233375411,3.6375861597263857
M0116,Rumah Makan Jelita,F&B,restaurant,retailer,Bekasi,Grand Galaxy,Tidak,,,,UMI,37179898.0,0.0,0.0,0.0,0.0,-1,0.0,0.0,0.0,0.0,9.0,10.0,3.7,2.0,0,0,1,0,0.0,0.0,17.43127882373963,0.0,0.0
M0613,Pusaka Motor Store,Automotive,bengkel,retailer,Jakarta,Sudirman,Tidak,,,,UME,1878255531.0,2.0,0.104545,0.0009623212155196043,0.0013955271565495209,14,29.0,1.0,0.0522725,36.0,3.0,27.0,3.8,2.0,1,0,1,0,12.0,2.36304143290562,21.35360927450403,0.0994334854654685,3.6109179126442243
M0643,UD Prima Garage Indonesia,Automotive,bengkel,retailer,Bekasi,Grand Galaxy,Tidak,,,,UKE,699621959.0,5.0,0.332215,0.002487829242967076,0.01039744408945687,0,44.0,0.6,0.066443,32.0,9.0,22.0,4.2,3.0,0,1,1,0,5.333333333333333,3.2534044871495187,20.36605068998144,0.28684297050418855,3.4965075614664802
M0638,Prima Garage Store,Automotive,accessories,retailer,Depok,Cimanggis,Tidak,,,,UKE,603420300.0,3.0,0.155051,0.00115825069474714,0.005812140575079872,7,67.0,1.0,0.05168366666666666,34.0,12.0,22.0,3.9,3.0,1,0,1,0,8.5,2.5323075118217244,20.218124528471968,0.1441444988430721,3.5553480614894135
M0631,Nawasena Sparepart House,Automotive,accessories,retailer,Tangerang,Karawaci,Tidak,,,,UKE,345445815.0,4.0,0.275244,0.0019744253802347414,0.004442172523961662,7,67.0,0.75,0.068811,29.0,4.0,13.0,0.0,2.0,0,0,0,0,5.8,3.032269283137771,19.660346361087417,0.2431375328500187,3.4011973816621555
M0630,Garasi Bu Lestari,Automotive,dealer,retailer,Depok,Sawangan,Tidak,,,,UKE,442357854.0,5.0,0.361801,0.002162959140364757,0.0038236421725239616,7,67.0,0.8,0.07236020000000001,21.0,7.0,15.0,3.5,3.0,0,0,1,0,3.5,3.119258403965323,19.907629739167906,0.3088080883886802,3.091042453358316
M0078,Langgeng Pangan Center,F&B,restaurant,retailer,Jakarta,Kemang,Tidak,,,,UMI,49982119.0,3.0,0.163519,0.0012938830719224218,0.007294568690095846,1,29.0,0.6666666666666666,0.05450633333333333,23.0,12.0,8.0,3.6,1.0,0,1,1,0,5.75,2.63467852227514,17.727175899438294,0.15144903366555215,3.1780538303479458
M0072,Sinar Rasa Center,F&B,restaurant,retailer,Bekasi,Summarecon,Tidak,,,,UMI,32524817.0,1.0,0.051724,0.0006834230338054735,0.0,13,28.0,0.0,0.051724,18.0,4.0,12.0,3.8,2.0,0,0,1,0,9.0,2.058502637167122,17.29751398665157,0.05043072247934233,2.9444389791664403
M0070,Warung Bu Sari,F&B,warung,retailer,Bandung,Setiabudhi,Tidak,,,,UKE,829267423.0,3.0,0.17631200000000002,0.00139190731892528,0.0031846645367412142,8,46.0,0.6666666666666666,0.058770666666666666,35.0,12.0,23.0,3.8,2.0,1,1,1,0,8.75,2.702640474163381,20.536053247328304,0.16238412041143838,3.58351893845611
M0056,Supplier Horeka Sinar,F&B,restaurant,supplier,Depok,Margonda,Tidak,,,,UKE,500891868.0,4.0,0.246788,0.0017069215208255649,0.00831182108626198,7,67.0,0.75,0.061697,32.0,11.0,16.0,4.1,3.0,1,1,1,0,6.4,2.894209673016597,20.0319008054151,0.2205706442256518,3.4965075614664802
M0055,Dapur Bu Ningsih,F&B,catering,retailer,Depok,Cinere,Tidak,,,,UMI,33019407.0,1.0,0.050847,0.0006776158246021598,0.0,10,26.0,0.0,0.050847,19.0,2.0,4.0,3.5,1.0,0,1,1,0,9.5,2.051062417519689,17.312606067767373,0.04959650565540632,2.995732273553991
M0046,Dapur Pak Darto,F&B,catering,retailer,Depok,Cinere,Tidak,,,,UMI,23707140.0,1.0,0.058824,0.000703371481472522,0.0,14,29.0,1.0,0.058824,15.0,10.0,7.0,3.7,1.0,0,0,1,0,7.5,2.083647038011206,16.981286868738092,0.057158858284294296,2.772588722239781
M0044,Dapur Kang Dedi,F&B,bakery,retailer,Bekasi,Kemang Pratama,Tidak,,,,UMI,31287919.0,3.0,0.202111,0.0014585311120278487,0.0006389776357827476,9,20.0,0.6666666666666666,0.06737033333333334,21.0,6.0,20.0,0.0,1.0,0,1,0,0,5.25,2.7463288758226443,17.258742638523398,0.1840791779392284,3.091042453358316
M0039,Arunika Sajian Center,F&B,restaurant,retailer,Tangerang,Alam Sutera,Tidak,,,,UKE,232728504.0,5.0,0.270377,0.0019734728840591913,0.009436421725239617,0,44.0,0.4,0.05407540000000001,23.0,14.0,12.0,3.8,2.0,0,1,1,0,3.8333333333333335,3.031810016236028,19.26538311754737,0.23931370681284012,3.1780538303479458
M0038,Kedai Anugerah Maju,F&B,cafe,retailer,Bogor,Sentul,Tidak,,,,UMI,94164605.0,2.0,0.129545,0.0009720852265549205,0.0012166134185303515,1,29.0,1.0,0.0647725,18.0,17.0,23.0,3.9,2.0,1,0,1,0,6.0,2.3721906548658303,18.36055493645738,0.12181489676975397,2.9444389791664403
M0660,Sinar Mobilitas Distribusi,Automotive,accessories,supplier,Jakarta,Kelapa Gading,Tidak,,,,UME,2315848027.0,4.0,0.264857,0.0018984129821466157,0.007831309904153354,0,44.0,0.5,0.06621425,39.0,11.0,28.0,3.5,4.0,1,1,1,0,7.8,2.9949384496324454,21.56304177619676,0.23495907231132715,3.6888794541139363
M0658,Anugerah Mobilitas Store,Automotive,accessories,retailer,Tangerang,Alam Sutera,Tidak,,,,UKE,716914753.0,4.0,0.21958899999999998,0.0015884068929713103,0.010745047923322685,0,44.0,0.5,0.054897249999999995,36.0,5.0,21.0,3.9,1.0,1,0,1,0,7.2,2.8263705104583,20.390467498887517,0.1985139167406813,3.6109179126442243
M0656,Ban & Oli Berseri Juara,Automotive,sparepart,retailer,Bekasi,Jababeka,Tidak,,,,UKE,357785245.0,3.0,0.191461,0.0014057841639300835,0.003966773162939297,1,29.0,0.6666666666666666,0.06382033333333333,27.0,11.0,11.0,4.3,2.0,1,1,1,0,6.75,2.7118988946573177,19.695443492861695,0.17518028517035256,3.332204510175204
M0655,PT Prima Distribusi Utama,Automotive,dealer,supplier,Jakarta,Kelapa Gading,Tidak,,,,UBE,6931438881.0,3.0,0.17688299999999998,0.0013294756198117502,0.0059910543130990415,15,53.0,0.6666666666666666,0.058961000000000006,47.0,12.0,27.0,3.8,5.0,1,1,1,0,11.75,2.6598927705828412,22.659333259476146,0.16286941806947905,3.871201010907891
M0651,Motor Care Anugerah,Automotive,sparepart,retailer,Depok,Sawangan,Tidak,,,,UMI,21012843.0,1.0,0.081081,0.0007742138766249137,0.0,6,16.0,1.0,0.081081,14.0,12.0,8.0,3.6,2.0,1,0,1,0,7.0,2.1681548698279673,16.860644427772616,0.07796146646970904,2.70805020110221
M0650,PT Lentera Otomotif Nusantara,Automotive,sparepart,retailer,Bogor,Dramaga,Tidak,,,,UME,2396790329.0,7.0,0.439313,0.002680751287729324,0.014681150159744409,3,76.0,0.8571428571428571,0.062759,45.0,12.0,22.0,4.0,2.0,0,1,1,1,5.625,3.325306231570994,21.597396316732976,0.3641659164141134,3.828641396489095
M0648,PT Kencana Distribusi Indonesia,Automotive,dealer,supplier,Depok,Sawangan,Tidak,,,,UME,2907964879.0,4.0,0.22764199999999998,0.001498624489802106,0.006895846645367412,7,67.0,0.5,0.056910499999999996,52.0,13.0,36.0,4.0,4.0,1,1,1,0,10.4,2.7717286586173904,21.79071931951587,0.20509525627691855,3.970291913552122
M0647,Toko Sparepart Kencana,Automotive,sparepart,retailer,Bandung,Braga,Tidak,,,,UMI,40168027.0,1.0,0.076923,0.0007187286871044635,0.0,13,28.0,1.0,0.076923,17.0,9.0,20.0,3.9,2.0,0,1,1,0,8.5,2.1025825696051084,17.508581913768733,0.0741079007251479,2.8903717578961645
M0646,PT Makmur Distribusi Persada,Automotive,dealer,supplier,Bogor,Sentul,Tidak,,,,UBE,7151873650.0,2.0,0.12021600000000002,0.0008802309035730199,0.001068370607028754,3,76.0,0.5,0.06010800000000001,55.0,13.0,33.0,3.9,4.0,1,1,1,0,18.333333333333332,2.282617973814298,22.690640208414372,0.11352152385531225,4.02535169073515
M0678,Adikara Mobilitas House,Automotive,dealer,retailer,Bandung,Setiabudhi,Tidak,,,,UMI,76617326.0,0.0,0.0,0.0,0.0,-1,0.0,0.0,0.0,0.0,6.0,7.0,0.0,1.0,1,0,0,0,0.0,0.0,18.154333810175608,0.0,0.0
M0034,PT Tunas Distribusi Sejahtera,F&B,bakery,supplier,Bogor,Dramaga,Tidak,,,,UME,2581870275.0,2.0,0.10897,0.0009002061913833296,0.0012779552715654952,0,44.0,0.5,0.054485,37.0,12.0,27.0,0.0,4.0,0,1,0,0,12.333333333333334,2.3027912631228538,21.671779886435584,0.10343165660467878,3.6375861597263857
M0032,Langgeng Pangan Market,F&B,restaurant,retailer,Bekasi,Harapan Indah,Tidak,,,,UKE,682329756.0,4.0,0.232798,0.001952966632183715,0.014778274760383387,15,53.0,1.0,0.0581995,38.0,17.0,20.0,3.3,5.0,1,1,1,0,7.6,3.0218709777003725,20.341023613614944,0.2092863826992862,3.6635616461296463
M0031,CV Arunika Distribusi Retailindo,F&B,warung,supplier,Bekasi,Summarecon,Tidak,,,,UME,2112873326.0,3.0,0.152571,0.0015427097907948295,0.005571884984025559,13,28.0,0.3333333333333333,0.050857000000000006,43.0,12.0,20.0,0.0,5.0,1,1,0,0,10.75,2.7989322827256498,21.4713146244222,0.1419950991972175,3.784189633918261
M0030,Sentosa Sajian Market,F&B,catering,retailer,Depok,Sawangan,Tidak,,,,UKE,266459605.0,3.0,0.203751,0.0013468491041232948,0.0012472843450479234,7,67.0,0.6666666666666666,0.06791699999999999,31.0,19.0,30.0,4.1,3.0,1,1,1,0,7.75,2.671973253328185,19.400733217849297,0.1854425148671325,3.4657359027997265
M0029,Bakery Gemilang Abadi,F&B,bakery,retailer,Tangerang,Karawaci,Tidak,,,,UMI,49881165.0,1.0,0.0625,0.0006600344347712503,0.0,15,53.0,0.0,0.0625,15.0,2.0,5.0,0.0,2.0,1,0,0,0,7.5,2.028193555175408,17.72515405460554,0.06062462181643484,2.772588722239781
M0026,Rumah Makan Bintang,F&B,bakery,retailer,Tangerang,Gading Serpong,Tidak,,,,UMI,68851909.0,1.0,0.052632,0.0007625874881722914,0.0,12,58.0,0.0,0.052632,17.0,7.0,8.0,3.6,3.0,0,1,1,0,8.5,2.1547663933352617,18.04746852422111,0.05129369438747053,2.8903717578961645
M0025,Agen Bahan Kue Pak Darto,F&B,cafe,supplier,Jakarta,Menteng,Tidak,,,,UMI,54047728.0,2.0,0.11990600000000001,0.0014298805795081883,0.003164217252396166,15,53.0,1.0,0.059953000000000006,18.0,2.0,8.0,3.5,1.0,1,1,1,0,6.0,2.727774772743099,17.805378084515517,0.11324475321337497,2.9444389791664403
M0023,UD Gemilang Horeka Internasional,F&B,bakery,retailer,Depok,Margonda,Tidak,,,,UKE,321887524.0,1.0,0.0625,0.0006451760047415788,0.0,7,67.0,0.0,0.0625,25.0,9.0,15.0,3.9,1.0,0,0,1,0,12.5,2.0084502524645833,19.589712741246558,0.06062462181643484,3.258096538021482
M0004,Sinar Kuliner Center,F&B,cafe,retailer,Depok,Cimanggis,Tidak,,,,UKE,358105646.0,5.0,0.339215,0.00206852959532489,0.004738658146964857,7,67.0,0.8,0.067843,27.0,15.0,11.0,4.3,2.0,0,0,1,0,4.5,3.076634425026751,19.6963386041825,0.29208362140719213,3.332204510175204
M0707,Kafe Selaras Pilihan,F&B,restaurant,retailer,Bekasi,Summarecon,Tidak,,,,UKE,364309252.0,1.0,0.052632,0.000545011735578974,0.0,7,67.0,0.0,0.052632,26.0,12.0,11.0,3.3,3.0,0,1,1,0,13.0,1.8640983253382435,19.713513661052335,0.05129369438747053,3.295836866004329
M0705,Rumah Makan Cakrawala,F&B,restaurant,retailer,Jakarta,Thamrin,Tidak,,,,UMI,53143205.0,0.0,0.0,0.0,0.0,-1,0.0,0.0,0.0,0.0,5.0,10.0,0.0,2.0,0,0,0,0,0.0,0.0,17.78850082767669,0.0,0.0
M0704,CV Makmur Distribusi Indonesia,F&B,bakery,supplier,Tangerang,Cipondoh,Tidak,,,,UKE,247358975.0,0.0,0.0,0.0,0.0,-1,0.0,0.0,0.0,0.0,4.0,22.0,4.1,3.0,0,1,1,0,0.0,0.0,19.326351183639368,0.0,0.0
M0702,Mitra Apparel Center,Fashion,textile,retailer,Bandung,Braga,Tidak,,,,UKE,656344324.0,4.0,0.216244,0.0015372806391878515,0.011133546325878594,18,41.0,0.25,0.054061,25.0,6.0,11.0,3.9,1.0,0,1,1,0,5.0,2.795621811746454,20.302196094874795,0.19576742130960942,3.258096538021482
M0700,Distributor Sparepart Nawasena,Automotive,accessories,supplier,Bogor,Bogor Tengah,Tidak,,,,UKE,1190435515.0,4.0,0.231481,0.0014458448377349805,0.004810223642172524,3,76.0,1.0,0.05787025,39.0,11.0,25.0,3.7,2.0,1,1,1,0,7.8,2.7381556744323228,20.8975850569475,0.20821751012001402,3.6888794541139363
M0699,PT Mitra Auto Nusantara,Automotive,sparepart,retailer,Bekasi,Harapan Indah,Tidak,,,,UKE,335864672.0,6.0,0.333637,0.002097159910204877,0.03295591054313099,4,30.0,0.6666666666666666,0.05560616666666667,35.0,8.0,18.0,3.8,1.0,1,0,1,1,5.0,3.089750669457771,19.632218877869747,0.2879097965206868,3.58351893845611
M0001,PT Berseri Boga Sejahtera,F&B,cafe,retailer,Jakarta,Kemang,Tidak,,,,UME,2561833449.0,2.0,0.11871400000000001,0.0009956617332252586,0.001610223642172524,15,53.0,0.0,0.05935700000000001,52.0,1.0,12.0,3.7,3.0,0,1,1,0,17.333333333333332,2.3939435963132984,21.663989030501455,0.11217981131823061,3.970291913552122
M0536,Sentra Gadget Pelita,Electronics,accessories,retailer,Bekasi,Unknown,Tidak,,,,UMI,23185707.0,3.0,0.207653,0.001574069329352876,0.0042581469648562305,18,41.0,0.3333333333333333,0.06921766666666666,11.0,10.0,8.0,3.6,1.0,0,0,1,0,2.75,2.8178424795877715,16.959046612326574,0.18867880659233482,2.4849066497880004
M0453,UD Sejahtera Mart Mandiri,Grocery,toko_kelontong,retailer,Tangerang,Unknown,Tidak,,,,UKE,892752213.0,5.0,0.365458,0.002420213549299049,0.005004472843450479,6,16.0,0.2,0.0730916,29.0,9.0,24.0,3.1,1.0,0,0,1,0,4.833333333333333,3.226928732712332,20.609819624413355,0.31148990349447103,3.4011973816621555
M0428,Warung Pelita Mart,Grocery,minimarket,retailer,Jakarta,Senayan,Tidak,,,,UKE,619371074.5,2.0,0.146149,0.001110639630165269,0.00020958466453674122,5,19.0,1.0,0.0730745,27.0,12.0,22.0,3.8,4.0,1,1,1,0,9.0,2.4937339329036745,20.24421512680242,0.13640762729301845,3.332204510175204
M0409,Swalayan Kencana Baru,Grocery,distributor,retailer,Jakarta,Senayan,Tidak,,,,UMI,40703298.5,2.0,0.1225,0.0009538583215816793,0.0019527156549520768,4,30.0,0.5,0.06125,21.0,12.0,14.0,0.0,2.0,1,1,0,0,7.0,2.355043114326344,17.521819715922994,0.1155583406342723,3.091042453358316
M0415,Toko Kelontong Bu Wati,Grocery,toko_kelontong,retailer,Jakarta,Kelapa Gading,Tidak,,,,UMI,40703298.5,0.0,0.0,0.0,0.0,-1,0.0,0.0,0.0,0.0,15.0,7.0,3.3,3.0,1,0,1,0,0.0,0.0,17.521819715922994,0.0,0.0
M0402,Pusaka Grosir Market,Grocery,minimarket,retailer,Depok,Unknown,Tidak,,,,UKE,402710033.0,3.0,0.163007,0.0011573643876508018,0.009119488817891375,8,46.0,0.3333333333333333,0.05433566666666667,24.0,10.0,6.0,0.0,2.0,1,0,0,0,6.0,2.5316028673479236,19.813727342322785,0.15100889243500878,3.2188758248682006
M0377,Agen Pangan Kencana,Grocery,toko_kelontong,supplier,Bandung,Braga,Tidak,,,,UKE,453622669.0,4.0,0.225456,0.0014984119928420218,0.01971629392971246,3,76.0,0.75,0.056364,25.0,10.0,22.0,3.8,1.0,0,1,1,0,5.0,2.771595724907343,19.932776287083104,0.20331301962870618,3.258096538021482
M0329,UD Arunika Busana Retailindo,Fashion,footwear,retailer,Jakarta,Senayan,Tidak,,,,UMI,49466630.5,4.0,0.239119,0.0015898886820269777,0.005454313099041533,17,39.0,0.75,0.05977974999999999,26.0,3.0,6.0,3.3,2.0,0,1,1,0,5.2,2.827247751136505,17.716808889112748,0.21440064323270083,3.295836866004329
M0322,Gemilang Mode Center,Fashion,accessories,retailer,Bandung,Unknown,Tidak,,,,UKE,458121633.0,4.0,0.238822,0.0016828881152119624,0.007258785942492013,18,41.0,0.5,0.059705499999999995,27.0,7.0,16.0,3.5,2.0,1,1,1,0,5.4,2.880819679043519,19.942645283238498,0.21416092808095005,3.332204510175204
M0265,PT Mahardika Mode Indonesia,Fashion,footwear,retailer,Tangerang,Unknown,Tidak,,,,UBE,7581249909.0,5.0,0.286649,0.0020290781486903093,0.0063948881789137385,12,58.0,0.4,0.0573298,53.0,20.0,38.0,3.9,5.0,1,1,1,0,8.833333333333334,3.0582741849908985,22.74894391878524,0.25204116414441646,3.9889840465642745
M0247,Berkah Tekstil Distribusi,Fashion,footwear,supplier,Tangerang,Unknown,Tidak,,,,UKE,369248979.0,4.0,0.244358,0.0018275175292534925,0.005459424920127795,4,30.0,0.5,0.06108949999999999,34.0,5.0,14.0,3.3,2.0,1,1,1,0,6.8,2.9588180137029783,19.72698171701582,0.21861973426635997,3.5553480614894135
M0235,PT Bintang Tekstil Sejahtera,Fashion,textile,retailer,Depok,Unknown,Tidak,,,,UME,2074847558.0,8.0,0.466916,0.0028907552623937396,0.02407156549520767,8,46.0,0.625,0.0583645,33.0,14.0,22.0,0.0,3.0,1,0,0,1,3.6666666666666665,3.39811104461792,21.453153522388178,0.3831622378077432,3.5263605246161616
M0162,PT Cakrawala Kuliner Sentosa,F&B,warung,retailer,Jakarta,Unknown,Tidak,,,,UME,2123341937.0,3.0,0.187011,0.0014321836856525567,0.0056945686900958465,0,44.0,0.3333333333333333,0.06233700000000001,45.0,12.0,20.0,3.6,2.0,0,0,1,0,11.25,2.7292790563761207,21.476257070287442,0.17143838264440672,3.828641396489095
M0131,UD Nusantara Sajian Indonesia,F&B,catering,retailer,Depok,Unknown,Tidak,,,,UKE,604743713.0,5.0,0.301036,0.002358174446886114,0.015233226837060703,14,29.0,0.8,0.060207199999999995,30.0,8.0,15.0,0.0,2.0,1,1,0,0,5.0,3.202004072687956,20.220315313022546,0.2631608701698231,3.4339872044851463
M0098,CV Gemilang Kuliner Niaga Raya,F&B,cafe,retailer,Jakarta,Unknown,Tidak,,,,UKE,378844397.0,1.0,0.076923,0.0007821407840293704,0.0,14,29.0,1.0,0.076923,32.0,10.0,11.0,4.2,2.0,1,0,1,0,16.0,2.1771814763618487,19.752636119377375,0.0741079007251479,3.4965075614664802
M0057,PT Harmoni Rasa Niaga Raya,F&B,catering,retailer,Tangerang,Unknown,Tidak,,,,UME,1365007500.0,7.0,0.396177,0.003142249501250731,0.018949520766773163,15,53.0,0.42857142857142855,0.056596714285714285,36.0,9.0,20.0,4.1,2.0,1,1,1,1,4.5,3.478852472399613,21.034425760806332,0.3337377871338482,3.6109179126442243
M0049,Grosir Bahan Pangan Makmur,F&B,cafe,supplier,Bandung,Dago,Tidak,,,,UKE,465057342.0,7.0,0.40724,0.0027055665778223516,0.017451757188498403,18,41.0,0.5714285714285714,0.05817714285714285,32.0,4.0,14.0,0.0,3.0,0,0,0,1,4.0,3.3341906001002366,19.957671274228126,0.34163033927883635,3.4965075614664802
