merchant_id,nama,kategori,sub_kategori,tipe,kota,kecamatan,is_nasabah_bni,produk_bni,tgl_registrasi,status,avg_omzet_bulanan,degree,weighted_degree,pagerank,betweenness,community_id,community_size,connected_bni_ratio,avg_neighbor_jaccard,n_customers,lama_beroperasi_tahun,jumlah_karyawan,rating_google,jumlah_outlet,has_website,has_social_media,has_rating,is_hub,customer_density,log_pagerank,log_omzet,log_weighted_degree,log_n_customers,avg_amount_per_transactions,edc_ratio,qris_ratio
M0274,CV Konveksi Kang Asep,Fashion,textile,supplier,Bogor,Sentul,Ya,EDC,2024-06-24,aktif,296686459.0,24.0,1.8341,0.005466287813988677,0.010016854073906371,16,46.0,0.75,0.07642083333333333,326.0,8.0,30.0,3.5,1.0,0,1,1,1,13.04,4.019313464065334,19.508186448897852,1.0417244264610612,5.7899601708972535,483501.717877095,0.1452514,0.24022347
M0159,PT Distributor Harmoni,F&B,warung,supplier,Tangerang,Cipondoh,Ya,"EDC, QRIS",2025-10-12,aktif,113459579.0,18.0,1.010945,0.004033651207114454,0.03700852765828994,16,46.0,0.6111111111111112,0.05616361111111111,114.0,19.0,55.0,3.7,1.0,1,0,1,1,6.0,3.7217461789269386,18.546957208110737,0.6986047608391838,4.74493212836325,460332.4380165289,0.20661157,0.23966943
M0210,Resto Utama,F&B,restaurant,retailer,Depok,Cimanggis,Tidak,,,,2104741179.0,5.0,0.30301100000000003,0.0018505479518345644,0.009619399793726259,14,48.0,0.6,0.060602199999999995,61.0,8.0,22.0,4.9,1.0,0,0,1,0,10.166666666666666,2.9706954270371337,21.467458341651827,0.26467774016386614,4.127134385045092,137983.27692307692,0.33846155,0.44615385
M0553,CV Tech Supply Abadi,Electronics,gadget,supplier,Bekasi,Harapan Indah,Ya,"EDC, QRIS",2022-03-10,aktif,748982104.0,11.0,0.615196,0.0027256457225129697,0.025029557517671622,16,46.0,0.8181818181818182,0.0559269090909091,111.0,14.0,65.0,3.1,1.0,0,0,1,1,9.25,3.3413220058141895,20.43422564934027,0.47945631153992246,4.718498871295094,433451.55555555556,0.06837607,0.2905983
M0662,PT Otomotif Harmoni,Automotive,dealer,supplier,Bogor,Sentul,Ya,QRIS,2025-07-25,aktif,189995861.0,4.0,0.21289,0.0014162343647774493,0.005222247377556411,4,22.0,0.75,0.0532225,58.0,11.0,75.0,0.0,3.0,0,0,0,0,11.6,2.718814962446152,19.062512850940227,0.1930059415959316,4.07753744390572,480049.4666666667,0.06666667,0.2
M0514,Komputer Mulia,Electronics,computer,retailer,Depok,Cimanggis,Ya,EDC,2023-01-14,aktif,29011205.0,4.0,0.203463,0.0013524269820363647,0.008904988302769602,9,62.0,0.5,0.05086575,51.0,5.0,30.0,3.9,1.0,1,0,1,0,10.2,2.6758210309314183,17.18319272710527,0.18520323410408104,3.9512437185814275,174691.6923076923,0.44230768,0.40384614
M0550,Toko IT Utama,Electronics,computer,retailer,Bandung,Braga,Ya,"EDC, QRIS",2024-02-22,aktif,38126240.0,3.0,0.181612,0.0015546609630714462,0.0035066535858928887,0,39.0,1.0,0.06053733333333333,55.0,13.0,41.0,0.0,5.0,1,0,0,0,13.75,2.806181224687001,17.456413343181755,0.1668796079045202,4.02535169073515,147449.1052631579,0.3508772,0.5614035
M0614,Toko Sparepart Jaya,Automotive,accessories,retailer,Depok,Cinere,Tidak,,,,23844397.0,3.0,0.157981,0.001346467819632724,0.004915352300455311,0,39.0,0.3333333333333333,0.05266033333333333,59.0,8.0,49.0,0.0,1.0,0,1,0,0,14.75,2.671709691124095,16.987059863012878,0.14667797141688824,4.0943445622221,270574.0,0.32786885,0.4918033
M0006,UD Supplier Sentosa,F&B,restaurant,supplier,Bandung,Unknown,Tidak,,,,244002842.0,2.0,0.124074,0.0009315821502406919,0.0009508716323296355,8,53.0,0.5,0.062037,40.0,10.0,30.0,3.3,1.0,0,1,1,0,13.333333333333334,2.3336787848844174,19.31269043482894,0.1169595856033177,3.713572066704308,453474.4285714286,0.16666667,0.26190478
M0610,Motor Makmur,Automotive,accessories,retailer,Bekasi,Harapan Indah,Ya,EDC,2023-05-19,aktif,58632034.0,2.0,0.105551,0.0008300228758981168,0.0010062133675445878,12,67.0,0.0,0.0527755,54.0,18.0,46.0,3.2,1.0,0,1,1,0,18.0,2.2300389975966013,17.886791777531293,0.10034385322277724,4.007333185232471,159899.22807017545,0.3508772,0.42105263
M0167,CV Bahan Harmoni,F&B,catering,supplier,Bekasi,Kemang Pratama,Ya,EDC,2021-11-04,aktif,568009174.0,26.0,1.7344760000000001,0.00536302841270963,0.017689231001433853,16,46.0,0.7307692307692307,0.06671061538461538,253.0,13.0,21.0,4.3,1.0,0,0,1,1,9.37037037037037,4.000588383329418,20.157648129723977,1.0059398270245399,5.537334267018537,452116.7536764706,0.14338236,0.26838234
M0619,Bengkel Lestari,Automotive,bengkel,retailer,Jakarta,Kelapa Gading,Ya,QRIS,2020-03-11,aktif,101230262.0,5.0,0.265647,0.002162466957106512,0.007239705179483309,13,36.0,0.6,0.05312940000000001,50.0,3.0,4.0,3.2,2.0,1,0,1,0,8.333333333333334,3.119040884885535,18.432908311615616,0.23558345387773866,3.9318256327243257,181562.72222222222,0.37037036,0.5
M0376,UD Sembako Sejahtera,Grocery,supermarket,supplier,Bogor,Cibinong,Ya,"EDC, QRIS",2020-06-12,aktif,159271674.0,23.0,1.647413,0.004971765041046488,0.009584182325862198,16,46.0,0.7391304347826086,0.07162665217391305,271.0,14.0,81.0,0.0,5.0,0,1,0,1,11.291666666666666,3.9262739843411385,18.886121949905256,0.973582936763682,5.605802066295998,488750.3645833333,0.15972222,0.2013889
M0398,UD Sembako Bu Tini,Grocery,toko_kelontong,supplier,Bekasi,Unknown,Ya,QRIS,2024-02-05,aktif,869212249.0,7.0,0.37307,0.0019325867993436878,0.01697985057731492,6,29.0,0.7142857142857143,0.05329571428571428,109.0,20.0,5.0,0.0,2.0,0,0,0,0,13.625,3.0118943602261634,20.583097899666473,0.31704910873459363,4.700480365792417,426155.3947368421,0.12280702,0.1754386
M0078,Dapur Mas Bro,F&B,restaurant,retailer,Jakarta,Kemang,Tidak,,,,50168273.0,1.0,0.051546,0.0006108908960008967,0.0,0,39.0,0.0,0.051546,43.0,13.0,30.0,3.2,1.0,1,1,1,0,21.5,1.9613487805647352,17.73089339283894,0.05026146223179925,3.784189633918261,400929.1777777778,0.4888889,0.35555556
M0695,CV Sparepart Harmoni,Automotive,dealer,supplier,Jakarta,Cempaka Putih,Ya,"EDC, QRIS",2021-04-23,aktif,472940907.0,5.0,0.283568,0.002016351578465313,0.00552914245465751,2,31.0,0.6,0.056713599999999996,81.0,16.0,30.0,3.5,1.0,0,0,1,0,13.5,3.0522787455821336,19.974481008419218,0.2496437000581107,4.406719247264253,455513.0705882353,0.11764706,0.21176471
M0570,CV Tech Supply Jaya,Electronics,gadget,supplier,Jakarta,Cempaka Putih,Ya,"EDC, QRIS",2019-04-03,aktif,222133522.0,22.0,1.513845,0.004467448330500705,0.004935476567806203,16,46.0,0.6818181818181818,0.06881113636363637,253.0,3.0,67.0,4.4,1.0,0,0,1,1,11.0,3.821539789775499,19.218789213989968,0.921813453533832,5.537334267018537,472555.75539568346,0.12589929,0.26978418
M0034,PT Distributor Sukses,F&B,bakery,supplier,Bogor,Dramaga,Ya,EDC,2024-09-01,aktif,126257149.0,5.0,0.275738,0.0014207701120559876,0.0037682690614544816,11,31.0,0.4,0.0551476,103.0,19.0,22.0,0.0,1.0,1,0,0,0,17.166666666666668,2.721801952215516,18.653831258179483,0.24352483468607644,4.6443908991413725,469421.8396226415,0.1509434,0.2735849
M0139,PT Distributor Jaya,F&B,cafe,supplier,Tangerang,Karawaci,Ya,EDC,2021-04-17,tidak aktif,564140433.0,2.0,0.105493,0.0008576921238299439,0.002223731542273539,2,31.0,0.0,0.0527465,93.0,1.0,9.0,0.0,1.0,0,0,0,0,31.0,2.2593561664584096,20.15081377492176,0.10029138931883566,4.543294782270004,436992.0816326531,0.12244898,0.31632653
M0265,Toko Baju Prima,Fashion,footwear,retailer,Tangerang,Unknown,Ya,EDC,2024-11-04,aktif,52309505.0,6.0,0.32921,0.0021747394828013473,0.00736045078358866,3,31.0,0.8333333333333334,0.05486833333333333,52.0,8.0,23.0,3.2,1.0,0,0,1,0,7.428571428571429,3.124450625785486,17.772688671601188,0.28458478079230126,3.970291913552122,118263.92307692308,0.30769232,0.53846157
M0166,Resto Surya,F&B,cafe,retailer,Bandung,Setiabudhi,Ya,QRIS,2024-11-14,aktif,95201174.0,2.0,0.11088300000000001,0.0011956029304895802,0.0031595099740900057,14,48.0,1.0,0.055441500000000005,50.0,6.0,15.0,4.7,1.0,0,1,1,0,16.666666666666668,2.561561263184867,18.3715028421224,0.10515519458089653,3.9318256327243257,172886.07407407407,0.37037036,0.5925926
M0152,Dapur Buana,F&B,restaurant,retailer,Depok,Margonda,Ya,EDC,2022-03-09,aktif,89684040.0,0.0,0.0,0.0,0.0,-1,0.0,0.0,0.0,0.0,11.0,43.0,4.5,1.0,0,1,1,0,0.0,0.0,18.311803395927093,0.0,0.0,185212.9111111111,0.33333334,0.4888889
M0563,Digital Mas Bro,Electronics,gadget,retailer,Bandung,Cihampelas,Tidak,,,,143811249.0,1.0,0.0625,0.0006022892284208211,0.0,11,31.0,1.0,0.0625,52.0,19.0,25.0,4.4,1.0,0,0,1,0,26.0,1.9491751394838965,18.784012233848987,0.06062462181643484,3.970291913552122,170037.25454545455,0.38181818,0.38181818
M0070,Kafe Bu Tini,F&B,warung,retailer,Bandung,Setiabudhi,Tidak,,,,36740572.0,6.0,0.34339600000000003,0.002078653947852454,0.017140844716122053,7,40.0,0.8333333333333334,0.05723266666666666,67.0,11.0,19.0,4.7,1.0,0,1,1,0,9.571428571428571,3.0812923239775767,17.4193922337102,0.2952007363264682,4.219507705176107,527364.1343283582,0.25373134,0.58208954
M0194,Warung Makmur,F&B,restaurant,retailer,Tangerang,Gading Serpong,Tidak,,,,21398579.0,3.0,0.16403,0.00118232926474266,0.0028073352954494,12,67.0,0.3333333333333333,0.05467666666666666,54.0,18.0,45.0,3.4,1.0,0,1,1,0,13.5,2.5512632552883523,16.878835122650294,0.15188812217299927,4.007333185232471,794806.5272727272,0.4,0.45454547
M0652,Bengkel Pratama,Automotive,dealer,retailer,Bogor,Sentul,Ya,EDC,2024-12-25,aktif,180982070.0,2.0,0.116549,0.0009366405098255352,0.0009508716323296355,2,31.0,1.0,0.0582745,51.0,1.0,7.0,0.0,1.0,0,0,0,0,17.0,2.3385702985192065,19.013908529075184,0.11024267848239826,3.9512437185814275,331857.92727272725,0.36363637,0.5272727
M0537,PT Elektronik Nusantara,Electronics,accessories,supplier,Bogor,Tanah Sareal,Ya,EDC,2021-01-24,aktif,147844160.0,0.0,0.0,0.0,0.0,-1,0.0,0.0,0.0,0.0,5.0,56.0,0.0,2.0,0,0,0,0,0.0,0.0,18.811669310753786,0.0,0.0,471178.55555555556,0.11111111,0.11111111
M0124,UD Supplier Utama,F&B,warung,supplier,Jakarta,Kemang,Ya,QRIS,2020-06-23,aktif,95871484.0,29.0,1.818024,0.0058741105328530396,0.04011269589716499,16,46.0,0.7241379310344828,0.06269048275862069,252.0,19.0,49.0,4.0,3.0,0,0,1,1,8.4,4.090020314935686,18.378519154658886,1.0360359301187172,5.53338948872752,479216.45955882355,0.14705883,0.26838234
M0582,Komputer Sumber,Electronics,accessories,retailer,Bandung,Buah Batu,Tidak,,,,45183425.0,2.0,0.108821,0.0007316683312941063,0.000825094961386562,9,62.0,0.5,0.0544105,45.0,16.0,36.0,5.0,1.0,1,1,1,0,15.0,2.1182635350834547,17.626240896142463,0.10329728866809307,3.828641396489095,484574.04347826086,0.2826087,0.54347825
M0485,PT Distribusi Bang Jali,Grocery,supermarket,supplier,Depok,Cinere,Ya,"EDC, QRIS",2024-05-04,tidak aktif,160679041.0,3.0,0.16523300000000002,0.0012133321656717035,0.0031595099740900057,10,29.0,1.0,0.05507766666666667,48.0,8.0,39.0,3.0,1.0,1,0,1,0,12.0,2.575152638552924,18.894919405276767,0.15292106702033018,3.8918202981106265,539534.5102040817,0.18367347,0.3265306
M0264,Butik Pak Haji,Fashion,footwear,retailer,Bandung,Braga,Ya,"EDC, QRIS",2022-11-13,aktif,26115801.0,4.0,0.224499,0.0014387495355541588,0.004754358161648178,11,31.0,1.0,0.05612475,61.0,16.0,17.0,0.0,1.0,0,0,0,0,12.2,2.733555189677323,17.078051129700725,0.20253178074989076,4.127134385045092,230909.83333333334,0.33333334,0.43939394
M0293,Outlet Sukses,Fashion,clothing,retailer,Tangerang,Karawaci,Tidak,,,,38631235.0,4.0,0.222194,0.001530818587659355,0.0031645410409277285,7,40.0,0.5,0.0555485,46.0,13.0,30.0,4.4,2.0,0,0,1,0,9.2,2.791667182769998,17.46957172998875,0.2006476042864611,3.8501476017100584,115380.89361702128,0.42553192,0.42553192
M0310,PT Tekstil Purnama,Fashion,clothing,supplier,Bogor,Sentul,Ya,QRIS,2022-10-04,aktif,250318803.0,6.0,0.329428,0.0015248254371555726,0.011727416798732172,16,46.0,0.8333333333333334,0.054904666666666664,91.0,16.0,79.0,3.0,1.0,1,0,1,0,13.0,2.7879854797165735,19.338245879429177,0.284748774536834,4.5217885770490405,460778.3157894737,0.2,0.2736842
M0284,Fashion Sejahtera,Fashion,clothing,retailer,Tangerang,Cipondoh,Tidak,,,,21551717.0,2.0,0.10050500000000001,0.0008255149078162073,0.0017558423263653057,14,48.0,1.0,0.050252500000000005,52.0,2.0,17.0,3.3,1.0,1,0,1,0,17.333333333333332,2.225180053746846,16.88596609291416,0.09576916536342663,3.970291913552122,167044.11320754717,0.24528302,0.5283019
M0503,PT Elektronik Pak Haji,Electronics,accessories,supplier,Bogor,Cibinong,Tidak,,,,96123649.0,4.0,0.223196,0.0015295616524444696,0.006545417955877543,8,53.0,1.0,0.055799,65.0,17.0,80.0,0.0,1.0,0,1,0,0,13.0,2.790896146765243,18.3811459414782,0.20146710551618488,4.189654742026425,446784.3943661972,0.16901408,0.23943663
M0705,dapur persada,F&B,restaurant,retailer,Jakarta,Thamrin,Ya,"EDC, QRIS",2020-10-23,aktif,137659034.0,2.0,0.101546,0.0007426632577104404,0.0009659648328428043,12,67.0,0.5,0.050773,52.0,16.0,39.0,5.0,1.0,0,0,1,0,17.333333333333332,2.1313972351638046,18.740290424885224,0.09671464762296465,3.970291913552122,215130.2037037037,0.37037036,0.4814815
M0549,Digital Lestari,Electronics,accessories,retailer,Bogor,Cibinong,Tidak,,,,91699848.0,2.0,0.106847,0.0008949289896421039,0.0012778909767816266,3,31.0,0.0,0.0534235,60.0,15.0,40.0,3.7,5.0,0,1,1,0,20.0,2.2975011814298765,18.3340312905514,0.10151543279231279,4.110873864173311,154111.36666666667,0.43333334,0.48333332
M0432,Minimarket Buana,Grocery,toko_kelontong,retailer,Bandung,Setiabudhi,Tidak,,,,10476980.0,2.0,0.116671,0.000852389845170628,5.534173521495233e-05,10,29.0,0.5,0.0583355,63.0,10.0,34.0,3.0,2.0,0,1,1,0,21.0,2.25380426621018,16.164691122837226,0.1103519377583508,4.1588830833596715,162310.33333333334,0.41269842,0.3968254
M0192,Warung Mulia,F&B,cafe,retailer,Tangerang,Karawaci,Tidak,,,,141917848.0,8.0,0.437512,0.002447058629795432,0.015706990667371017,0,39.0,0.75,0.054688999999999995,56.0,7.0,27.0,0.0,2.0,0,1,0,1,6.222222222222222,3.2375243078844314,18.770758919984527,0.3629138414806125,4.04305126783455,248621.8245614035,0.31578946,0.5614035
M0486,CV Grosir Utama,Grocery,supermarket,supplier,Bandung,Buah Batu,Ya,EDC,2024-11-14,aktif,94319360.0,3.0,0.170985,0.0012490716276240647,0.0007244736246321032,14,48.0,1.0,0.056995,43.0,19.0,65.0,0.0,1.0,0,0,0,0,10.75,2.6020017656403702,18.36219703936128,0.1578452749690623,3.784189633918261,438611.88636363635,0.18181819,0.20454545
M0184,Warung Mas Bro,F&B,warung,retailer,Jakarta,Kemang,Ya,EDC,2020-05-28,aktif,101363657.0,1.0,0.078947,0.0007513038584939658,0.0,3,31.0,0.0,0.078947,62.0,15.0,12.0,3.9,2.0,1,1,1,0,31.0,2.141598939364297,18.434225182513014,0.0759855655144491,4.143134726391533,129768.12307692308,0.2923077,0.6
M0691,Bengkel Jaya,Automotive,sparepart,retailer,Bandung,Dago,Tidak,,,,47447312.0,2.0,0.126395,0.000996700453144976,0.00043267174804417275,3,31.0,1.0,0.0631975,53.0,11.0,20.0,4.8,1.0,1,0,1,0,17.666666666666668,2.3948911769675334,17.67513045338728,0.11902226749133432,3.9889840465642745,170197.59259259258,0.42592594,0.44444445
M0175,Bakery Pak Haji,F&B,restaurant,retailer,Depok,Cimanggis,Tidak,,,,84226631.0,6.0,0.355016,0.002139099960476901,0.013604004729202828,9,62.0,0.5,0.059169333333333324,53.0,12.0,37.0,4.4,5.0,1,0,1,0,7.571428571428571,3.1086590747578686,18.2490217237388,0.30381326238003015,3.9889840465642745,159154.11320754717,0.35849056,0.4528302
M0650,Auto Bu Tini,Automotive,sparepart,retailer,Bogor,Dramaga,Tidak,,,,122863645.0,3.0,0.155226,0.0011048747684595248,0.0023444771463788897,6,29.0,1.0,0.051742,61.0,14.0,21.0,4.0,1.0,0,0,1,0,15.25,2.4889607279463157,18.626585729313774,0.14429599582835545,4.127134385045092,194941.50793650793,0.3968254,0.44444445
M0634,PT Otomotif Berkah,Automotive,bengkel,supplier,Bogor,Unknown,Ya,EDC,2025-08-20,aktif,209135964.0,5.0,0.304897,0.0019213177863800378,0.0068372198324654744,14,48.0,0.8,0.060979399999999996,78.0,20.0,83.0,4.4,1.0,0,1,1,0,13.0,3.0063347612017495,19.158495148652243,0.266124110456676,4.3694478524670215,444646.7625,0.1125,0.2625
M0199,CV Bahan Utama,F&B,bakery,supplier,Jakarta,Menteng,Tidak,,,,308294784.0,23.0,1.470949,0.00475753003607691,0.033139637260081,16,46.0,0.7391304347826086,0.0639543043478261,195.0,12.0,53.0,0.0,1.0,0,0,0,1,8.125,3.8831151786879086,19.546566977371114,0.9046022873762374,5.278114659230517,482080.2047619048,0.13333334,0.25238097
M0338,Fashion Gemilang,Fashion,clothing,retailer,Bandung,Dago,Ya,QRIS,2020-10-21,aktif,49167959.0,2.0,0.12202500000000001,0.0010260733216632695,0.0007647221593338867,13,36.0,1.0,0.061012500000000004,60.0,4.0,10.0,4.1,1.0,1,1,1,0,20.0,2.4213217375216085,17.710752749814812,0.11513508849220123,4.110873864173311,234154.01515151514,0.21212122,0.4090909
M0343,Outlet Gemilang,Fashion,clothing,retailer,Tangerang,Cipondoh,Tidak,,,,81855815.0,1.0,0.055351,0.00039121095721041886,0.0,16,46.0,1.0,0.055351,61.0,18.0,30.0,0.0,1.0,0,1,0,0,30.5,1.5917034976205118,18.220469916068243,0.05387341301698527,4.127134385045092,163789.24590163934,0.37704918,0.4262295
M0666,Toko Sparepart Surya,Automotive,sparepart,retailer,Bandung,Setiabudhi,Ya,EDC,2019-07-19,aktif,72260427.0,2.0,0.115428,0.0009297150608302714,0.000825094961386562,8,53.0,0.5,0.057714,55.0,12.0,43.0,4.3,1.0,0,1,1,0,18.333333333333332,2.3318672169930847,18.09578720672186,0.10923818776026487,4.02535169073515,164770.29090909092,0.29090908,0.5090909
M0529,CV Tech Supply Prima,Electronics,gadget,supplier,Bekasi,Harapan Indah,Ya,"EDC, QRIS",2021-11-12,aktif,362225680.0,2.0,0.11888599999999999,0.0009247367712330397,0.0008100017608733932,5,38.0,1.0,0.059442999999999996,34.0,3.0,30.0,3.9,1.0,1,0,1,0,11.333333333333334,2.327020864050322,19.707778003716225,0.11233354746440397,3.5553480614894135,475935.77777777775,0.11111111,0.33333334
M0378,CV Grosir Utama,Grocery,toko_kelontong,supplier,Depok,Sawangan,Tidak,,,,340754762.0,25.0,1.70519,0.005323291831813028,0.0255729127361457,16,46.0,0.84,0.06820760000000001,233.0,5.0,98.0,3.3,5.0,1,0,1,1,8.961538461538462,3.993288073126809,19.64667360643295,0.9951721501274594,5.455321115357702,457741.1796875,0.14453125,0.28515625
M0148,Warung Jaya,F&B,restaurant,retailer,Bandung,Setiabudhi,Ya,QRIS,2025-11-24,aktif,20006925.0,4.0,0.215439,0.0014792793820041386,0.004628581490705104,11,31.0,0.5,0.05385975,48.0,7.0,7.0,4.8,1.0,0,0,1,0,9.6,2.7595537486543025,16.81158907157026,0.19510532840571765,3.8918202981106265,159645.4150943396,0.3018868,0.6226415
M0689,Toko Sparepart Lestari,Automotive,accessories,retailer,Tangerang,Cipondoh,Ya,QRIS,2025-03-18,aktif,124505938.0,3.0,0.171118,0.0014084974047450954,0.004226096143687269,13,36.0,1.0,0.05703933333333333,65.0,3.0,30.0,4.2,3.0,0,1,1,0,16.25,2.71369915218866,18.63986397554254,0.15795884811263708,4.189654742026425,130536.85074626865,0.37313432,0.49253732
M0492,Komputer Mbak Sri,Electronics,computer,retailer,Bekasi,Grand Galaxy,Ya,QRIS,2021-01-31,aktif,248747709.0,2.0,0.10618,0.0009398522198306696,0.0006137901542021986,11,31.0,1.0,0.05309,52.0,17.0,15.0,0.0,1.0,1,0,0,0,17.333333333333332,2.341663699734025,19.33194972793045,0.10091263850178057,3.970291913552122,144735.30188679244,0.3018868,0.5283019
M0335,Outlet Sejahtera,Fashion,footwear,retailer,Depok,Sawangan,Ya,"EDC, QRIS",2021-11-17,aktif,157921362.0,5.0,0.290175,0.0019478125586858271,0.006329082081855457,9,62.0,0.6,0.05803499999999999,55.0,5.0,27.0,3.4,1.0,0,1,1,0,9.166666666666666,3.019357271903537,18.87760776456458,0.254777868087471,4.02535169073515,144887.16363636364,0.38181818,0.45454547
M0271,UD Kain Abadi,Fashion,accessories,supplier,Bogor,Unknown,Ya,QRIS,2021-01-19,aktif,932163355.0,3.0,0.15362900000000002,0.0010823562532639426,0.004055039871204689,12,67.0,0.6666666666666666,0.051209666666666674,49.0,20.0,5.0,0.0,1.0,0,0,0,0,12.25,2.4700943652669474,20.653018631969164,0.14291262592883106,3.912023005428146,522385.64705882355,0.21568628,0.21568628
M0520,PT Elektronik Buana,Electronics,accessories,supplier,Tangerang,BSD,Tidak,,,,536785804.0,5.0,0.260975,0.0018124596166577767,0.006957965436570825,10,29.0,0.6,0.052195000000000005,60.0,4.0,41.0,5.0,5.0,0,0,1,0,10.0,2.950975264016607,20.10110969953142,0.23188523125096455,4.110873864173311,455093.92063492065,0.17460318,0.22222222
M0206,RM Mbak Sri,F&B,bakery,retailer,Bandung,Braga,Ya,EDC,2022-03-24,aktif,28231740.0,3.0,0.163717,0.0010303467824304957,0.002500440218348301,1,28.0,1.0,0.054572333333333334,35.0,19.0,45.0,3.6,1.0,0,1,1,0,8.75,2.4251095657447124,17.155957470308195,0.15161919260128343,3.58351893845611,167231.19444444444,0.3611111,0.4722222
M0104,RM Gemilang,F&B,catering,retailer,Bogor,Tanah Sareal,Ya,QRIS,2022-03-24,aktif,31894701.0,4.0,0.236651,0.0018213556285322525,0.004286468945739944,7,40.0,0.75,0.05916275,53.0,18.0,32.0,5.0,1.0,0,0,1,0,10.6,2.9556160864203056,17.27795047245731,0.21240691940737655,3.9889840465642745,148650.41818181818,0.3090909,0.4181818
M0185,Bakery Utama,F&B,warung,retailer,Tangerang,Karawaci,Tidak,,,,53697848.0,3.0,0.163858,0.0012403806359124094,0.0027721178275853394,12,67.0,1.0,0.05461933333333333,53.0,3.0,17.0,3.3,1.0,0,0,1,0,13.25,2.5955387232714653,17.798883502810913,0.15174034874033154,3.9889840465642745,134903.1090909091,0.18181819,0.54545456
M0473,PT Distribusi Sukses,Grocery,distributor,supplier,Bandung,Dago,Ya,QRIS,2021-02-05,aktif,87561078.0,3.0,0.168902,0.0011378900039573738,0.0025809372877518676,12,67.0,0.6666666666666666,0.056300666666666666,85.0,18.0,30.0,3.2,1.0,1,0,1,0,21.25,2.515993413516968,18.28784715352154,0.1560648466404754,4.454347296253507,523678.3068181818,0.125,0.20454545
M0498,Digital Pratama,Electronics,gadget,retailer,Jakarta,Tebet,Ya,QRIS,2023-06-10,aktif,55322772.0,2.0,0.104783,0.0010222980156846064,0.002530626619374638,2,31.0,1.0,0.0523915,51.0,11.0,43.0,0.0,3.0,0,0,0,0,17.0,2.41796347595326,17.828695190041053,0.09964893559412358,3.9512437185814275,144563.4716981132,0.3962264,0.3773585
M0467,Toko Gemilang,Grocery,supermarket,retailer,Bekasi,Kemang Pratama,Ya,EDC,2019-11-08,aktif,114118738.0,4.0,0.219033,0.0014721218628362409,0.00515181244182829,6,29.0,0.75,0.05475825000000001,57.0,2.0,15.0,3.8,2.0,0,1,1,0,11.4,2.7550113048846656,18.552750034476354,0.19805792150268695,4.060443010546419,143795.3620689655,0.3275862,0.5
M0292,Butik Prima,Fashion,clothing,retailer,Bogor,Tanah Sareal,Ya,QRIS,2023-12-08,aktif,42131201.0,3.0,0.16685,0.0012872615901721152,0.002163358740220864,9,62.0,0.6666666666666666,0.05561666666666667,81.0,11.0,45.0,3.6,1.0,0,1,1,0,20.25,2.6299168179655847,17.556299164286397,0.1543078103387557,4.406719247264253,234753.04705882352,0.25882354,0.47058824
M0518,Gadget Sentosa,Electronics,accessories,retailer,Bekasi,Grand Galaxy,Tidak,,,,27240088.0,1.0,0.055556,0.0006414380186821919,0.0,12,67.0,1.0,0.055556,49.0,13.0,6.0,0.0,1.0,0,0,0,0,24.5,2.003421382995919,17.120200306494286,0.05406764232281871,3.912023005428146,256106.6603773585,0.33962265,0.509434
M0033,UD Supplier Gemilang,F&B,restaurant,supplier,Bandung,Unknown,Tidak,,,,291107222.0,4.0,0.204351,0.0012692863734459253,0.007496289588207179,7,40.0,0.75,0.05108775,59.0,11.0,100.0,3.5,2.0,0,0,1,0,11.8,2.6168748018260497,19.489202221187135,0.1859408326397319,4.0943445622221,447209.43333333335,0.15,0.2
M0643,Auto Barokah,Automotive,bengkel,retailer,Bekasi,Grand Galaxy,Ya,EDC,2024-04-09,aktif,51979906.0,4.0,0.232809,0.0015277128553362618,0.0036676477247000227,4,22.0,0.75,0.05820225,59.0,9.0,30.0,3.1,1.0,0,0,1,0,11.8,2.789760966231747,17.766367798026344,0.20929530545137123,4.0943445622221,122125.01587301587,0.3809524,0.42857143
M0087,Warung Mbak Sri,F&B,restaurant,retailer,Bogor,Bogor Tengah,Ya,EDC,2020-03-04,aktif,149657799.0,1.0,0.050505,0.0015822784810126582,0.0,15,2.0,1.0,0.050505,47.0,5.0,13.0,3.5,1.0,0,0,1,0,23.5,2.8227342062462237,18.823861912521803,0.049271000929858505,3.871201010907891,159195.52083333334,0.3125,0.5416667
M0285,PT Tekstil Citra,Fashion,accessories,supplier,Depok,Sawangan,Tidak,,,,1621190673.0,10.0,0.54925,0.0026868774692497548,0.02259452116821372,16,46.0,0.4,0.054925,99.0,10.0,43.0,3.1,3.0,0,0,1,1,9.0,3.3275068754214265,21.20642670017289,0.43777094286007984,4.605170185988092,402137.2745098039,0.1764706,0.2254902
M0023,Resto Citra,F&B,bakery,retailer,Depok,Margonda,Tidak,,,,69774235.0,7.0,0.413432,0.002603759524856385,0.013538600860312429,1,28.0,1.0,0.05906171428571428,50.0,10.0,10.0,3.4,1.0,0,0,1,0,6.25,3.297228314104737,18.060775387846242,0.34602078945981457,3.9318256327243257,108412.14814814815,0.3888889,0.5
M0005,Dapur Jaya,F&B,catering,retailer,Bekasi,Harapan Indah,Ya,"EDC, QRIS",2019-11-19,aktif,53183670.0,3.0,0.177573,0.0012610931741980868,0.0013533569793474705,4,22.0,0.6666666666666666,0.059190999999999994,45.0,15.0,6.0,3.7,1.0,0,0,1,0,11.25,2.610873274421549,17.789261971107123,0.16345554074049395,3.828641396489095,120202.0,0.3,0.6
M0562,Komputer Citra,Electronics,gadget,retailer,Depok,Sawangan,Tidak,,,,425110936.0,3.0,0.162278,0.0013246818288673164,0.0016200035217467865,2,31.0,1.0,0.05409266666666667,64.0,20.0,36.0,3.6,1.0,1,0,1,0,16.0,2.6565336037965706,19.867860721062044,0.15038187250077784,4.174387269895637,195449.328125,0.34375,0.375
M0564,Komputer Bu Tini,Electronics,service,retailer,Bogor,Tanah Sareal,Tidak,,,,48963164.0,3.0,0.153069,0.0014752357129281534,0.006174376776595477,10,29.0,1.0,0.051023000000000006,39.0,11.0,7.0,4.7,1.0,1,0,1,0,9.75,2.756990013075853,17.706578838686816,0.14242708338186416,3.6888794541139363,774008.05,0.425,0.375
M0519,Toko IT Lestari,Electronics,gadget,retailer,Tangerang,Karawaci,Tidak,,,,71800290.0,4.0,0.234024,0.0012038360879263331,0.0017256559253389682,8,53.0,0.75,0.05850600000000001,63.0,13.0,36.0,4.4,1.0,0,0,1,0,12.6,2.5678958491546737,18.089399086935032,0.21028037424058316,4.1588830833596715,810017.8923076923,0.33846155,0.50769234
M0213,Toko Baju Sejahtera,Fashion,footwear,retailer,Depok,Sawangan,Ya,QRIS,2022-03-11,tidak aktif,154948225.0,2.0,0.12312400000000001,0.0011674747800192546,0.0006993182904434886,13,36.0,0.5,0.061562000000000006,45.0,11.0,37.0,3.6,1.0,1,0,1,0,15.0,2.5396116518585843,18.858601593278024,0.11611408818244644,3.828641396489095,177826.48888888888,0.2888889,0.5777778
M0621,Toko Sparepart Pratama,Automotive,sparepart,retailer,Bandung,Dago,Tidak,,,,32235309.0,5.0,0.282876,0.0016185930125261535,0.006480014086987146,6,29.0,1.0,0.056575200000000006,56.0,5.0,50.0,5.0,1.0,0,0,1,0,9.333333333333334,2.844091033088604,17.28857299355668,0.24910443248260938,4.04305126783455,160565.55357142858,0.26785713,0.42857143
M0239,Outlet Bu Tini,Fashion,accessories,retailer,Bandung,Setiabudhi,Tidak,,,,36193575.0,4.0,0.208166,0.001538802402997638,0.006017155937916636,2,31.0,1.0,0.0520415,49.0,13.0,21.0,3.9,3.0,0,0,1,0,9.8,2.7965508259989256,17.40439220248483,0.18910350729028516,3.912023005428146,265172.62,0.38,0.5
M0400,Mart Mandiri,Grocery,minimarket,retailer,Bekasi,Kemang Pratama,Tidak,,,,200041355.0,2.0,0.119411,0.0009298371337274408,0.0005936658868513069,3,31.0,1.0,0.0597055,40.0,13.0,9.0,4.2,1.0,0,1,1,0,13.333333333333334,2.331985760138177,19.114034683136275,0.1128026541197117,3.713572066704308,176849.875,0.4,0.375
M0560,Gadget Purnama,Electronics,service,retailer,Tangerang,BSD,Ya,QRIS,2019-02-16,aktif,44952366.0,4.0,0.222767,0.0016159557788398395,0.005337961914824038,8,53.0,0.75,0.05569175,56.0,13.0,14.0,3.0,3.0,0,1,1,0,11.2,2.842555323820913,17.62111397600495,0.2011163234279857,4.04305126783455,213095.07142857142,0.375,0.44642857
M0168,RM Mandiri,F&B,warung,retailer,Bandung,Braga,Tidak,,,,361985127.0,3.0,0.160346,0.0012105686557081336,0.0011018036374613237,13,36.0,0.6666666666666666,0.053448666666666665,45.0,15.0,7.0,3.5,1.0,0,1,1,0,11.25,2.573046224344844,19.707113686073193,0.14871823650494104,3.828641396489095,151074.54347826086,0.41304347,0.32608697
M0686,Unknown_M0686,Automotive,accessories,supplier,Tangerang,Cipondoh,Ya,QRIS,2025-01-23,aktif,520551166.0,1.0,0.057692,0.000744697215566757,0.0,13,36.0,1.0,0.057692,29.0,4.0,79.0,4.6,1.0,0,1,1,0,14.5,2.1338080523823524,20.070398744742096,0.056089175741910344,3.4011973816621555,473931.1724137931,0.1724138,0.13793103
M0013,PT Distributor Sejahtera,F&B,restaurant,supplier,Tangerang,Karawaci,Tidak,,,,357115500.0,9.0,0.482356,0.002199100352129852,0.021714084471612206,16,46.0,0.6666666666666666,0.053595111111111114,116.0,20.0,53.0,4.0,1.0,1,0,1,1,11.6,3.1351029881616554,19.693569819631538,0.39363271395109606,4.762173934797756,469215.0634920635,0.15873016,0.20634921
M0699,Motor Pratama,Automotive,sparepart,retailer,Bekasi,Harapan Indah,Ya,QRIS,2025-02-20,aktif,150824024.0,3.0,0.172768,0.0013823261609117296,0.0019419917993610545,2,31.0,0.3333333333333333,0.05758933333333333,60.0,19.0,17.0,3.4,1.0,0,1,1,0,15.0,2.696197677240403,18.831624317824655,0.15936676664839972,4.110873864173311,113327.2131147541,0.40983605,0.4262295
M0374,Toko Pak Haji,Grocery,toko_kelontong,retailer,Bandung,Dago,Ya,"EDC, QRIS",2024-06-28,aktif,67777253.0,6.0,0.343736,0.0019213433284937557,0.00922697658038387,7,40.0,0.6666666666666666,0.05728933333333333,67.0,19.0,43.0,4.8,2.0,1,1,1,0,9.571428571428571,3.0063473974890824,18.0317372098967,0.29545379423491064,4.219507705176107,154639.1194029851,0.29850745,0.46268657
M0580,Toko IT Mandiri,Electronics,service,retailer,Bandung,Setiabudhi,Ya,EDC,2020-01-06,aktif,183803652.0,4.0,0.210422,0.0014835278807626574,0.005342992981661761,7,40.0,0.75,0.0526055,55.0,13.0,30.0,4.0,1.0,0,0,1,0,11.0,2.7622402868849583,19.02937864255234,0.1909690591364808,4.02535169073515,297688.7090909091,0.3090909,0.6181818
M0136,Resto Prima,F&B,restaurant,retailer,Bekasi,Grand Galaxy,Ya,EDC,2023-09-16,aktif,264920665.0,6.0,0.314594,0.0021754624521960124,0.018479108494956355,8,53.0,0.6666666666666666,0.05243233333333333,56.0,13.0,6.0,4.2,1.0,1,1,1,0,8.0,3.1247684004298106,19.39494096554437,0.27352787271095325,4.04305126783455,210785.45614035087,0.28070176,0.5964912
M0238,CV Konveksi Prima,Fashion,accessories,supplier,Bekasi,Grand Galaxy,Ya,EDC,2024-08-07,aktif,341604246.0,1.0,0.066667,0.0007347444085010718,0.0,2,31.0,1.0,0.066667,25.0,1.0,36.0,3.8,1.0,0,0,1,0,12.5,2.1219553944018235,19.649163452471193,0.06453883363752234,3.258096538021482,524879.3461538461,0.1923077,0.34615386
M0599,CV Sparepart Mas Bro,Automotive,sparepart,supplier,Tangerang,Cipondoh,Ya,"EDC, QRIS",2021-12-11,aktif,206242948.0,5.0,0.268722,0.0019532105809914675,0.007918899202575906,5,38.0,0.8,0.053744400000000005,34.0,6.0,89.0,0.0,2.0,1,1,0,0,5.666666666666667,3.0219897980996753,19.14456539592802,0.23801009459891997,3.5553480614894135,411535.2,0.057142857,0.34285715
M0262,Outlet Citra,Fashion,textile,retailer,Tangerang,Karawaci,Ya,"EDC, QRIS",2025-01-08,aktif,62234942.0,7.0,0.382062,0.002624735455105392,0.013115991245943702,5,38.0,0.5714285714285714,0.05458028571428573,46.0,1.0,29.0,0.0,1.0,0,1,0,0,5.75,3.3049564357013486,17.94642718453345,0.3235765868572752,3.8501476017100584,143651.53191489363,0.31914893,0.5531915
M0245,Outlet Harmoni,Fashion,textile,retailer,Jakarta,Thamrin,Ya,QRIS,2019-12-05,aktif,22291884.0,2.0,0.122082,0.0013393933740576116,0.00038739214650466633,12,67.0,1.0,0.061041,57.0,8.0,48.0,0.0,1.0,1,0,0,0,19.0,2.6668068498081086,16.919733268856895,0.11518588820898144,4.060443010546419,129772.83333333333,0.36666667,0.4
M0311,Toko Baju Sukses,Fashion,accessories,retailer,Depok,Sawangan,Ya,"EDC, QRIS",2022-02-20,aktif,53977989.0,0.0,0.0,0.0,0.0,-1,0.0,0.0,0.0,0.0,14.0,41.0,5.0,1.0,0,1,1,0,0.0,0.0,17.804086928847518,0.0,0.0,116444.65,0.35,0.51666665
M0418,UD Sembako Mulia,Grocery,minimarket,supplier,Bogor,Bogor Tengah,Tidak,,,,322798777.0,0.0,0.0,0.0,0.0,-1,0.0,0.0,0.0,0.0,11.0,75.0,0.0,1.0,0,0,0,0,0.0,0.0,19.592539708727127,0.0,0.0,452797.3137254902,0.13725491,0.29411766
M0589,Digital Anugrah,Electronics,gadget,retailer,Depok,Sawangan,Tidak,,,,138627665.0,5.0,0.281617,0.0020657087026264543,0.007013307171785777,6,29.0,0.6,0.0563234,45.0,19.0,27.0,4.0,1.0,0,0,1,0,7.5,3.075332746206705,18.747302235190183,0.24812256191314633,3.828641396489095,205062.04255319148,0.23404256,0.5744681
M0345,UD Kain Mandiri,Fashion,clothing,supplier,Jakarta,Kelapa Gading,Tidak,,,,201877039.0,4.0,0.21632800000000002,0.0014273806742332625,0.003964480668125676,14,48.0,0.75,0.054082000000000005,34.0,10.0,77.0,4.2,1.0,0,0,1,0,6.8,2.7261393836646994,19.123169357153294,0.19583648401363907,3.5553480614894135,467223.0571428572,0.25714287,0.17142858
M0321,Outlet Citra,Fashion,textile,retailer,Bogor,Bogor Tengah,Ya,"EDC, QRIS",2022-12-20,aktif,71649473.0,2.0,0.113926,0.0009586451778427587,0.0006993182904434886,10,29.0,1.0,0.056963,65.0,15.0,25.0,3.5,1.0,0,0,1,0,21.666666666666668,2.3595750494973484,18.08729637096936,0.10789071200965374,4.189654742026425,151506.57575757575,0.34848484,0.530303
M0500,Gadget Mbak Sri,Electronics,computer,retailer,Depok,Margonda,Ya,EDC,2023-12-02,aktif,18915272.0,5.0,0.263432,0.001557694751519651,0.009116293109953965,6,29.0,0.6,0.0526864,56.0,4.0,24.0,4.5,1.0,0,0,1,0,9.333333333333334,2.808013026315771,16.755480248934802,0.23383182764041072,4.04305126783455,464824.91071428574,0.39285713,0.5
M0506,CV Tech Supply Prima,Electronics,accessories,supplier,Tangerang,Alam Sutera,Ya,EDC,2020-01-30,aktif,199295597.0,2.0,0.106189,0.0009503684317640345,0.002887832364852967,12,67.0,1.0,0.0530945,25.0,6.0,69.0,4.3,1.0,1,0,1,0,8.333333333333334,2.3517260830112114,19.110299697633526,0.10092077457673014,3.258096538021482,491465.53846153844,0.0,0.26923078
M0014,CV Bahan Karya,F&B,catering,supplier,Bandung,Cihampelas,Ya,QRIS,2024-08-12,aktif,291107222.0,3.0,0.162048,0.001675621236727109,0.00446758735189797,13,36.0,0.3333333333333333,0.054016,26.0,8.0,51.0,4.3,1.0,1,0,1,0,6.5,2.8767354472106437,19.489202221187135,0.1501839656660647,3.295836866004329,415722.14814814815,0.14814815,0.37037036
M0316,Fashion Jaya,Fashion,accessories,retailer,Jakarta,Kelapa Gading,Tidak,,,,66912975.0,0.0,0.0,0.0,0.0,-1,0.0,0.0,0.0,0.0,5.0,41.0,0.0,2.0,0,1,0,0,0.0,0.0,18.01890346742645,0.0,0.0,214823.14814814815,0.44444445,0.37037036
M0081,CV Bahan Sukses,F&B,cafe,supplier,Jakarta,Pluit,Ya,QRIS,2020-12-12,aktif,246842858.0,3.0,0.18532,0.0012458439134095441,0.0017659044600407516,8,53.0,0.6666666666666666,0.061773333333333326,44.0,20.0,34.0,5.0,1.0,0,1,1,0,11.0,2.5996063542007475,19.324262493751622,0.1700127803263568,3.8066624897703196,477612.4666666667,0.22222222,0.2
M0414,Minimarket Persada,Grocery,toko_kelontong,retailer,Tangerang,BSD,Ya,EDC,2019-01-24,aktif,207348008.0,3.0,0.173131,0.001187240849582298,0.002228762609111262,9,62.0,0.6666666666666666,0.057710333333333336,48.0,13.0,48.0,3.4,2.0,0,1,1,0,12.0,2.555086144412057,19.149909142488546,0.15967624289004287,3.8918202981106265,135095.89795918367,0.4489796,0.3877551
M0401,PT Distribusi Gemilang,Grocery,supermarket,supplier,Bogor,Tanah Sareal,Ya,"EDC, QRIS",2021-06-02,aktif,82182905.0,7.0,0.378408,0.0026099568302490224,0.012064498276859608,14,48.0,0.7142857142857143,0.05405828571428571,32.0,19.0,78.0,4.8,1.0,1,0,1,0,4.0,3.2995177979613657,18.224457882196138,0.3209292100452688,3.4965075614664802,467607.1212121212,0.15151516,0.24242425
M0437,PT Distribusi Bu Tini,Grocery,minimarket,supplier,Depok,Sawangan,Ya,EDC,2025-11-20,aktif,1082882643.0,2.0,0.107387,0.0009134595431362297,0.0005836037531758609,11,31.0,1.0,0.0536935,31.0,11.0,95.0,3.7,1.0,0,0,1,0,10.333333333333334,2.3159548611360603,20.80289243713616,0.10200318612886677,3.4657359027997265,411152.6451612903,0.09677419,0.22580644
M0172,CV Bahan Maju,F&B,bakery,supplier,Tangerang,Gading Serpong,Ya,"EDC, QRIS",2022-01-24,aktif,153214854.0,3.0,0.15821,0.0012584190255896883,0.004236158277362715,4,22.0,0.6666666666666666,0.052736666666666675,35.0,10.0,76.0,0.0,3.0,0,1,0,0,8.75,2.6089066353526005,18.847351775321947,0.1468757098596558,3.58351893845611,515903.3714285714,0.17142858,0.25714287
M0611,Bengkel Kang Asep,Automotive,accessories,retailer,Tangerang,Karawaci,Ya,EDC,2025-01-21,aktif,118323042.0,3.0,0.191764,0.0013506832628912056,0.002832490629638015,11,31.0,0.6666666666666666,0.06392133333333333,47.0,10.0,22.0,3.1,2.0,0,0,1,0,11.75,2.674619754226273,18.58892909442691,0.1754345624640471,3.871201010907891,172843.66666666666,0.27083334,0.47916666
M0140,Bakery Bersama,F&B,restaurant,retailer,Bandung,Cihampelas,Ya,EDC,2023-04-07,aktif,69545840.5,5.0,0.279788,0.0018412560846138898,0.005207154177043242,0,39.0,0.8,0.055957599999999996,44.0,10.0,15.0,0.0,1.0,1,1,0,0,7.333333333333333,2.9659203228492315,18.057496683029246,0.24669443921419082,3.8066624897703196,165375.39130434784,0.3043478,0.5652174
M0094,Bakery Sejahtera,F&B,bakery,retailer,Bandung,Buah Batu,Tidak,,,,48891008.0,1.0,0.053097,0.0006434782384330209,0.0,4,22.0,0.0,0.053097,62.0,7.0,30.0,4.9,1.0,0,1,1,0,31.0,2.0061693103957015,17.70510407250918,0.05173534666804267,4.143134726391533,1031542.8,0.24615385,0.52307695
M0438,Swalayan Prima,Grocery,distributor,retailer,Tangerang,Alam Sutera,Tidak,,,,18961263.0,4.0,0.23595100000000002,0.00151968579098282,0.005242371644907303,10,29.0,0.75,0.058987750000000005,56.0,16.0,39.0,4.5,1.0,0,1,1,0,11.2,2.784817267242961,16.757908719235694,0.21184071423670942,4.04305126783455,141387.62711864407,0.3559322,0.44067797
M0469,Swalayan Mulia,Grocery,toko_kelontong,retailer,Tangerang,Alam Sutera,Ya,QRIS,2025-12-08,aktif,40732993.0,4.0,0.240679,0.0015948049922697453,0.0022891354111639374,9,62.0,0.5,0.060169749999999994,42.0,6.0,10.0,0.0,1.0,0,1,0,0,8.4,2.8301527783994276,17.522548985393396,0.21565881039453255,3.7612001156935624,124121.79545454546,0.22727273,0.47727272
M0268,Butik Pak Haji,Fashion,textile,retailer,Tangerang,BSD,Ya,"EDC, QRIS",2022-02-14,aktif,18126268.0,4.0,0.233821,0.0015817588295961745,0.0037733001282922044,4,22.0,0.75,0.05845525,40.0,19.0,24.0,3.1,1.0,0,0,1,0,8.0,2.8224252611468468,16.712872770047266,0.21011585823535767,3.713572066704308,174405.675,0.3,0.55
M0202,Bakery Berkah,F&B,restaurant,retailer,Bekasi,Grand Galaxy,Ya,QRIS,2020-08-28,aktif,69545840.5,2.0,0.11678,0.0009072823342981273,0.0006288833547153674,9,62.0,0.5,0.05839,56.0,16.0,50.0,4.2,2.0,0,1,1,0,18.666666666666668,2.3098410391299256,18.057496683029246,0.1104495445561597,4.04305126783455,134754.64912280702,0.4385965,0.47368422
M0659,Motor Pak Haji,Automotive,dealer,retailer,Bogor,Tanah Sareal,Ya,"EDC, QRIS",2023-08-24,aktif,78473871.0,4.0,0.217091,0.0015046957121628035,0.007239705179483309,7,40.0,0.75,0.05427275000000001,67.0,5.0,48.0,3.6,2.0,0,0,1,0,13.4,2.775519244164549,18.178276286584524,0.19646358524446245,4.219507705176107,176846.1343283582,0.37313432,0.49253732
M0279,PT Tekstil Utama,Fashion,accessories,supplier,Depok,Cimanggis,Tidak,,,,311167424.0,1.0,0.051282,0.0005294949723475603,0.0,6,29.0,1.0,0.051282,27.0,16.0,34.0,3.6,2.0,0,0,1,0,13.5,1.8397476807250364,19.55584166933978,0.050010371794172385,3.332204510175204,491982.10714285716,0.17857143,0.17857143
M0396,Minimarket Citra,Grocery,supermarket,retailer,Bekasi,Jababeka,Ya,EDC,2019-12-27,aktif,43044366.0,4.0,0.215226,0.001536082150615068,0.004990818303021155,9,62.0,0.75,0.05380649999999999,65.0,16.0,5.0,3.2,1.0,0,0,1,0,13.0,2.7948895442262933,17.57774193242535,0.1949300677255785,4.189654742026425,170176.45454545456,0.37878788,0.4848485
M0554,PT Elektronik Bu Tini,Electronics,accessories,supplier,Bekasi,Kemang Pratama,Tidak,,,,360692616.0,22.0,1.316962,0.00457730053617789,0.03534701783513194,16,46.0,0.9090909090909091,0.05986190909090909,170.0,7.0,70.0,4.2,1.0,0,0,1,1,7.391304347826087,3.845306227996578,19.703536677130877,0.8402568447978381,5.14166355650266,507408.10614525137,0.18435754,0.21787709
M0302,Butik Sejahtera,Fashion,accessories,retailer,Jakarta,Menteng,Ya,QRIS,2020-11-14,aktif,39659340.0,2.0,0.11458299999999999,0.0009342210821352182,0.0005332930847986316,5,38.0,1.0,0.057291499999999995,47.0,17.0,31.0,0.0,1.0,0,1,0,0,15.666666666666666,2.3362336587355284,17.49583706467985,0.10848034392860464,3.871201010907891,172824.92,0.4,0.48
M0597,Toko Sparepart Prima,Automotive,accessories,retailer,Bandung,Dago,Tidak,,,,51501039.0,2.0,0.117593,0.0010585812478200794,0.0006993182904434886,9,62.0,0.5,0.0587965,48.0,7.0,19.0,0.0,1.0,1,0,0,0,16.0,2.4497812873372355,17.75711255960482,0.11117726551938195,3.8918202981106265,136280.5918367347,0.4489796,0.40816328
M0247,PT Tekstil Sentosa,Fashion,footwear,supplier,Tangerang,Unknown,Tidak,,,,201247036.0,4.0,0.23661100000000002,0.0016656797995998334,0.005292682313284532,12,67.0,0.75,0.05915275,73.0,17.0,18.0,3.1,1.0,0,0,1,0,14.6,2.8711208648065774,19.120043751173196,0.2123745734610082,4.30406509320417,484104.7012987013,0.24675325,0.20779221
M0041,Warung Buana,F&B,restaurant,retailer,Bandung,Buah Batu,Ya,"EDC, QRIS",2025-07-06,aktif,127626670.0,2.0,0.1,0.000817359979510735,0.0017155937916635221,8,53.0,1.0,0.05,50.0,11.0,35.0,0.0,1.0,0,1,0,0,16.666666666666668,2.2163297714069254,18.664619927409422,0.09531017980432487,3.9318256327243257,176190.7962962963,0.37037036,0.42592594
M0428,Swalayan Bersama,Grocery,minimarket,retailer,Jakarta,Senayan,Ya,EDC,2022-06-02,aktif,121745859.0,6.0,0.340162,0.002357552244722529,0.008562875757804442,0,39.0,1.0,0.05669366666666666,57.0,2.0,16.0,0.0,1.0,0,0,0,0,8.142857142857142,3.2017509251043164,18.617446315242045,0.29279050217793334,4.060443010546419,170987.43103448275,0.2413793,0.70689654
M0077,RM Utama,F&B,catering,retailer,Bekasi,Harapan Indah,Ya,QRIS,2024-04-06,aktif,71010787.0,3.0,0.170622,0.0011984299427000049,0.0027972731617739543,2,31.0,0.6666666666666666,0.056874,63.0,18.0,46.0,3.0,1.0,0,1,1,0,15.75,2.563740891175593,18.07834236712529,0.1575352314793496,4.1588830833596715,199601.52307692307,0.2923077,0.46153846
M0341,Toko Baju Barokah,Fashion,textile,retailer,Bandung,Braga,Ya,"EDC, QRIS",2019-08-12,aktif,31327336.0,2.0,0.11358599999999999,0.0008812180567758217,0.0012326113752421201,5,38.0,0.0,0.056792999999999996,60.0,4.0,35.0,4.1,1.0,0,0,1,0,20.0,2.2836245289743884,17.26000166091172,0.10758543867991145,4.110873864173311,190550.52459016393,0.37704918,0.5081967
M0036,Resto Sentosa,F&B,cafe,retailer,Bekasi,Summarecon,Ya,"EDC, QRIS",2023-10-27,aktif,21883439.0,1.0,0.054945,0.0006539061905657116,0.0,4,22.0,1.0,0.054945,51.0,9.0,9.0,3.5,1.0,0,1,1,0,25.5,2.0200977585842472,16.901240744366678,0.05348863286765151,3.9512437185814275,145746.23076923078,0.42307693,0.3846154
M0593,CV Tech Supply Barokah,Electronics,service,supplier,Depok,Sawangan,Ya,EDC,2019-04-22,aktif,431675134.0,9.0,0.5113570000000001,0.0025232375197257353,0.013235479083339621,11,31.0,0.4444444444444444,0.05681744444444445,93.0,18.0,28.0,3.9,2.0,0,0,1,1,9.3,3.266994342476708,19.883183860997995,0.41300792275646336,4.543294782270004,449012.38383838383,0.15151516,0.22222222
M0235,Butik Sukses,Fashion,textile,retailer,Depok,Unknown,Tidak,,,,452161366.0,4.0,0.21073,0.001458334442659056,0.0036827409252131915,1,28.0,0.75,0.05268249999999999,51.0,9.0,47.0,3.9,5.0,0,1,1,0,10.2,2.746202678933107,19.929549680721966,0.19122348347800205,3.9512437185814275,160189.28301886792,0.3207547,0.509434
M0062,Dapur Makmur,F&B,warung,retailer,Bogor,Sentul,Ya,QRIS,2025-04-29,aktif,55556269.0,7.0,0.371616,0.0025251336385814544,0.013548662993987874,7,40.0,0.5714285714285714,0.05308799999999999,52.0,9.0,31.0,0.0,5.0,0,1,0,0,6.5,3.267716897677558,17.832906938967557,0.3159896067471058,3.970291913552122,174142.88461538462,0.28846154,0.63461536
M0016,CV Bahan Bersama,F&B,bakery,supplier,Bandung,Setiabudhi,Tidak,,,,187665180.0,4.0,0.227128,0.001501503457109116,0.0058460996654340555,12,67.0,0.5,0.056782,44.0,8.0,79.0,0.0,1.0,0,0,0,0,8.8,2.7735279417282364,19.05016998088587,0.2046764797662786,3.8066624897703196,505405.3777777778,0.13333334,0.31111112
M0456,Minimarket Nusantara,Grocery,minimarket,retailer,Depok,Cinere,Ya,EDC,2025-03-05,aktif,32165803.0,1.0,0.05,0.0006129749761410664,0.0,16,46.0,1.0,0.05,50.0,7.0,1.0,3.4,1.0,0,1,1,0,25.0,1.9642761372339608,17.286414458628627,0.04879016416943201,3.9318256327243257,454381.1960784314,0.33333334,0.50980395
M0566,Gadget Harmoni,Electronics,computer,retailer,Bandung,Setiabudhi,Ya,"EDC, QRIS",2022-07-12,aktif,45477677.0,3.0,0.16444,0.0016143335600418735,0.0034311875833270443,10,29.0,0.3333333333333333,0.054813333333333346,43.0,11.0,5.0,4.5,1.0,0,0,1,0,10.75,2.8416095033616813,17.63273217013427,0.1522402847554996,3.784189633918261,246077.4375,0.4375,0.4375
M0118,Bakery Mbak Sri,F&B,restaurant,retailer,Jakarta,Menteng,Ya,"EDC, QRIS",2023-05-11,aktif,22935345.0,6.0,0.324658,0.0019438644701767333,0.011043191708801851,10,29.0,0.6666666666666666,0.05410966666666667,70.0,14.0,2.0,4.0,2.0,0,0,1,0,10.0,3.0174274569613857,16.948189772012544,0.28115431291369125,4.2626798770413155,267157.0684931507,0.31506848,0.369863
M0101,Warung Nusantara,F&B,bakery,retailer,Depok,Margonda,Tidak,,,,18368840.0,3.0,0.1627,0.0013264076427356847,0.001891681130983825,14,48.0,0.0,0.054233333333333335,62.0,19.0,36.0,4.7,1.0,0,1,1,0,15.5,2.6577442386057144,16.726166363203102,0.15074488669242544,4.143134726391533,209304.61904761905,0.34920636,0.42857143
M0594,Komputer Gemilang,Electronics,computer,retailer,Bekasi,Summarecon,Tidak,,,,88657917.0,4.0,0.23713599999999999,0.0018522611836429147,0.00441727668352074,9,62.0,0.5,0.05928399999999999,59.0,13.0,2.0,0.0,1.0,1,0,0,0,11.8,2.971573375129866,18.30029590403681,0.2127990307784963,4.0943445622221,155065.5076923077,0.4,0.47692308
M0300,CV Konveksi Abadi,Fashion,footwear,supplier,Bekasi,Jababeka,Ya,"EDC, QRIS",2025-01-06,aktif,486965128.0,26.0,1.720334,0.005442463715045067,0.029944909818126933,16,46.0,0.7692307692307693,0.0661666923076923,241.0,15.0,60.0,3.3,1.0,0,1,1,1,8.925925925925926,4.015024208804368,20.003703074787097,1.0007546668869725,5.488937726156687,482024.24060150376,0.16165413,0.28195488
M0635,Toko Sparepart Mulia,Automotive,dealer,retailer,Jakarta,Thamrin,Ya,QRIS,2025-06-07,aktif,26406112.0,8.0,0.465106,0.0027370714597823513,0.016064196412849344,6,29.0,0.75,0.05813825,49.0,13.0,42.0,4.1,1.0,0,1,1,1,5.444444444444445,3.345357437006302,17.089106094342583,0.38192759480034305,3.912023005428146,169818.92156862744,0.3137255,0.5882353
M0460,UD Sembako Nusantara,Grocery,minimarket,supplier,Bekasi,Jababeka,Ya,"EDC, QRIS",2019-12-22,aktif,112864403.0,4.0,0.218031,0.0016879594600715075,0.004407214549845295,5,38.0,0.75,0.054507749999999994,86.0,5.0,73.0,0.0,2.0,0,0,0,0,17.2,2.883660096150241,18.541697691540854,0.19723562052375415,4.465908118654584,462792.57303370786,0.15730338,0.24719101
M0024,Kafe Pak Haji,F&B,cafe,retailer,Bogor,Unknown,Ya,QRIS,2019-11-05,aktif,18214465.0,7.0,0.374799,0.002240952998273136,0.024284959625688628,4,22.0,0.5714285714285714,0.053542714285714284,55.0,10.0,2.0,4.1,1.0,0,0,1,0,6.875,3.1531432036733826,16.717726671497672,0.3183075386147494,4.02535169073515,171061.01785714287,0.32142857,0.51785713
M0200,UD Supplier Pratama,F&B,warung,supplier,Tangerang,Alam Sutera,Ya,EDC,2025-08-28,aktif,117932591.0,4.0,0.219475,0.0016514096009443908,0.007315171182049153,13,36.0,0.75,0.054868749999999994,54.0,11.0,51.0,4.2,2.0,0,0,1,0,10.8,2.86300604295345,18.585623764964783,0.1984204382587038,4.007333185232471,460634.56363636366,0.12727273,0.2
M0534,Komputer Berkah,Electronics,computer,retailer,Jakarta,Senayan,Ya,EDC,2019-12-26,aktif,22077850.0,6.0,0.343463,0.0020674030342427686,0.007979272004628581,3,31.0,1.0,0.05724383333333333,52.0,17.0,30.0,0.0,2.0,0,1,0,0,7.428571428571429,3.076114785445735,16.910085446737952,0.29525060868673264,3.970291913552122,309938.2075471698,0.3962264,0.3962264
M0368,UD Sembako Lestari,Grocery,supermarket,supplier,Depok,Sawangan,Tidak,,,,297246976.0,9.0,0.486107,0.0023146693643367197,0.018237617286745653,6,29.0,0.7777777777777778,0.05401188888888889,101.0,10.0,76.0,4.3,1.0,0,1,1,1,10.1,3.184147461548323,19.51007392359279,0.3961599490868843,4.624972813284271,454655.25688073394,0.1559633,0.35779816
M0193,UD Supplier Nusantara,F&B,catering,supplier,Depok,Sawangan,Tidak,,,,349241771.0,6.0,0.33626,0.001978874894932492,0.010811762634266597,14,48.0,0.3333333333333333,0.056043333333333334,38.0,14.0,8.0,3.9,1.0,1,0,1,0,5.428571428571429,3.0344119244616508,19.67127499676871,0.28987466695867603,3.6635616461296463,453018.71794871794,0.25641027,0.25641027
M0181,RM Mbak Sri,F&B,cafe,retailer,Bekasi,Harapan Indah,Ya,"EDC, QRIS",2020-12-08,tidak aktif,115306068.0,4.0,0.215022,0.001518864821994173,0.0062183986114255525,7,40.0,0.5,0.0537555,48.0,9.0,11.0,4.6,1.0,0,0,1,0,9.6,2.784310269450218,18.563100620454204,0.19476218362446687,3.8918202981106265,136068.47916666666,0.41666666,0.4375
M0162,Resto Citra,F&B,warung,retailer,Jakarta,Unknown,Ya,EDC,2023-03-16,aktif,133335110.0,2.0,0.114327,0.0012089193507147317,0.0017709355268784746,12,67.0,1.0,0.0571635,52.0,18.0,30.0,0.0,2.0,0,0,0,0,17.333333333333332,2.5717869666522692,18.70837614881527,0.10825063523590223,3.970291913552122,123928.01785714286,0.30357143,0.58928573
M0439,Swalayan Sentosa,Grocery,toko_kelontong,retailer,Bogor,Tanah Sareal,Ya,QRIS,2024-10-22,aktif,14174509.0,4.0,0.212273,0.0016767274905186902,0.0038286418635071567,10,29.0,0.75,0.05306825,48.0,5.0,31.0,3.0,1.0,1,0,1,0,9.6,2.877358276731213,16.46695583907937,0.19249710980746024,3.8918202981106265,489130.5,0.4375,0.3125
M0440,UD Sembako Pratama,Grocery,minimarket,supplier,Jakarta,Menteng,Tidak,,,,281477153.0,6.0,0.349465,0.0024381723659450028,0.010660830629134909,7,40.0,1.0,0.05824416666666667,49.0,20.0,30.0,3.7,1.0,0,0,1,0,7.0,3.23402937406411,19.45556184416882,0.2997082176079122,3.912023005428146,469263.14,0.06,0.42
M0454,Unknown_M0454,Grocery,distributor,retailer,Bekasi,Harapan Indah,Ya,EDC,2023-02-25,aktif,103351035.0,3.0,0.172995,0.001020741809267703,0.002163358740220864,0,39.0,1.0,0.057665,57.0,10.0,36.0,3.3,3.0,0,0,1,0,14.25,2.4165758887608395,18.453641868231458,0.15956030708765856,4.060443010546419,165155.58620689655,0.29310346,0.6034483
M0055,Resto Purnama,F&B,catering,retailer,Depok,Cinere,Ya,EDC,2021-04-27,aktif,166066616.0,1.0,0.06,0.000657354792145039,0.0,13,36.0,1.0,0.06,41.0,5.0,35.0,3.5,1.0,1,0,1,0,20.5,2.024661639481976,18.927899573047522,0.058268908123975775,3.7376696182833684,180888.46341463414,0.2682927,0.6097561
M0600,Motor Harmoni,Automotive,dealer,retailer,Jakarta,Kemang,Tidak,,,,92209197.0,2.0,0.10994000000000001,0.0007286517210312888,0.00029683294342565343,8,53.0,1.0,0.054970000000000005,53.0,9.0,30.0,0.0,1.0,0,0,0,0,17.666666666666668,2.1146297614890845,18.339570444939273,0.1043059598092157,3.9889840465642745,161177.92592592593,0.33333334,0.4814815
M0379,PT Distribusi Citra,Grocery,minimarket,supplier,Bandung,Braga,Ya,"EDC, QRIS",2021-05-15,aktif,1696515615.0,6.0,0.32784,0.001994679687440723,0.00876411843131336,3,31.0,0.6666666666666666,0.05464,90.0,15.0,55.0,4.3,3.0,0,1,1,0,12.857142857142858,3.0419857408556505,21.251842346979675,0.2835535618680008,4.51085950651685,453875.2340425532,0.17021276,0.24468085
M0505,Gadget Pratama,Electronics,gadget,retailer,Bekasi,Harapan Indah,Tidak,,,,36558405.0,4.0,0.220964,0.0015294479491078658,0.00489522803310442,8,53.0,0.75,0.055241,43.0,14.0,29.0,5.0,1.0,1,1,1,0,8.6,2.790826368918258,17.414421704037373,0.19964071066442104,3.784189633918261,184297.06666666668,0.31111112,0.51111114
M0007,Dapur Mandiri,F&B,catering,retailer,Jakarta,Tebet,Ya,EDC,2020-10-28,aktif,271994263.0,3.0,0.178026,0.0016508070490590674,0.005992000603728021,13,36.0,0.3333333333333333,0.059342,64.0,14.0,6.0,0.0,1.0,0,1,0,0,16.0,2.862661945513751,19.421291535802617,0.16384015629312773,4.174387269895637,201487.3076923077,0.30769232,0.4923077
M0354,Toko Mas Bro,Grocery,toko_kelontong,retailer,Depok,Cinere,Tidak,,,,56857308.0,2.0,0.107143,0.0009291347071554478,0.0058460996654340555,12,67.0,0.5,0.0535715,53.0,12.0,36.0,0.0,1.0,1,0,0,0,17.666666666666668,2.33130345202177,17.856055336299683,0.10178282334219206,3.9889840465642745,199288.03636363638,0.38181818,0.45454547
M0288,Fashion Abadi,Fashion,footwear,retailer,Jakarta,Cempaka Putih,Tidak,,,,111494462.0,3.0,0.15000000000000002,0.0011747719907532904,0.006203305410912384,13,36.0,0.3333333333333333,0.05000000000000001,54.0,6.0,18.0,3.1,1.0,1,0,1,0,13.5,2.5453524248305714,18.529485488438564,0.1397619423751587,4.007333185232471,162797.33333333334,0.40350878,0.42105263
M0182,RM Sentosa,F&B,warung,retailer,Depok,Sawangan,Ya,"EDC, QRIS",2020-12-14,aktif,30357622.0,0.0,0.0,0.0,0.0,-1,0.0,0.0,0.0,0.0,13.0,30.0,4.8,1.0,0,1,1,0,0.0,0.0,17.228558213618943,0.0,0.0,273091.1,0.25,0.53333336
M0103,Kedai Mulia,F&B,catering,retailer,Bekasi,Grand Galaxy,Tidak,,,,48233141.0,3.0,0.151724,0.0011836875277837697,0.00306391970417327,5,38.0,1.0,0.05057466666666668,51.0,4.0,17.0,3.9,1.0,0,1,1,0,12.75,2.5523219102214934,17.691556936097815,0.1412599502356945,3.9512437185814275,165017.5185185185,0.33333334,0.5
M0644,UD Oli Anugrah,Automotive,bengkel,supplier,Bandung,Setiabudhi,Ya,"EDC, QRIS",2019-11-25,aktif,88409115.0,3.0,0.181431,0.0013365083603756444,0.0027419314265590016,5,38.0,1.0,0.060477,61.0,9.0,66.0,0.0,2.0,0,1,0,0,15.25,2.664800512376478,18.29748564446309,0.16672641560090662,4.127134385045092,457531.375,0.171875,0.21875
M0056,Toko Grosir Mas Bro,F&B,restaurant,supplier,Depok,Margonda,Tidak,,,,619872329.0,6.0,0.317862,0.0017628240359124697,0.014142328880839182,11,31.0,0.6666666666666666,0.052976999999999996,97.0,20.0,18.0,3.4,1.0,0,1,1,0,13.857142857142858,2.924678728146436,20.245024095444272,0.276010726501342,4.584967478670572,484288.16161616164,0.1919192,0.26262626
M0375,Minimarket Sumber,Grocery,distributor,retailer,Depok,Cimanggis,Ya,QRIS,2023-03-09,aktif,455936549.0,3.0,0.16587000000000002,0.0011243034912863062,0.003129323573063668,1,28.0,1.0,0.055290000000000006,48.0,16.0,31.0,4.2,1.0,0,0,1,0,12.0,2.5049571967468696,19.93786421306029,0.15346758943127065,3.8918202981106265,185799.92156862744,0.33333334,0.5686275
M0484,Mart Berkah,Grocery,supermarket,retailer,Depok,Unknown,Tidak,,,,67777253.0,5.0,0.283145,0.0024464129333113243,0.017140844716122053,7,40.0,0.8,0.056629,35.0,6.0,11.0,0.0,2.0,0,1,0,0,5.833333333333333,3.237270769024121,18.0317372098967,0.24931409561551854,3.58351893845611,179836.6,0.34285715,0.54285717
M0604,Bengkel Makmur,Automotive,bengkel,retailer,Bandung,Braga,Ya,EDC,2025-09-21,aktif,222419116.0,7.0,0.382564,0.0025446643285726624,0.018423766759741403,12,67.0,0.7142857142857143,0.054652,51.0,20.0,34.0,0.0,2.0,0,0,0,0,6.375,3.2751292423387808,19.22007407438036,0.32393974629042616,3.9512437185814275,259269.88679245283,0.41509435,0.4716981
M0116,Dapur Anugrah,F&B,restaurant,retailer,Bekasi,Grand Galaxy,Tidak,,,,86132090.0,4.0,0.22101300000000001,0.0016894598835303315,0.005861192865947224,9,62.0,0.5,0.055253250000000004,47.0,10.0,22.0,0.0,1.0,0,0,0,0,9.4,2.884498926269213,18.27139261772598,0.19968084208253564,3.871201010907891,190208.47916666666,0.29166666,0.5
M0459,UD Sembako Mbak Sri,Grocery,distributor,supplier,Jakarta,Kelapa Gading,Ya,"EDC, QRIS",2021-03-08,aktif,188966546.0,6.0,0.332785,0.0014871474672952065,0.010152692878524891,16,46.0,0.6666666666666666,0.055464166666666675,87.0,15.0,34.0,4.1,1.0,0,1,1,0,12.428571428571429,2.7645234522725013,19.05708055735757,0.2872707378653081,4.477336814478207,533864.9120879121,0.16483517,0.2747253
M0196,Bakery Anugrah,F&B,catering,retailer,Tangerang,Alam Sutera,Ya,EDC,2023-01-24,aktif,92876911.0,2.0,0.107143,0.0008497374499563356,0.0023042286116771063,3,31.0,1.0,0.0535715,53.0,1.0,43.0,4.2,1.0,0,0,1,0,17.666666666666668,2.251015391942677,18.34678564760052,0.10178282334219206,3.9889840465642745,148902.32727272727,0.4,0.4
M0507,Toko IT Maju,Electronics,gadget,retailer,Bogor,Sentul,Ya,QRIS,2024-06-29,aktif,38526060.0,2.0,0.106893,0.0009782322038037377,0.000573541619500415,12,67.0,1.0,0.0534465,48.0,8.0,30.0,3.5,1.0,0,1,1,0,16.0,2.3779079447004228,17.4668454793493,0.10155699142160676,3.8918202981106265,151170.10416666666,0.41666666,0.41666666
M0657,UD Oli Kang Asep,Automotive,bengkel,supplier,Bandung,Buah Batu,Tidak,,,,297565055.0,1.0,0.058824,0.0006768846221443371,0.0,11,31.0,1.0,0.058824,31.0,18.0,75.0,3.6,3.0,0,1,1,0,15.5,2.0501216619048797,19.51114343467418,0.05715885828429429,3.4657359027997265,432250.28125,0.125,0.1875
M0295,UD Kain Makmur,Fashion,footwear,supplier,Depok,Sawangan,Ya,EDC,2023-05-24,aktif,391545540.0,3.0,0.18057499999999999,0.001469070696592613,0.001911805398334717,5,38.0,1.0,0.060191666666666664,41.0,13.0,29.0,5.0,5.0,0,0,1,0,10.25,2.7530686241062696,19.78561239102333,0.16600160792685778,3.7376696182833684,469878.61904761905,0.14285715,0.23809524
M0106,PT Distributor Karya,F&B,restaurant,supplier,Bandung,Buah Batu,Tidak,,,,406559434.0,2.0,0.127504,0.000994811509713043,0.0009257162981410208,14,48.0,1.0,0.063752,53.0,11.0,94.0,4.4,1.0,0,1,1,0,17.666666666666668,2.3931673041968304,19.823240687826388,0.12000634006024374,3.9889840465642745,504043.037037037,0.11111111,0.16666667
M0008,Kedai Nusantara,F&B,warung,retailer,Depok,Margonda,Tidak,,,,130997822.0,2.0,0.130827,0.0013238203589753742,0.0031595099740900057,8,53.0,0.5,0.0654135,52.0,3.0,12.0,4.0,2.0,1,0,1,0,17.333333333333332,2.655928745621012,18.69069126270673,0.12294922345355837,3.970291913552122,194732.4,0.38181818,0.5090909
M0654,UD Oli Pak Haji,Automotive,dealer,supplier,Depok,Cinere,Tidak,,,,121421591.0,3.0,0.185417,0.0017590692060694807,0.0016099413880713404,13,36.0,1.0,0.06180566666666667,34.0,8.0,28.0,4.9,1.0,0,0,1,0,8.5,2.922661028619488,18.61477927909436,0.17009461141943386,3.5553480614894135,473693.28571428574,0.2,0.17142858
M0208,Dapur Persada,F&B,warung,retailer,Bogor,Sentul,Tidak,,,,104260940.0,3.0,0.17486200000000002,0.001153946453574995,0.0012326113752421201,0,39.0,0.3333333333333333,0.05828733333333334,49.0,12.0,43.0,4.1,5.0,1,0,1,0,12.25,2.5288808337946733,18.462407362776645,0.16115069389019518,3.912023005428146,213239.14285714287,0.30612245,0.5102041
M0452,Minimarket Gemilang,Grocery,supermarket,retailer,Jakarta,Kemang,Ya,"EDC, QRIS",2025-06-25,aktif,155107361.0,5.0,0.290144,0.001696535394709179,0.0062435539456141675,6,29.0,0.8,0.058028800000000005,61.0,17.0,17.0,0.0,1.0,0,0,0,0,10.166666666666666,2.8884451224082373,18.859628093171157,0.2547538400506263,4.127134385045092,177144.45901639343,0.32786885,0.4918033
M0090,Toko Grosir Mbak Sri,F&B,restaurant,supplier,Bogor,Dramaga,Ya,EDC,2020-10-10,aktif,443679914.0,3.0,0.159995,0.0012406091280458586,0.00183130832893115,9,62.0,0.6666666666666666,0.053331666666666666,69.0,4.0,30.0,4.4,2.0,0,0,1,0,17.25,2.595709176838334,19.910613948252205,0.14841569476415611,4.248495242049359,465061.6111111111,0.16666667,0.2638889
M0530,Toko IT Bu Tini,Electronics,gadget,retailer,Depok,Sawangan,Ya,"EDC, QRIS",2020-03-17,aktif,29096109.0,2.0,0.114311,0.001053071139792021,0.0007043493572812115,7,40.0,0.5,0.0571555,49.0,2.0,22.0,4.8,5.0,0,0,1,0,16.333333333333332,2.4450140321105063,17.186115046230213,0.10823627669045853,3.912023005428146,138696.2,0.28,0.52
M0068,RM Persada,F&B,warung,retailer,Bogor,Bogor Tengah,Tidak,,,,162011780.0,1.0,0.05,0.0006198368263382913,0.0,7,40.0,1.0,0.05,51.0,14.0,6.0,4.4,2.0,0,1,1,0,25.5,1.9738543702518245,18.903179612774746,0.04879016416943201,3.9512437185814275,134833.71698113208,0.28301886,0.6603774
M0408,Mart Bersama,Grocery,toko_kelontong,retailer,Bekasi,Kemang Pratama,Ya,EDC,2024-12-26,aktif,57762969.0,5.0,0.272162,0.0019310975398191875,0.008205670012326114,12,67.0,0.6,0.054432400000000006,69.0,1.0,26.0,3.2,5.0,0,0,1,0,11.5,3.01116139995323,17.871858470894487,0.24071781529909242,4.248495242049359,196462.6338028169,0.35211268,0.45070422
M0653,Toko Sparepart Bu Tini,Automotive,dealer,retailer,Tangerang,Cipondoh,Ya,"EDC, QRIS",2022-04-25,aktif,51546773.0,3.0,0.172957,0.001254902372262968,0.0013986365808869772,7,40.0,0.3333333333333333,0.05765233333333333,54.0,20.0,21.0,3.9,1.0,0,0,1,0,13.5,2.6063144947395553,17.75800018644963,0.15952791085789483,4.007333185232471,187144.66666666666,0.42592594,0.537037
M0289,Fashion Berkah,Fashion,textile,retailer,Jakarta,Thamrin,Tidak,,,,84553301.0,4.0,0.242089,0.0015416284663461067,0.0036575855910245766,9,62.0,0.75,0.06052225,60.0,1.0,10.0,4.1,2.0,0,0,1,0,12.0,2.7982738094484576,18.252892686360592,0.21679463955906797,4.110873864173311,187962.09375,0.296875,0.40625
M0169,Bakery Buana,F&B,cafe,retailer,Bogor,Cibinong,Tidak,,,,52648625.0,1.0,0.051282,0.0006141608416841767,0.0,7,40.0,0.0,0.051282,47.0,20.0,13.0,0.0,3.0,1,0,0,0,23.5,1.9659380194475957,17.77915069933763,0.050010371794172385,3.871201010907891,176789.2857142857,0.36734694,0.3877551
M0022,UD Supplier Mas Bro,F&B,catering,supplier,Bekasi,Grand Galaxy,Ya,QRIS,2022-12-22,aktif,245640332.0,0.0,0.0,0.0,0.0,-1,0.0,0.0,0.0,0.0,17.0,77.0,4.6,1.0,0,0,1,0,0.0,0.0,19.319378963066956,0.0,0.0,455272.375,0.0625,0.125
M0342,Outlet Maju,Fashion,clothing,retailer,Bandung,Buah Batu,Ya,QRIS,2019-12-02,aktif,81761619.0,6.0,0.351383,0.0022708083404248862,0.006037280205267527,12,67.0,0.5,0.058563833333333336,43.0,12.0,38.0,0.0,5.0,0,0,0,0,6.142857142857143,3.1658160618985187,18.219318498313392,0.3011285125096777,3.784189633918261,170441.62790697673,0.37209302,0.55813956
M0366,Minimarket Karya,Grocery,toko_kelontong,retailer,Depok,Margonda,Tidak,,,,45759115.0,10.0,0.544851,0.0031202760816491514,0.029723542877267126,9,62.0,0.7,0.05448510000000001,50.0,18.0,20.0,3.4,1.0,0,1,1,1,4.545454545454546,3.472052188517523,17.6389015866674,0.43492746556961065,3.9318256327243257,139348.8148148148,0.3148148,0.537037
M0301,Butik Barokah,Fashion,accessories,retailer,Bandung,Setiabudhi,Ya,EDC,2025-11-12,aktif,31136910.0,3.0,0.158491,0.001273027074593003,0.00183130832893115,5,38.0,0.6666666666666666,0.05283033333333333,48.0,18.0,23.0,4.2,1.0,0,0,1,0,12.0,2.619602938881162,17.253904522275707,0.14711829619373865,3.8918202981106265,126408.42857142857,0.4489796,0.46938777
M0606,Motor Sentosa,Automotive,accessories,retailer,Bandung,Cihampelas,Tidak,,,,355528591.0,4.0,0.209586,0.0013357408196894651,0.0038638593313712172,4,22.0,1.0,0.0523965,40.0,12.0,6.0,0.0,2.0,0,1,0,0,8.0,2.6642660596487855,19.689116231540254,0.1902781523020773,3.713572066704308,168365.09523809524,0.30952382,0.4047619
M0533,Toko IT Surya,Electronics,accessories,retailer,Tangerang,Alam Sutera,Ya,QRIS,2019-09-11,aktif,61868899.0,3.0,0.154861,0.0011129257802789882,0.0041154126732573645,2,31.0,1.0,0.05162033333333333,40.0,15.0,36.0,4.7,2.0,1,0,1,0,10.0,2.495620534174638,17.94052818813464,0.14397999041121107,3.713572066704308,193473.6511627907,0.44186047,0.39534885
M0334,PT Tekstil Mbak Sri,Fashion,accessories,supplier,Bogor,Bogor Tengah,Ya,QRIS,2022-08-01,aktif,171187607.0,8.0,0.459285,0.002685374737877878,0.019887807209518778,11,31.0,0.75,0.05741062500000001,70.0,13.0,69.0,4.6,1.0,0,1,1,1,7.777777777777778,3.326967513112454,18.958270635874555,0.37794658973789186,4.2626798770413155,448091.92957746476,0.1971831,0.18309858
M0270,Toko Baju Surya,Fashion,footwear,retailer,Bekasi,Grand Galaxy,Tidak,,,,73858859.0,1.0,0.051546,0.0006561884970830028,0.0,13,36.0,0.0,0.051546,51.0,2.0,1.0,3.6,2.0,1,0,1,0,25.5,2.0231204938785714,18.117666532663566,0.05026146223179925,3.9512437185814275,1129187.641509434,0.26415095,0.5471698
M0107,Kedai Barokah,F&B,warung,retailer,Bandung,Dago,Tidak,,,,358545924.0,4.0,0.225163,0.0016148265382911963,0.0029129876990415817,11,31.0,0.5,0.05629075,40.0,17.0,27.0,4.5,1.0,0,0,1,0,8.0,2.8418970246430346,19.697567313007244,0.20307389636932058,3.713572066704308,112085.5,0.425,0.425
M0296,Toko Baju Mulia,Fashion,textile,retailer,Tangerang,Cipondoh,Tidak,,,,71649473.0,4.0,0.24481,0.0014785741707579422,0.0030437954368223784,11,31.0,0.5,0.06120249999999999,47.0,4.0,4.0,3.4,2.0,0,0,1,0,9.4,2.7591071090327133,18.08729637096936,0.2189829078287455,3.871201010907891,156518.0,0.33333334,0.5625
M0429,Swalayan Nusantara,Grocery,supermarket,retailer,Bogor,Unknown,Ya,"EDC, QRIS",2020-04-14,aktif,170216555.0,1.0,0.05,0.0006543759009998101,0.0,10,29.0,1.0,0.05,41.0,12.0,30.0,4.6,2.0,1,0,1,0,20.5,2.020720600228937,18.952582043168295,0.04879016416943201,3.7376696182833684,121144.64285714286,0.26190478,0.54761904
M0052,UD Supplier Bersama,F&B,catering,supplier,Tangerang,BSD,Ya,EDC,2023-12-18,aktif,291107222.0,4.0,0.214329,0.0016127275281157274,0.007279953714185093,0,39.0,0.75,0.05358225,34.0,11.0,89.0,4.3,1.0,0,1,1,0,6.8,2.840672238456036,19.489202221187135,0.19419166086443967,3.5553480614894135,442306.19444444444,0.055555556,0.22222222
M0668,PT Otomotif Utama,Automotive,dealer,supplier,Bandung,Braga,Ya,EDC,2020-10-29,aktif,980128644.0,3.0,0.16353800000000002,0.0012016545574639057,0.004397152416169849,9,62.0,0.3333333333333333,0.054512666666666675,45.0,11.0,76.0,4.0,2.0,0,0,1,0,11.25,2.566221284729683,20.70319439142185,0.1514653633042335,3.828641396489095,503480.625,0.20833333,0.27083334
M0356,Mart Pak Haji,Grocery,toko_kelontong,retailer,Bogor,Sentul,Ya,EDC,2021-02-08,aktif,26634650.0,4.0,0.20822000000000002,0.0015590863316853952,0.0032047895756295124,13,36.0,0.5,0.052055000000000004,49.0,16.0,30.0,0.0,2.0,0,0,0,0,9.8,2.8088521412362244,17.097723595187507,0.18914820213623196,3.912023005428146,137973.40384615384,0.30769232,0.59615386
M0222,CV Konveksi Bang Jali,Fashion,textile,supplier,Bogor,Sentul,Ya,QRIS,2020-01-08,aktif,66067522.0,0.0,0.0,0.0,0.0,-1,0.0,0.0,0.0,0.0,18.0,27.0,3.5,5.0,1,0,1,0,0.0,0.0,18.006187852762945,0.0,0.0,482571.2708333333,0.125,0.3125
M0552,Komputer Sukses,Electronics,gadget,retailer,Bogor,Bogor Tengah,Ya,QRIS,2019-05-31,aktif,57075784.0,3.0,0.158697,0.001118392223568971,0.003446280783840213,11,31.0,1.0,0.052899,50.0,19.0,7.0,4.1,1.0,0,1,1,0,12.5,2.500117233078214,17.859890504118226,0.1472960979090442,3.9318256327243257,661154.725490196,0.39215687,0.3529412
M0572,Toko IT Sukses,Electronics,accessories,retailer,Jakarta,Pluit,Ya,QRIS,2025-06-09,aktif,296866642.0,3.0,0.161996,0.001235407878863153,0.0029884537016074257,5,38.0,1.0,0.053998666666666674,46.0,18.0,32.0,3.0,1.0,0,0,1,0,11.5,2.5918218654206333,19.50879358246223,0.15013921608300287,3.8501476017100584,133823.45833333334,0.375,0.5416667
M0569,Gadget Jaya,Electronics,service,retailer,Bekasi,Jababeka,Ya,"EDC, QRIS",2019-01-17,aktif,12191959.0,0.0,0.0,0.0,0.0,-1,0.0,0.0,0.0,0.0,20.0,30.0,0.0,1.0,0,0,0,0,0.0,0.0,16.31628727606329,0.0,0.0,110982.51923076923,0.25,0.5192308
M0228,Butik Sukses,Fashion,clothing,retailer,Bekasi,Summarecon,Ya,QRIS,2021-09-29,aktif,24891319.0,0.0,0.0,0.0,0.0,-1,0.0,0.0,0.0,0.0,12.0,24.0,0.0,1.0,0,0,0,0,0.0,0.0,17.03002970628428,0.0,0.0,184553.66666666666,0.3809524,0.47619048
M0601,Auto Sumber,Automotive,dealer,retailer,Jakarta,Senayan,Ya,QRIS,2021-11-11,aktif,58632034.0,4.0,0.211565,0.0014902482716159875,0.008673559228234347,2,31.0,0.75,0.05289125,47.0,16.0,49.0,0.0,1.0,1,0,0,0,9.4,2.766475242707152,17.886791777531293,0.1919129123321043,3.871201010907891,343623.7021276596,0.27659574,0.5106383
M0322,Butik Jaya,Fashion,accessories,retailer,Bandung,Unknown,Tidak,,,,112182921.0,0.0,0.0,0.0,0.0,-1,0.0,0.0,0.0,0.0,12.0,42.0,0.0,3.0,1,0,0,0,0.0,0.0,18.53564132912902,0.0,0.0,158060.2894736842,0.36842105,0.57894737
M0026,Dapur Bu Tini,F&B,bakery,retailer,Tangerang,Gading Serpong,Ya,"EDC, QRIS",2020-09-26,aktif,72553177.0,3.0,0.17043,0.0011660525062360144,0.001962116066711946,0,39.0,0.6666666666666666,0.056810000000000006,46.0,6.0,7.0,3.4,2.0,1,0,1,0,11.5,2.538488889976077,18.09983034060801,0.15737120265775104,3.8501476017100584,176614.27083333334,0.35416666,0.5
M0632,UD Oli Surya,Automotive,dealer,supplier,Depok,Cinere,Ya,QRIS,2022-02-23,aktif,1000374488.0,6.0,0.325677,0.0015456569434036727,0.00744597891982995,0,39.0,0.5,0.05427950000000001,90.0,11.0,52.0,3.3,1.0,0,1,1,0,12.857142857142858,2.800724755181524,20.723640255842906,0.28192327234728065,4.51085950651685,494030.5376344086,0.12903225,0.2580645
M0002,Toko Grosir Jaya,F&B,restaurant,supplier,Jakarta,Pluit,Ya,QRIS,2025-04-17,aktif,263453794.0,2.0,0.110714,0.0009625316570821714,0.0005131688174477398,7,40.0,1.0,0.055357,26.0,2.0,8.0,4.2,1.0,1,1,1,0,8.666666666666666,2.3632395092674887,19.389388559526257,0.10500305177522476,3.295836866004329,472592.44444444444,0.11111111,0.22222222
M0463,Swalayan Bu Tini,Grocery,distributor,retailer,Bogor,Bogor Tengah,Ya,QRIS,2024-09-04,aktif,34978601.0,3.0,0.178819,0.0015681329696219876,0.004160692274796871,2,31.0,0.3333333333333333,0.05960633333333334,55.0,19.0,49.0,3.7,1.0,0,0,1,0,13.75,2.8142901117520833,17.3702470610614,0.164513089837697,4.02535169073515,382978.1403508772,0.36842105,0.50877196
M0244,Fashion Citra,Fashion,textile,retailer,Tangerang,BSD,Ya,"EDC, QRIS",2022-05-13,aktif,143117950.0,1.0,0.050505,0.0015822784810126582,0.0,15,2.0,1.0,0.050505,57.0,13.0,11.0,4.3,5.0,0,1,1,0,28.5,2.8227342062462237,18.7791796804049,0.049271000929858505,4.060443010546419,177407.98305084746,0.37288135,0.3898305
M0583,CV Tech Supply Utama,Electronics,accessories,supplier,Jakarta,Pluit,Ya,"EDC, QRIS",2019-01-04,aktif,488195009.0,5.0,0.274814,0.0020703730258631527,0.012587729227982793,12,67.0,1.0,0.0549628,56.0,11.0,30.0,4.1,1.0,0,1,1,0,9.333333333333334,3.0774841470925,20.006225494650085,0.24280028561558287,4.04305126783455,489125.5438596491,0.19298245,0.2982456
M0392,Swalayan Mas Bro,Grocery,distributor,retailer,Bekasi,Summarecon,Ya,EDC,2019-09-17,aktif,67777253.0,3.0,0.15815,0.0012356946293042381,0.003154478907252283,5,38.0,1.0,0.05271666666666667,51.0,11.0,45.0,3.4,2.0,0,0,1,0,12.75,2.592036571102134,18.0317372098967,0.14682390444079743,3.9512437185814275,162554.9019607843,0.29411766,0.50980395
M0027,Resto Pratama,F&B,restaurant,retailer,Bekasi,Kemang Pratama,Ya,EDC,2019-08-21,aktif,23303305.0,5.0,0.291379,0.0018592708620438867,0.004955600835157095,9,62.0,0.6,0.0582758,60.0,20.0,5.0,4.2,1.0,0,0,1,0,10.0,2.9751574878626155,16.964105796882738,0.25571063965629837,4.110873864173311,137736.59016393442,0.39344263,0.4918033
M0476,PT Distribusi Prima,Grocery,supermarket,supplier,Tangerang,Cipondoh,Ya,QRIS,2024-08-08,tidak aktif,241111772.0,1.0,0.064935,0.0006422152134050142,0.0,1,28.0,0.0,0.064935,34.0,9.0,90.0,3.3,5.0,0,1,1,0,17.0,2.0044690601445985,19.300771172320083,0.06291376443495765,3.5553480614894135,490821.0588235294,0.29411766,0.14705883
M0135,CV Bahan Persada,F&B,restaurant,supplier,Bogor,Tanah Sareal,Ya,"EDC, QRIS",2022-10-23,aktif,291107222.0,1.0,0.05618,0.0006040539742183549,0.0,8,53.0,1.0,0.05618,40.0,11.0,24.0,4.0,1.0,0,1,1,0,20.0,1.9516848351549154,19.489202221187135,0.05465862530379887,3.713572066704308,504827.14634146343,0.14634146,0.29268292
M0629,PT Otomotif Mbak Sri,Automotive,bengkel,supplier,Bogor,Sentul,Ya,QRIS,2025-08-24,aktif,307682796.0,3.0,0.15812700000000002,0.0010311284054233827,0.004044977737529243,3,31.0,0.6666666666666666,0.052709000000000006,72.0,19.0,9.0,0.0,5.0,0,1,0,0,18.0,2.425800816330355,19.544579930377047,0.1468040449852999,4.290459441148391,445933.9864864865,0.1891892,0.16216215
M0294,Outlet Surya,Fashion,textile,retailer,Jakarta,Pluit,Ya,QRIS,2019-12-12,aktif,141052382.0,1.0,0.05,0.0005369715873158991,0.0,7,40.0,1.0,0.05,50.0,15.0,8.0,4.1,1.0,0,0,1,0,25.0,1.851554864689601,18.76464188998775,0.04879016416943201,3.9318256327243257,184294.6274509804,0.21568628,0.6862745
M0673,Toko Sparepart Maju,Automotive,sparepart,retailer,Jakarta,Pluit,Tidak,,,,48234310.0,6.0,0.361086,0.0024436892320744428,0.01076648303272709,8,53.0,0.5,0.060181000000000005,57.0,19.0,1.0,3.3,2.0,0,1,1,0,8.142857142857142,3.23620057380668,17.69158117225133,0.30828291050474027,4.060443010546419,317151.4736842105,0.3859649,0.49122807
M0622,PT Otomotif Bersama,Automotive,dealer,supplier,Bogor,Dramaga,Ya,EDC,2025-03-16,aktif,429088901.0,3.0,0.17236,0.0016027693323296555,0.006278771413478228,12,67.0,0.6666666666666666,0.057453333333333335,37.0,7.0,87.0,4.8,1.0,1,1,1,0,9.25,2.8348410376614,19.87717468619219,0.15901881122411884,3.6375861597263857,402273.86842105264,0.13157895,0.2631579
M0433,Mart Pratama,Grocery,distributor,retailer,Bekasi,Kemang Pratama,Ya,QRIS,2023-11-22,aktif,51522741.0,1.0,0.050505,0.0006287736435140615,0.0,2,31.0,0.0,0.050505,47.0,18.0,30.0,0.0,3.0,0,1,0,0,23.5,1.9861929950804194,17.757533860393817,0.049271000929858505,3.871201010907891,124953.55319148937,0.42553192,0.3617021
M0547,Toko IT Bersama,Electronics,service,retailer,Depok,Unknown,Tidak,,,,110371765.0,2.0,0.108566,0.0008111423978697915,0.002394787814756119,13,36.0,0.5,0.054283,53.0,9.0,45.0,4.0,1.0,1,1,1,0,17.666666666666668,2.2095290084638406,18.519364916345893,0.10306728822060769,3.9889840465642745,217960.5892857143,0.25,0.60714287
M0624,UD Oli Mas Bro,Automotive,sparepart,supplier,Bandung,Setiabudhi,Ya,EDC,2023-08-15,aktif,863354582.0,4.0,0.233535,0.001156790479166534,0.0026815586245063265,9,62.0,0.75,0.058383750000000005,99.0,11.0,30.0,5.0,1.0,0,1,1,0,19.8,2.5311463254683355,20.576336037200353,0.20988403112870513,4.605170185988092,473332.3431372549,0.2254902,0.28431374
M0209,RM Mulia,F&B,cafe,retailer,Jakarta,Pluit,Ya,"EDC, QRIS",2021-08-11,aktif,104379402.0,3.0,0.18492799999999998,0.0016673386671453491,0.00532286871431087,12,67.0,1.0,0.06164266666666666,61.0,3.0,41.0,3.3,1.0,0,0,1,0,15.25,2.872059930188225,18.463542924676695,0.1696820132474908,4.127134385045092,154124.0806451613,0.29032257,0.516129
M0256,Outlet Sentosa,Fashion,footwear,retailer,Tangerang,Gading Serpong,Ya,QRIS,2025-08-29,aktif,42464939.0,7.0,0.416924,0.0027746537563185045,0.015737177068397352,3,31.0,0.8571428571428571,0.05956057142857143,58.0,1.0,35.0,3.8,1.0,1,1,1,0,7.25,3.3585173274059055,17.564189352266954,0.3484883248312099,4.07753744390572,155857.8524590164,0.24590164,0.5409836
M0183,Kafe Mbak Sri,F&B,restaurant,retailer,Bogor,Sentul,Ya,EDC,2025-03-09,aktif,25045300.0,2.0,0.119471,0.0010450695047266318,0.00046788921590823333,5,38.0,1.0,0.0597355,52.0,13.0,16.0,0.0,1.0,0,0,0,0,17.333333333333332,2.438050430975926,17.036196783068572,0.11285625229953035,3.970291913552122,162678.35849056602,0.4528302,0.41509435
M0630,Toko Sparepart Bersama,Automotive,dealer,retailer,Depok,Sawangan,Ya,QRIS,2021-03-30,aktif,175785026.0,3.0,0.189379,0.0014179201129997138,0.0018514325962820416,9,62.0,0.6666666666666666,0.06312633333333333,50.0,7.0,19.0,0.0,1.0,0,0,0,0,12.5,2.71992614410026,18.984772368939662,0.17343132217349919,3.9318256327243257,176262.28,0.24,0.6
M0067,Warung Anugrah,F&B,catering,retailer,Tangerang,BSD,Tidak,,,,61539566.0,4.0,0.234398,0.0017235059927403669,0.003305410912383971,5,38.0,0.75,0.0585995,56.0,4.0,26.0,4.1,2.0,0,0,1,0,11.2,2.9033461106497414,17.93519089175932,0.2105834018451515,4.04305126783455,161805.54385964913,0.22807017,0.6315789
M0275,Toko Baju Persada,Fashion,accessories,retailer,Bogor,Dramaga,Ya,QRIS,2025-05-05,aktif,27143338.0,5.0,0.264531,0.0015469816458080167,0.009342691117651498,9,62.0,0.8,0.0529062,54.0,10.0,30.0,3.1,2.0,0,0,1,0,9.0,2.801529400112892,17.11664223354345,0.2347013024462016,4.007333185232471,177493.0181818182,0.38181818,0.47272727
M0707,Kedai Maju ,F&B,restaurant,retailer,Bekasi,Summarecon,Ya,EDC,2024-05-04,aktif,262099014.0,4.0,0.219058,0.0019465629628318928,0.005061253238749276,4,22.0,1.0,0.0547645,45.0,16.0,29.0,3.7,1.0,0,0,1,0,9.0,3.018746875575127,19.38423291017898,0.19807842935083605,3.828641396489095,121628.44,0.26,0.52
M0502,CV Tech Supply Maju,Electronics,computer,supplier,Bandung,Buah Batu,Ya,QRIS,2022-02-01,aktif,1355631605.0,11.0,0.594796,0.0033301212780648508,0.029965034085477824,7,40.0,0.5454545454545454,0.054072363636363634,87.0,6.0,67.0,4.1,2.0,0,1,1,1,7.25,3.5351807115832132,21.027533312562586,0.4667458283704251,4.477336814478207,444694.10869565216,0.16304348,0.2826087
M0478,Minimarket Buana,Grocery,toko_kelontong,retailer,Tangerang,BSD,Ya,EDC,2022-11-10,aktif,86887534.0,2.0,0.11438000000000001,0.0007690062420597763,0.0,10,29.0,1.0,0.057190000000000005,58.0,3.0,15.0,4.1,1.0,0,0,1,0,19.333333333333332,2.16218012228922,18.280125139210536,0.10829819644516842,4.07753744390572,176214.06779661018,0.3559322,0.47457626
M0664,Motor Mulia,Automotive,bengkel,retailer,Tangerang,Alam Sutera,Ya,QRIS,2025-09-19,aktif,40261961.0,7.0,0.369204,0.002474317693557684,0.01390083767262848,6,29.0,0.2857142857142857,0.05274342857142857,55.0,14.0,44.0,3.1,1.0,0,0,1,0,6.875,3.248169618622441,17.510917710222472,0.31422954908359024,4.02535169073515,160251.83870967742,0.4032258,0.5
M0685,Toko Sparepart Lestari,Automotive,bengkel,retailer,Bekasi,Harapan Indah,Tidak,,,,21858162.0,2.0,0.118421,0.0009063027627038533,0.0011370211053253843,3,31.0,1.0,0.0592105,53.0,12.0,37.0,3.9,1.0,1,1,1,0,17.666666666666668,2.308868076355212,16.90008500241485,0.11191786914516073,3.9889840465642745,164146.67857142858,0.375,0.5
M0349,Butik Jaya,Fashion,textile,retailer,Bogor,Sentul,Ya,"EDC, QRIS",2020-08-28,aktif,34394258.0,2.0,0.102632,0.0008765401305563451,0.0007999396271979473,5,38.0,0.5,0.051316,54.0,11.0,37.0,4.0,1.0,0,0,1,0,18.0,2.2788456598040736,17.353400218881134,0.09770004906320855,4.007333185232471,160130.12727272726,0.4181818,0.45454547
M0675,PT Otomotif Maju,Automotive,dealer,supplier,Jakarta,Senayan,Ya,"EDC, QRIS",2020-02-09,aktif,95438311.0,6.0,0.324062,0.002059532802042081,0.013246798983724498,14,48.0,0.8333333333333334,0.054010333333333334,80.0,5.0,5.0,3.4,1.0,0,0,1,0,11.428571428571429,3.072476995944018,18.373990649092917,0.2807042842129915,4.394449154672439,491452.4823529412,0.1764706,0.2
M0317,Butik Surya,Fashion,textile,retailer,Bogor,Cibinong,Ya,"EDC, QRIS",2020-12-13,tidak aktif,121297610.0,7.0,0.387223,0.0026983422230119746,0.016919477775262246,14,48.0,0.2857142857142857,0.055317571428571424,60.0,7.0,24.0,0.0,2.0,0,0,0,0,7.5,3.3316122716265615,18.613757678749185,0.32730390706816737,4.110873864173311,728945.5081967213,0.39344263,0.45901638
M0120,CV Bahan Anugrah,F&B,cafe,supplier,Tangerang,Gading Serpong,Ya,"EDC, QRIS",2020-02-11,aktif,537020284.0,7.0,0.386988,0.0017495370935532474,0.0064649208864739766,16,46.0,0.7142857142857143,0.055284,92.0,14.0,14.0,4.6,3.0,0,1,1,0,11.5,2.917520481073159,20.10154642643381,0.3271344895288655,4.532599493153256,469093.44680851063,0.19148937,0.24468085
M0163,Dapur Prima,F&B,cafe,retailer,Depok,Sawangan,Ya,"EDC, QRIS",2020-07-22,aktif,186275258.0,3.0,0.16492,0.00110633061009007,0.0015093200513168817,12,67.0,0.6666666666666666,0.05497333333333334,48.0,16.0,31.0,3.1,1.0,1,1,1,0,12.0,2.490168291449953,19.042736024820492,0.15265241513190692,3.8918202981106265,158877.0,0.42857143,0.4489796
M0219,Fashion Anugrah,Fashion,accessories,retailer,Depok,Margonda,Ya,QRIS,2024-02-07,aktif,42421794.0,3.0,0.157369,0.0012216397518863026,0.003551933187432395,13,36.0,0.6666666666666666,0.052456333333333334,49.0,18.0,31.0,4.9,5.0,0,0,1,0,12.25,2.581458294932734,17.56317282115134,0.14614932562748034,3.912023005428146,145326.8679245283,0.35849056,0.5849057
M0694,Motor Persada,Automotive,bengkel,retailer,Bekasi,Kemang Pratama,Tidak,,,,114300562.0,4.0,0.224075,0.0018361314694009868,0.004764420295323623,2,31.0,0.75,0.056018750000000006,48.0,9.0,47.0,4.4,1.0,0,0,1,0,9.6,2.963276987291248,18.554342054387202,0.20218545672273217,3.8918202981106265,152492.9375,0.35416666,0.47916666
M0197,Dapur Persada,F&B,warung,retailer,Bekasi,Grand Galaxy,Tidak,,,,69545840.5,2.0,0.108112,0.000977090306227876,0.0018061529947425352,12,67.0,1.0,0.054056,49.0,20.0,4.0,3.3,1.0,1,0,1,0,16.333333333333332,2.3768483374468565,18.057496683029246,0.10265766624903756,3.912023005428146,180480.78846153847,0.28846154,0.48076922
M0411,Minimarket Harmoni,Grocery,distributor,retailer,Depok,Margonda,Tidak,,,,124579346.0,3.0,0.169507,0.0011934594322417238,0.0017256559253389682,4,22.0,1.0,0.05650233333333334,55.0,2.0,18.0,4.4,2.0,0,0,1,0,13.75,2.5599054523643563,18.64045339616472,0.1565822924880573,4.02535169073515,137234.0701754386,0.5263158,0.33333334
M0339,Outlet Makmur,Fashion,textile,retailer,Bandung,Buah Batu,Tidak,,,,95214072.0,1.0,0.057143,0.0005902944885781299,0.0,5,38.0,1.0,0.057143,40.0,7.0,25.0,3.1,2.0,0,0,1,0,20.0,1.9319481155928842,18.371638314466715,0.05556998628993677,3.713572066704308,219954.70731707316,0.36585367,0.4878049
M0240,Outlet Indonesia,Fashion,clothing,retailer,Bogor,Sentul,Ya,"EDC, QRIS",2019-07-18,aktif,141412258.0,1.0,0.052083,0.0005436300562902378,0.0,8,53.0,0.0,0.052083,58.0,5.0,8.0,4.1,2.0,0,1,1,0,29.0,1.8619539283042221,18.76719000498134,0.05077200854168985,4.07753744390572,200639.62711864407,0.33898306,0.47457626
M0496,Gadget Jaya,Electronics,computer,retailer,Tangerang,Cipondoh,Ya,"EDC, QRIS",2024-04-20,aktif,106645311.0,4.0,0.217037,0.0015383506769671412,0.00438205921565668,14,48.0,0.5,0.054259249999999995,44.0,11.0,12.0,4.1,1.0,0,0,1,0,8.8,2.7962751440137783,18.485019045047242,0.19641921617265615,3.8066624897703196,123308.30434782608,0.41304347,0.47826087
M0229,Toko Baju Utama,Fashion,footwear,retailer,Bekasi,Jababeka,Ya,"EDC, QRIS",2025-06-23,aktif,34491609.0,4.0,0.218941,0.0016519864133426403,0.0054788317862802804,14,48.0,0.25,0.05473525,55.0,6.0,30.0,3.2,2.0,0,1,1,0,11.0,2.8633353305367604,17.356226664020696,0.19798244899966297,4.02535169073515,205453.33333333334,0.24561404,0.5614035
M0489,CV Grosir Karya,Grocery,supermarket,supplier,Bandung,Dago,Tidak,,,,1134789840.0,7.0,0.365364,0.0023042138129963636,0.019847558674816995,12,67.0,0.8571428571428571,0.05219485714285715,95.0,12.0,19.0,3.0,3.0,0,0,1,0,11.875,3.179808046226328,20.84971330862062,0.3114210597543539,4.564348191467836,441366.88659793814,0.19587629,0.28865978
M0445,CV Grosir Sukses,Grocery,supermarket,supplier,Depok,Cimanggis,Tidak,,,,103639013.0,3.0,0.188668,0.0015500111191531604,0.003531808920081503,14,48.0,1.0,0.06288933333333334,40.0,5.0,30.0,4.0,1.0,1,1,1,0,10.0,2.8033671197645322,18.456424399911654,0.17283335247720144,3.713572066704308,431703.75,0.075,0.3
M0141,CV Bahan Citra,F&B,restaurant,supplier,Bekasi,Harapan Indah,Ya,EDC,2022-07-06,aktif,352996234.0,3.0,0.15458,0.0012768269610370709,0.003219882776142681,8,53.0,1.0,0.051526666666666665,33.0,1.0,93.0,4.9,5.0,0,0,1,0,8.25,2.6223666411093354,19.681967949118313,0.1437366414783856,3.5263605246161616,483525.5882352941,0.1764706,0.0882353
M0406,Swalayan Purnama,Grocery,toko_kelontong,retailer,Tangerang,Alam Sutera,Tidak,,,,115014059.0,6.0,0.336894,0.0018394183129555402,0.006671194626820617,9,62.0,0.8333333333333334,0.056149,64.0,14.0,33.0,4.5,5.0,1,1,1,0,9.142857142857142,2.964973182425966,18.56056493972384,0.29034901300225435,4.174387269895637,159888.31818181818,0.36363637,0.4848485
M0483,Toko Mas Bro,Grocery,minimarket,retailer,Jakarta,Sudirman,Ya,EDC,2020-03-01,aktif,15466675.0,3.0,0.1674,0.0011819821229402687,0.0025054712851860237,13,36.0,1.0,0.055799999999999995,52.0,11.0,5.0,4.4,1.0,0,1,1,0,13.0,2.5509925067309194,16.55419833197647,0.1547790537875536,3.970291913552122,219070.71153846153,0.30769232,0.46153846
M0663,PT Otomotif Prima,Automotive,dealer,supplier,Bogor,Cibinong,Ya,EDC,2020-05-23,aktif,286657128.0,4.0,0.206848,0.001215374798682182,0.007888712801549569,14,48.0,0.75,0.051711999999999994,74.0,4.0,87.0,4.8,1.0,0,0,1,0,14.8,2.576706736023121,19.473797387059996,0.18801200212232042,4.31748811353631,468914.9012345679,0.17283951,0.3580247
M0105,Bakery Sumber,F&B,bakery,retailer,Bandung,Buah Batu,Ya,QRIS,2024-06-02,aktif,56788412.0,3.0,0.173381,0.001349931673545946,0.0015797549870450029,14,48.0,1.0,0.05779366666666667,48.0,6.0,50.0,3.4,2.0,0,0,1,0,12.0,2.674101526623816,17.854842866402393,0.15988932511672307,3.8918202981106265,208162.3,0.46,0.42
M0102,Bakery Surya,F&B,bakery,retailer,Bandung,Dago,Ya,QRIS,2025-05-07,aktif,44966090.0,3.0,0.15914899999999998,0.0011854399133941894,0.001967147133549669,3,31.0,1.0,0.05304966666666666,38.0,16.0,30.0,0.0,1.0,0,0,0,0,9.5,2.5536860978083755,17.621419230352316,0.14768611519727612,3.6635616461296463,170949.89743589744,0.33333334,0.4871795
M0191,Kedai Mandiri,F&B,bakery,retailer,Bandung,Buah Batu,Ya,QRIS,2021-10-12,aktif,43931253.0,6.0,0.308565,0.0019336378812995069,0.016632706965512035,8,53.0,0.8333333333333334,0.05142750000000001,50.0,4.0,38.0,4.4,2.0,0,1,1,0,7.142857142857143,3.0124113419779257,17.598136560957705,0.26893111695490296,3.9318256327243257,159470.5,0.5,0.4
M0241,Toko Baju Sukses,Fashion,textile,retailer,Jakarta,Kelapa Gading,Ya,EDC,2024-06-21,aktif,32175998.0,1.0,0.06,0.0006740791637263798,0.0,0,39.0,1.0,0.06,51.0,17.0,20.0,4.2,1.0,0,1,1,0,25.5,2.0465039610877773,17.286731359915503,0.058268908123975775,3.9512437185814275,202159.53703703705,0.25925925,0.4074074
M0435,Swalayan Gemilang,Grocery,minimarket,retailer,Bogor,Bogor Tengah,Tidak,,,,253816303.0,7.0,0.390794,0.001963240267263951,0.017075440847231654,16,46.0,0.7142857142857143,0.05582771428571428,69.0,13.0,19.0,0.0,1.0,0,0,0,0,8.625,3.0268627852865904,19.352121350739996,0.32987480707841554,4.248495242049359,152082.3661971831,0.32394367,0.5070422
M0298,UD Kain Sentosa,Fashion,clothing,supplier,Jakarta,Menteng,Ya,QRIS,2023-06-19,aktif,296686459.0,2.0,0.11536300000000001,0.0009060461250944918,0.00046788921590823333,10,29.0,1.0,0.057681500000000004,76.0,17.0,100.0,4.8,2.0,1,0,1,0,25.333333333333332,2.308613013615039,19.508186448897852,0.1091799124668659,4.343805421853684,428862.8271604938,0.12345679,0.2962963
M0513,CV Tech Supply Pratama,Electronics,accessories,supplier,Bekasi,Grand Galaxy,Tidak,,,,243065512.0,1.0,0.054795,0.0006865671214751833,0.0,8,53.0,1.0,0.054795,29.0,11.0,95.0,3.5,1.0,0,0,1,0,14.5,2.0625078748588823,19.308841565792097,0.05334643525064396,3.4011973816621555,539591.9032258064,0.16129032,0.32258064
M0232,Outlet Purnama,Fashion,accessories,retailer,Tangerang,BSD,Ya,QRIS,2019-11-20,aktif,79782339.0,6.0,0.312509,0.0019751611918565146,0.008910019369607326,5,38.0,0.8333333333333334,0.05208483333333334,64.0,18.0,18.0,3.3,1.0,0,1,1,0,9.142857142857142,3.03262392648197,18.194812734670712,0.2719405726029888,4.174387269895637,174392.26470588235,0.3382353,0.47058824
M0590,PT Elektronik Mas Bro,Electronics,gadget,supplier,Tangerang,Gading Serpong,Ya,"EDC, QRIS",2024-03-19,aktif,148357126.0,6.0,0.326525,0.0015463133754286664,0.011480894523683748,16,46.0,0.6666666666666666,0.054420833333333335,112.0,14.0,63.0,4.1,1.0,0,1,1,0,16.0,2.801123563171948,18.815132945340192,0.28256274100683,4.727387818712341,413735.593220339,0.16101696,0.18644068
M0573,Digital Barokah,Electronics,computer,retailer,Bekasi,Harapan Indah,Ya,"EDC, QRIS",2020-03-09,aktif,88122163.0,3.0,0.154178,0.0011315724754289822,0.00499836490327774,1,28.0,0.3333333333333333,0.05139266666666666,52.0,15.0,32.0,3.4,1.0,1,0,1,0,13.0,2.5108768811838917,18.294234637018587,0.14338840229172112,3.970291913552122,161942.8909090909,0.36363637,0.45454547
M0577,PT Elektronik Citra,Electronics,gadget,supplier,Bekasi,Jababeka,Ya,EDC,2024-12-22,aktif,355306603.0,6.0,0.329261,0.0020586801032668263,0.010238221014766182,3,31.0,0.8333333333333334,0.05487683333333334,49.0,13.0,70.0,0.0,1.0,0,0,0,0,7.0,3.0720820646124527,19.688491647928004,0.28462314871130906,3.912023005428146,523539.39285714284,0.14285715,0.23214285
M0633,PT Otomotif Buana,Automotive,sparepart,supplier,Tangerang,Cipondoh,Tidak,,,,259325264.0,7.0,0.413789,0.0025110510013575684,0.014922144240686237,12,67.0,0.7142857142857143,0.05911271428571428,43.0,17.0,94.0,0.0,1.0,0,1,0,0,5.375,3.262337915786282,19.37359368116538,0.34627333427459733,3.784189633918261,482646.5813953488,0.069767445,0.27906978
M0254,Toko Baju Surya,Fashion,clothing,retailer,Jakarta,Menteng,Ya,"EDC, QRIS",2019-02-20,aktif,166285830.0,8.0,0.46348100000000003,0.0030662802627791975,0.020501597363720977,3,31.0,0.75,0.057935125000000004,69.0,9.0,2.0,3.1,2.0,0,0,1,1,7.666666666666667,3.4551425732068535,18.929218739090132,0.3808178444895127,4.248495242049359,149590.14084507042,0.30985916,0.5633803
M0355,Mart Persada,Grocery,distributor,retailer,Bandung,Unknown,Tidak,,,,64545787.0,3.0,0.160907,0.0011967664623127715,0.0012074560410535054,0,39.0,0.6666666666666666,0.05363566666666667,59.0,16.0,2.0,3.0,2.0,0,1,1,0,14.75,2.562458922217991,17.982885421385102,0.1492015961481359,4.0943445622221,193986.03278688525,0.37704918,0.36065573
M0249,PT Tekstil Lestari,Fashion,accessories,supplier,Bogor,Tanah Sareal,Ya,EDC,2025-01-23,aktif,1208158809.0,2.0,0.104783,0.0008611289427423814,0.0011068347042990465,9,62.0,1.0,0.0523915,36.0,7.0,91.0,3.0,1.0,0,0,1,0,12.0,2.262938389571869,20.912363393050025,0.09964893559412358,3.6109179126442243,475517.5945945946,0.16216215,0.16216215
M0010,Dapur Pratama,F&B,catering,retailer,Bogor,Cibinong,Ya,QRIS,2021-05-20,aktif,106996217.0,3.0,0.191391,0.0013281732959230484,0.001162176439513999,8,53.0,0.0,0.063797,64.0,11.0,30.0,3.1,2.0,0,0,1,0,16.0,2.658981305236842,18.488304046007112,0.17512153204592845,4.174387269895637,155690.0,0.43283582,0.4477612
M0649,Toko Sparepart Mas Bro,Automotive,dealer,retailer,Bogor,Dramaga,Tidak,,,,53337964.0,2.0,0.125054,0.0010342560219403151,0.0018262772620934269,9,62.0,0.5,0.062527,52.0,9.0,46.0,3.4,1.0,0,0,1,0,17.333333333333332,2.428562041724445,17.79215892450929,0.11783103450442031,3.970291913552122,125404.6603773585,0.3018868,0.509434
M0097,Kedai Buana,F&B,restaurant,retailer,Jakarta,Kelapa Gading,Tidak,,,,85712415.0,2.0,0.107639,0.0008945457135155997,0.0006389454883908133,6,29.0,0.5,0.0538195,55.0,17.0,14.0,3.1,1.0,0,1,1,0,18.333333333333332,2.2971158775799334,18.26650825055386,0.10223072296237323,4.02535169073515,194404.60344827586,0.29310346,0.55172414
M0237,CV Konveksi Pratama,Fashion,textile,supplier,Bandung,Braga,Ya,"EDC, QRIS",2019-03-08,aktif,58228526.0,5.0,0.273704,0.001742465082613894,0.0077277186627424345,8,53.0,0.4,0.0547408,80.0,3.0,30.0,3.1,1.0,0,0,1,0,13.333333333333334,2.9136894868043166,17.879885947254294,0.241929191065582,4.394449154672439,516501.5180722892,0.12048193,0.25301206
M0568,Toko IT Mas Bro,Electronics,computer,retailer,Tangerang,Karawaci,Ya,"EDC, QRIS",2022-09-02,aktif,26501776.0,1.0,0.051948,0.0005749576029111759,0.0,0,39.0,1.0,0.051948,39.0,11.0,29.0,3.4,1.0,0,0,1,0,19.5,1.9094796924098147,17.09272234531203,0.050643683436037645,3.6888794541139363,151935.19512195123,0.34146342,0.46341464
M0402,Toko Purnama,Grocery,minimarket,retailer,Depok,Unknown,Tidak,,,,38284760.0,1.0,0.052632,0.0005704231823252875,0.0,10,29.0,0.0,0.052632,42.0,11.0,16.0,4.0,1.0,1,1,1,0,21.0,1.9027389424227357,17.460562489856095,0.05129369438747053,3.7612001156935624,134234.86363636365,0.4318182,0.36363637
M0479,Swalayan Karya,Grocery,toko_kelontong,retailer,Depok,Cinere,Ya,EDC,2019-11-18,aktif,1048884156.0,3.0,0.173107,0.0011662154945339216,0.002077830603979574,11,31.0,0.3333333333333333,0.057702333333333335,53.0,2.0,26.0,3.2,1.0,0,0,1,0,13.25,2.5386176190822245,20.77099272842268,0.15965578460746382,3.9889840465642745,196298.69090909092,0.3090909,0.47272727
M0501,Komputer Jaya,Electronics,service,retailer,Bandung,Braga,Tidak,,,,151116223.0,3.0,0.161243,0.0012365071987864272,0.0015596307196941112,6,29.0,0.3333333333333333,0.053747666666666666,46.0,11.0,12.0,0.0,2.0,0,0,0,0,11.5,2.5926447358737406,18.833559794079868,0.14949098314065995,3.8501476017100584,177506.36170212767,0.31914893,0.5319149
M0128,Bakery Prima,F&B,restaurant,retailer,Jakarta,Sudirman,Ya,EDC,2023-04-10,aktif,39441615.0,1.0,0.05,0.0006732165958634824,0.0,12,67.0,0.0,0.05,53.0,2.0,13.0,4.3,1.0,0,0,1,0,26.5,2.0453890249847024,17.490332060490143,0.04879016416943201,3.9889840465642745,199359.9090909091,0.23636363,0.6545454
M0555,Komputer Harmoni,Electronics,gadget,retailer,Bandung,Cihampelas,Tidak,,,,88972900.0,2.0,0.112361,0.0008468533362002584,0.0009458405654919125,9,62.0,0.5,0.0561805,53.0,2.0,8.0,0.0,1.0,0,1,0,0,17.666666666666668,2.247974023187455,18.303842398185942,0.10648478343190418,3.9889840465642745,198485.83333333334,0.24074075,0.6296296
M0598,Motor Nusantara,Automotive,sparepart,retailer,Tangerang,Alam Sutera,Ya,"EDC, QRIS",2021-12-18,aktif,27210477.0,3.0,0.157105,0.0011275470457666476,0.002731869292883556,14,48.0,0.3333333333333333,0.05236833333333333,56.0,19.0,42.0,4.1,3.0,0,0,1,0,14.0,2.507602999436284,17.11911267767606,0.14592119603851544,4.04305126783455,173283.05263157896,0.3508772,0.50877196
M0628,Auto Sukses,Automotive,accessories,retailer,Jakarta,Cempaka Putih,Ya,EDC,2019-06-27,aktif,58632034.0,4.0,0.21890500000000002,0.0014780476459338506,0.0042160340100118225,13,36.0,0.5,0.054726250000000004,56.0,18.0,39.0,0.0,2.0,1,0,0,0,11.2,2.7587735088363323,17.886791777531293,0.19795291473047402,4.04305126783455,167610.0163934426,0.3114754,0.59016395
M0325,Toko Baju Persada,Fashion,clothing,retailer,Bekasi,Jababeka,Tidak,,,,26551169.0,3.0,0.160292,0.0012484000856158696,0.0022740422106507685,12,67.0,0.6666666666666666,0.053430666666666675,55.0,4.0,23.0,0.0,2.0,0,0,0,0,13.75,2.6015038608662278,17.094584372477875,0.14867169757899934,4.02535169073515,528703.0,0.27272728,0.5272727
M0700,CV Sparepart Sukses,Automotive,accessories,supplier,Bogor,Bogor Tengah,Ya,EDC,2025-05-07,aktif,253805374.0,26.0,1.875965,0.005565840112616007,0.013568787261338767,16,46.0,0.6923076923076923,0.0721525,341.0,14.0,58.0,3.4,5.0,0,0,1,1,12.62962962962963,4.037040275263657,19.352078291113294,1.0563882701046379,5.834810737062605,467760.9789473684,0.17631578,0.24210526
M0049,UD Supplier Lestari,F&B,cafe,supplier,Bandung,Dago,Tidak,,,,387371458.0,3.0,0.160599,0.00115940402443996,0.004847432898146052,1,28.0,0.6666666666666666,0.053533,48.0,19.0,96.0,0.0,2.0,0,1,0,0,12.0,2.5332237055830906,19.774894633017176,0.14893625115070136,3.8918202981106265,459094.32653061225,0.08163265,0.26530612
M0617,Motor Bersama,Automotive,sparepart,retailer,Depok,Margonda,Tidak,,,,72453484.0,3.0,0.186595,0.0014292634985261917,0.003622368123160516,3,31.0,1.0,0.06219833333333333,61.0,14.0,30.0,4.0,2.0,1,1,1,0,15.25,2.727371338988673,18.098455327713502,0.17108786111365618,4.127134385045092,196803.0483870968,0.4032258,0.48387095
M0420,Mart Kang Asep,Grocery,minimarket,retailer,Bandung,Braga,Tidak,,,,69773625.0,4.0,0.220608,0.0013961882402687058,0.0029482051669056423,1,28.0,0.5,0.055152,57.0,5.0,7.0,0.0,3.0,1,0,0,0,11.4,2.705505793687141,18.06076664532606,0.19934909526047406,4.060443010546419,303041.8620689655,0.31034482,0.44827586
M0096,Kafe Purnama,F&B,restaurant,retailer,Bekasi,Grand Galaxy,Ya,EDC,2023-05-01,tidak aktif,17589919.0,3.0,0.165445,0.0011170425162466018,0.002138203406032249,5,38.0,1.0,0.055148333333333334,64.0,19.0,30.0,0.0,1.0,0,1,0,0,16.0,2.4990088416781213,16.68283656866474,0.15310298833299943,4.174387269895637,145582.87692307692,0.2769231,0.5846154
M0559,Digital Bang Jali,Electronics,service,retailer,Bogor,Bogor Tengah,Ya,QRIS,2022-04-04,aktif,93643626.0,1.0,0.051852,0.0004841299193739534,0.0,7,40.0,1.0,0.051852,55.0,11.0,30.0,4.8,2.0,0,0,1,0,27.5,1.764953236779965,18.35500693328411,0.050552420007891785,4.02535169073515,163592.7142857143,0.48214287,0.39285713
M0020,Kafe Sentosa,F&B,bakery,retailer,Jakarta,Tebet,Ya,EDC,2019-01-30,aktif,18419614.0,4.0,0.213699,0.0014783184519634,0.005041128971398385,14,48.0,0.75,0.05342475000000001,52.0,2.0,15.0,3.8,1.0,0,1,1,0,10.4,2.758945102385252,16.72892668737865,0.19367272120300402,3.970291913552122,202960.6603773585,0.28301886,0.6037736
M0164,Bakery Sukses,F&B,cafe,retailer,Jakarta,Menteng,Ya,"EDC, QRIS",2020-03-31,aktif,31370731.0,3.0,0.159693,0.0009540141927165027,0.0011672075063517218,6,29.0,0.3333333333333333,0.053231,61.0,15.0,30.0,3.3,1.0,0,0,1,0,15.25,2.355191008597986,17.26138591429054,0.1481553149184991,4.127134385045092,164838.39344262294,0.3114754,0.5409836
M0326,UD Kain Berkah,Fashion,accessories,supplier,Bekasi,Harapan Indah,Ya,"EDC, QRIS",2024-12-25,aktif,111401250.0,5.0,0.28053100000000003,0.0015759196814152587,0.009639524061077152,6,29.0,0.2,0.056106199999999995,70.0,11.0,27.0,0.0,1.0,0,0,0,0,11.666666666666666,2.8189471711223453,18.528649115196917,0.24727483565764752,4.2626798770413155,495259.1756756757,0.12162162,0.27027026
M0248,PT Tekstil Pratama,Fashion,clothing,supplier,Depok,Margonda,Tidak,,,,174482780.0,27.0,2.13143,0.006425958793885487,0.013206550449022716,16,46.0,0.7037037037037037,0.07894185185185185,377.0,20.0,99.0,4.0,1.0,1,0,1,1,13.464285714285714,4.17837297699959,18.977336618520173,1.1414897692287769,5.934894195619588,467937.9834515366,0.11820331,0.26241136
M0536,Gadget Utama,Electronics,accessories,retailer,Bekasi,Unknown,Tidak,,,,68521546.0,3.0,0.161016,0.0011034794599431629,0.0014036676477247,6,29.0,0.6666666666666666,0.053672,69.0,11.0,30.0,3.9,1.0,0,1,1,0,17.25,2.487802004153924,18.042658808515007,0.1492954838438778,4.248495242049359,172602.09722222222,0.31944445,0.5
M0545,PT Elektronik Bu Tini,Electronics,service,supplier,Jakarta,Senayan,Ya,EDC,2025-07-25,aktif,40738510.0,4.0,0.22750199999999998,0.001590686317673304,0.004628581490705104,10,29.0,0.5,0.0568755,63.0,12.0,22.0,0.0,2.0,1,0,0,0,12.6,2.8277196446227895,17.522684419248666,0.20498121001311345,4.1588830833596715,477851.9692307692,0.12307692,0.26153848
M0259,Outlet Mulia,Fashion,footwear,retailer,Bandung,Cihampelas,Ya,"EDC, QRIS",2023-02-04,aktif,97898079.0,3.0,0.160194,0.001689539549111327,0.0035167157195683343,2,31.0,0.6666666666666666,0.053398,47.0,20.0,11.0,4.7,1.0,0,0,1,0,11.75,2.8845434446227407,18.399437495459598,0.14858723251430317,3.871201010907891,152723.07843137256,0.27450982,0.5294118
M0372,PT Distribusi Mas Bro,Grocery,supermarket,supplier,Bekasi,Kemang Pratama,Ya,"EDC, QRIS",2024-12-10,aktif,438293192.0,7.0,0.393816,0.0024441106445412765,0.013156239780645486,9,62.0,0.8571428571428571,0.05625942857142857,63.0,11.0,26.0,3.1,1.0,0,0,1,0,7.875,3.2363662298772873,19.898398634809848,0.33204530936520393,4.1588830833596715,417370.484375,0.15625,0.265625
M0612,UD Oli Surya,Automotive,dealer,supplier,Jakarta,Pluit,Tidak,,,,281468827.0,22.0,1.606294,0.004670927836263636,0.0056750433929514755,16,46.0,0.8181818181818182,0.07301336363636365,308.0,3.0,31.0,0.0,2.0,1,0,0,1,13.391304347826088,3.865125893918683,19.45553226406605,0.9579292889164717,5.733341276897746,465660.29483282677,0.17325228,0.2218845
M0290,Outlet Sentosa,Fashion,accessories,retailer,Jakarta,Tebet,Ya,EDC,2019-02-08,aktif,37489461.0,4.0,0.222128,0.0014511260127514102,0.006137901542021986,5,38.0,1.0,0.055532,57.0,14.0,50.0,0.0,1.0,0,0,0,0,11.4,2.7415662200205966,17.43957043811566,0.20059360158140338,4.060443010546419,175484.8620689655,0.36206895,0.5
M0665,UD Oli Mas Bro,Automotive,bengkel,supplier,Tangerang,Gading Serpong,Ya,"EDC, QRIS",2021-11-29,aktif,166369765.0,4.0,0.232707,0.001133983294489409,0.0028123663622871228,16,46.0,0.5,0.05817675,80.0,15.0,30.0,0.0,3.0,0,0,0,0,16.0,2.51283248069469,18.92972337513136,0.20921256415092282,4.394449154672439,458919.4761904762,0.1904762,0.23809524
M0146,Dapur Pak Haji,F&B,warung,retailer,Tangerang,Karawaci,Tidak,,,,132705186.0,3.0,0.18476,0.0011888828487228572,0.0027620556939098938,4,22.0,0.6666666666666666,0.06158666666666666,50.0,19.0,31.0,3.4,2.0,0,1,1,0,12.5,2.5563609274234502,18.703640586707316,0.16954022242922154,3.9318256327243257,180349.11764705883,0.47058824,0.47058824
M0216,Fashion Abadi,Fashion,textile,retailer,Tangerang,Karawaci,Tidak,,,,130003547.0,1.0,0.051546,0.0005866234244899097,0.0,8,53.0,0.0,0.051546,46.0,11.0,41.0,3.8,2.0,0,1,1,0,23.0,1.9266158111006566,18.68307230035512,0.05026146223179925,3.8501476017100584,187182.89361702127,0.21276596,0.5744681
M0189,Bakery Lestari,F&B,catering,retailer,Tangerang,Karawaci,Ya,"EDC, QRIS",2022-05-03,aktif,30642106.0,5.0,0.266225,0.0015999769046988418,0.012114808945236838,9,62.0,1.0,0.053245,58.0,2.0,39.0,3.5,2.0,0,1,1,0,9.666666666666666,2.8331997584926634,17.23788566679091,0.23604003304922996,4.07753744390572,206780.2,0.33333334,0.33333334
M0178,Kedai Jaya,F&B,warung,retailer,Bandung,Setiabudhi,Ya,EDC,2023-03-04,aktif,242904924.0,1.0,0.0625,0.0006427091840950096,0.0,13,36.0,0.0,0.0625,43.0,7.0,47.0,3.9,1.0,0,1,1,0,21.5,2.0051343744313708,19.308180669600524,0.06062462181643484,3.784189633918261,172456.77777777778,0.26666668,0.53333336
M0494,Toko IT Buana,Electronics,gadget,retailer,Bandung,Setiabudhi,Tidak,,,,30245084.0,7.0,0.432554,0.002732357616462941,0.011103564510854527,8,53.0,0.8571428571428571,0.06179342857142857,58.0,9.0,43.0,4.6,1.0,0,1,1,0,7.25,3.3436945378528757,17.224844249901082,0.3594588652313471,4.07753744390572,152692.59322033898,0.37288135,0.45762712
M0578,Gadget Nusantara,Electronics,service,retailer,Bogor,Bogor Tengah,Ya,QRIS,2023-11-19,aktif,131402892.0,6.0,0.340636,0.002164882919890727,0.009201821246195256,13,36.0,0.8333333333333334,0.056772666666666666,67.0,20.0,19.0,0.0,2.0,0,1,0,0,9.571428571428571,3.1201081595955458,18.69377868051519,0.293144128228788,4.219507705176107,137611.4927536232,0.2753623,0.5652174
M0369,PT Distribusi Mas Bro,Grocery,supermarket,supplier,Bogor,Dramaga,Tidak,,,,318184155.0,2.0,0.100633,0.0008934226452909021,0.0006339144215530904,11,31.0,0.0,0.0503165,43.0,7.0,5.0,0.0,1.0,1,0,0,0,14.333333333333334,2.2959860121681444,19.578140880044987,0.09588546883930525,3.784189633918261,425484.25581395347,0.11627907,0.27906978
M0186,Kedai Barokah,F&B,restaurant,retailer,Bogor,Tanah Sareal,Ya,QRIS,2022-08-14,aktif,124847112.0,2.0,0.111349,0.0009218097432820171,0.0006439765552285362,9,62.0,0.5,0.0556745,59.0,11.0,25.0,4.1,2.0,0,1,1,0,19.666666666666668,2.3241604062732217,18.642600450674202,0.10557459274169215,4.0943445622221,217571.66101694916,0.33898306,0.5254237
M0574,Digital Surya,Electronics,accessories,retailer,Tangerang,Alam Sutera,Ya,QRIS,2024-03-22,aktif,53909082.0,3.0,0.166071,0.0011751883313055479,0.001982240334062838,9,62.0,1.0,0.055356999999999996,62.0,11.0,24.0,0.0,1.0,0,0,0,0,15.5,2.5456789715241457,17.80280953745198,0.15363997801271226,4.143134726391533,180272.86153846153,0.36923078,0.46153846
M0701,mart surya,Grocery,toko_kelontong,retailer,Jakarta,Senayan,Tidak,,,,67777253.0,5.0,0.273644,0.0017517483188186993,0.007156692576660881,7,40.0,0.8,0.0547288,48.0,11.0,33.0,3.1,2.0,1,0,1,0,8.0,2.918715323017059,18.0317372098967,0.2418820832499156,3.8918202981106265,160309.2,0.28,0.6
M0109,CV Bahan Jaya,F&B,bakery,supplier,Bandung,Braga,Tidak,,,,361596791.0,1.0,0.052083,0.0007060541823103358,0.0,2,31.0,1.0,0.052083,54.0,6.0,30.0,0.0,5.0,0,1,0,0,27.0,2.0869807779692184,19.706040314761527,0.05077200854168985,4.007333185232471,448257.8035714286,0.10714286,0.17857143
M0255,Butik Harmoni,Fashion,accessories,retailer,Depok,Cinere,Ya,QRIS,2020-08-20,aktif,16727540.0,1.0,0.07,0.0006406979368340491,0.0,8,53.0,0.0,0.07,50.0,5.0,27.0,4.7,1.0,0,1,1,0,25.0,2.0024227136000405,16.63256708068976,0.06765864847381481,3.9318256327243257,181344.1320754717,0.3207547,0.509434
M0373,Mart Purnama,Grocery,distributor,retailer,Bogor,Sentul,Ya,"EDC, QRIS",2019-11-28,aktif,242382895.0,0.0,0.0,0.0,0.0,-1,0.0,0.0,0.0,0.0,5.0,8.0,4.9,1.0,0,0,1,0,0.0,0.0,19.30602924861378,0.0,0.0,134623.17647058822,0.4117647,0.33333334
M0114,Dapur Anugrah,F&B,restaurant,retailer,Bogor,Tanah Sareal,Tidak,,,,602692636.0,5.0,0.280804,0.0025152081627277762,0.007813246798983724,4,22.0,0.8,0.0561608,57.0,11.0,9.0,0.0,2.0,1,0,0,0,9.5,3.2639287906803363,20.216917901687093,0.24748800574358612,4.060443010546419,247213.86666666667,0.25,0.45
M0313,Butik Karya,Fashion,footwear,retailer,Depok,Cinere,Tidak,,,,138015245.0,3.0,0.157547,0.0011868490389117556,0.0016703141901240157,2,31.0,1.0,0.05251566666666666,40.0,4.0,26.0,4.8,1.0,0,1,1,0,10.0,2.554781717845355,18.742874715280074,0.14630311090552134,3.713572066704308,175212.18604651163,0.30232558,0.4651163
M0042,PT Distributor Sumber,F&B,warung,supplier,Tangerang,Gading Serpong,Tidak,,,,337506262.0,7.0,0.39680000000000004,0.0022873477996902293,0.01242673508917566,9,62.0,0.2857142857142857,0.05668571428571429,88.0,12.0,30.0,4.1,5.0,1,0,1,0,11.0,3.172768135513905,19.637094625141717,0.33418390610320076,4.48863636973214,456984.83516483515,0.0989011,0.23076923
M0361,Toko Sejahtera,Grocery,distributor,retailer,Bandung,Setiabudhi,Tidak,,,,104784022.0,4.0,0.214469,0.0014442179522390307,0.006852313032978643,14,48.0,0.5,0.053617250000000005,46.0,18.0,39.0,3.6,1.0,1,0,1,0,9.2,2.7371026954109596,18.46741186593911,0.19430694422695485,3.8501476017100584,193330.76086956522,0.39130434,0.41304347
M0171,Bakery Kang Asep,F&B,catering,retailer,Jakarta,Cempaka Putih,Tidak,,,,29486320.0,4.0,0.226848,0.0015061192813292418,0.0056750433929514755,2,31.0,0.75,0.056712,53.0,4.0,13.0,3.8,1.0,0,0,1,0,10.6,2.776405978070179,17.19943701885506,0.20444827867448706,3.9889840465642745,165402.57407407407,0.35185185,0.537037
M0071,Unknown_M0071,F&B,cafe,retailer,Bandung,Dago,Ya,EDC,2022-10-26,aktif,90898680.0,4.0,0.237356,0.0016285726262643917,0.00544361431841622,8,53.0,0.75,0.059339,53.0,1.0,42.0,4.3,1.0,1,1,1,0,10.6,2.849881089421414,18.325256048591385,0.2129768450535715,3.9889840465642745,1140100.357142857,0.3392857,0.5535714
M0615,Bengkel Surya,Automotive,accessories,retailer,Depok,Cimanggis,Ya,EDC,2020-07-27,aktif,593279858.0,5.0,0.28739,0.002203098518308987,0.009393001786028728,8,53.0,0.8,0.05747800000000001,54.0,7.0,30.0,4.7,2.0,0,1,1,0,9.0,3.1368404911672996,20.20117678323987,0.252616913012611,4.007333185232471,132102.6181818182,0.29090908,0.56363636
M0393,Mart Bang Jali,Grocery,minimarket,retailer,Depok,Cinere,Ya,"EDC, QRIS",2022-11-17,aktif,20010948.0,8.0,0.436568,0.0030833791066332454,0.012431766156013383,14,48.0,0.5,0.054571,53.0,11.0,7.0,4.8,2.0,0,0,1,1,5.888888888888889,3.46052833776229,16.811790131722184,0.3622569355949401,3.9889840465642745,174208.10714285713,0.32142857,0.4642857
M0480,PT Distribusi Buana,Grocery,distributor,supplier,Depok,Cinere,Tidak,,,,720646965.0,4.0,0.240971,0.0012475155324158493,0.00203758206927779,0,39.0,0.75,0.06024275,104.0,4.0,7.0,3.4,1.0,0,0,1,0,20.8,2.600847643567848,20.39565993039641,0.21589413769801816,4.653960350157523,446730.1651376147,0.1559633,0.36697248
M0100,Toko Grosir Jaya,F&B,warung,supplier,Tangerang,Gading Serpong,Ya,EDC,2021-07-20,aktif,243914983.0,2.0,0.122115,0.0011162765531908439,9.559026991673584e-05,14,48.0,1.0,0.0610575,36.0,1.0,87.0,3.8,1.0,0,1,1,0,12.0,2.4983792792909463,19.312330296313444,0.11521529739186724,3.6109179126442243,433618.5,0.25,0.22222222
M0579,PT Elektronik Sentosa,Electronics,service,supplier,Depok,Cinere,Ya,EDC,2025-03-23,aktif,90163117.0,2.0,0.100481,0.0008884680194436517,0.0031595099740900057,16,46.0,1.0,0.0502405,76.0,13.0,26.0,4.9,1.0,1,0,1,0,25.333333333333332,2.290986103487844,18.317131010061438,0.09574735695573938,4.343805421853684,417582.1666666667,0.12820514,0.32051283
M0074,Warung Bang Jali,F&B,bakery,retailer,Depok,Unknown,Ya,"EDC, QRIS",2022-12-12,aktif,268451088.0,5.0,0.262764,0.0017685848866568377,0.008311322415918296,6,29.0,0.6,0.0525528,59.0,9.0,22.0,3.4,2.0,0,0,1,0,9.833333333333334,2.9277664922811346,19.40817929144597,0.23330296921804802,4.0943445622221,112364.11475409837,0.26229507,0.60655737
M0134,Dapur Anugrah,F&B,restaurant,retailer,Jakarta,Cempaka Putih,Tidak,,,,100556788.0,5.0,0.278088,0.0019614412405032995,0.007511382788720348,10,29.0,1.0,0.0556176,55.0,6.0,22.0,3.3,2.0,1,0,1,0,9.166666666666666,3.025990462479923,18.42623319055109,0.24536521117475238,4.02535169073515,588162.5714285715,0.14285715,0.5714286
M0117,Kedai Pratama,F&B,warung,retailer,Jakarta,Pluit,Ya,QRIS,2022-05-22,aktif,63640422.0,3.0,0.171406,0.0012112158219965475,0.0024400674162956253,4,22.0,0.6666666666666666,0.05713533333333334,54.0,11.0,50.0,4.7,1.0,0,0,1,0,13.5,2.573539908175122,17.96875940817481,0.15820473673657526,4.007333185232471,176941.29824561405,0.3508772,0.36842105
M0350,Outlet Pratama,Fashion,footwear,retailer,Jakarta,Thamrin,Ya,"EDC, QRIS",2025-12-27,aktif,54184072.0,7.0,0.365504,0.0020056452996360294,0.01968656453600986,12,67.0,0.7142857142857143,0.05221485714285713,65.0,15.0,33.0,4.1,1.0,0,1,1,0,8.125,3.047207068796379,17.807897567137154,0.31152359125724793,4.189654742026425,183395.9,0.44285715,0.4
M0522,PT Elektronik Barokah,Electronics,service,supplier,Depok,Cinere,Tidak,,,,454490765.0,2.0,0.104545,0.0009177947761948714,0.00038236107966694335,0,39.0,1.0,0.0522725,49.0,15.0,26.0,3.1,3.0,0,0,1,0,16.333333333333332,2.320223395705908,19.934688154543736,0.0994334854654685,3.912023005428146,486614.48,0.14,0.26
M0051,RM Maju,F&B,catering,retailer,Tangerang,Cipondoh,Ya,QRIS,2020-03-12,aktif,87896941.0,2.0,0.10961,0.0010389268406923778,0.0007798153598470556,0,39.0,1.0,0.054805,61.0,7.0,43.0,3.2,3.0,1,0,1,0,20.333333333333332,2.4326715442217974,18.291675572516674,0.10400860223454371,4.127134385045092,424722.73846153845,0.26153848,0.5538462
M0377,PT Distribusi Jaya,Grocery,toko_kelontong,supplier,Bandung,Braga,Tidak,,,,591313273.0,2.0,0.11898,0.0008682705186747234,0.00014590093829396523,0,39.0,1.0,0.05949,48.0,4.0,10.0,3.1,3.0,1,1,1,0,16.0,2.2703413236872407,20.19785650938062,0.11241755606907938,3.8918202981106265,545524.0588235294,0.27450982,0.25490198
M0018,Kafe Mas Bro,F&B,warung,retailer,Bekasi,Jababeka,Ya,EDC,2021-05-17,aktif,87122227.0,0.0,0.0,0.0,0.0,-1,0.0,0.0,0.0,0.0,11.0,39.0,0.0,1.0,0,0,0,0,0.0,0.0,18.282822610183,0.0,0.0,127476.57142857143,0.2857143,0.5102041
M0397,Toko Citra,Grocery,distributor,retailer,Tangerang,BSD,Ya,EDC,2025-10-10,aktif,14050645.0,5.0,0.282956,0.0018839637745299163,0.01189847307121475,2,31.0,0.4,0.056591199999999994,45.0,9.0,32.0,3.6,1.0,0,0,1,0,7.5,2.987681842884547,16.45817893133473,0.24916679042344564,3.828641396489095,142421.47826086957,0.2826087,0.45652175
M0495,Digital Sentosa,Electronics,service,retailer,Jakarta,Kemang,Ya,"EDC, QRIS",2023-04-12,aktif,258604821.0,5.0,0.278117,0.0018068218454950372,0.009166603778331195,11,31.0,0.4,0.0556234,47.0,12.0,30.0,4.2,1.0,0,0,1,0,7.833333333333333,2.948022993903257,19.370811670686578,0.24538790106073669,3.871201010907891,136959.11538461538,0.34615386,0.53846157
M0637,PT Otomotif Utama,Automotive,dealer,supplier,Jakarta,Thamrin,Ya,EDC,2019-03-07,aktif,568513983.0,4.0,0.222549,0.0015561600044642244,0.0040902573390687496,8,53.0,0.5,0.05563725,55.0,9.0,16.0,3.0,3.0,0,1,1,0,11.0,2.8070867653428757,20.158536468917422,0.20093802336322716,4.02535169073515,470410.4210526316,0.15789473,0.21052632
M0332,PT Tekstil Indonesia,Fashion,textile,supplier,Depok,Sawangan,Ya,"EDC, QRIS",2020-12-28,tidak aktif,143550364.0,1.0,0.057971,0.0005990747697918154,0.0,10,29.0,1.0,0.057971,25.0,12.0,25.0,4.6,1.0,1,0,1,0,12.5,1.944587517323198,18.782196507196176,0.05635292285250152,3.258096538021482,436902.46153846156,0.23076923,0.1923077
M0661,UD Oli Harmoni,Automotive,bengkel,supplier,Bandung,Dago,Ya,EDC,2023-08-25,aktif,185965251.0,1.0,0.061224,0.0007834130041020509,0.0,3,31.0,0.0,0.061224,32.0,20.0,61.0,0.0,5.0,0,0,0,0,16.0,2.17862263357997,19.04107039702067,0.0594229589322327,3.4965075614664802,462597.3823529412,0.11764706,0.29411766
M0672,Bengkel Jaya,Automotive,bengkel,retailer,Jakarta,Tebet,Ya,"EDC, QRIS",2019-09-29,aktif,10159794.0,2.0,0.11629500000000001,0.0010723765109797519,0.001655220989610847,7,40.0,0.5,0.058147500000000005,43.0,19.0,12.0,3.5,1.0,0,1,1,0,14.333333333333334,2.4616179876596727,16.133948822745694,0.11001516594583448,3.784189633918261,125983.77272727272,0.36363637,0.54545456
M0058,Dapur Bu Tini,F&B,cafe,retailer,Depok,Cinere,Tidak,,,,49709611.0,4.0,0.21939999999999998,0.0015581653628676008,0.0034362186501647675,5,38.0,0.75,0.05485,48.0,15.0,38.0,4.1,2.0,0,0,1,0,9.6,2.8082968810833884,17.721708872769824,0.19835893449157865,3.8918202981106265,140258.62,0.38,0.48
M0557,Digital Bang Jali,Electronics,computer,retailer,Bandung,Buah Batu,Tidak,,,,57075784.0,2.0,0.103103,0.0008131996230160675,0.0004477649485573416,1,28.0,0.5,0.0515515,39.0,17.0,4.0,3.7,1.0,0,0,1,0,13.0,2.211784315851068,17.859890504118226,0.09812711759787723,3.6888794541139363,572189.358974359,0.35897437,0.41025642
M0527,Digital Jaya,Electronics,computer,retailer,Bekasi,Jababeka,Ya,EDC,2020-04-05,aktif,15175787.0,6.0,0.324054,0.0020789433406828684,0.00968983472945438,12,67.0,0.5,0.05400900000000001,60.0,13.0,31.0,4.7,1.0,0,0,1,0,8.571428571428571,3.081425146178289,16.535211821074004,0.28069824218160006,4.110873864173311,184877.2380952381,0.31746033,0.5714286
M0028,Resto Mulia,F&B,catering,retailer,Jakarta,Pluit,Ya,"EDC, QRIS",2025-06-29,aktif,92076307.0,6.0,0.32262599999999997,0.001905741120441294,0.006228460745100999,9,62.0,0.6666666666666666,0.053771000000000006,56.0,19.0,40.0,0.0,1.0,0,1,0,0,8.0,2.998598721584295,18.338128226004983,0.2796191543141078,4.04305126783455,149439.31578947368,0.33333334,0.49122807
M0389,Minimarket Bu Tini,Grocery,toko_kelontong,retailer,Jakarta,Thamrin,Tidak,,,,154450073.0,6.0,0.32373399999999997,0.0018951208016309224,0.011319900384876612,6,29.0,0.3333333333333333,0.05395566666666667,61.0,11.0,30.0,0.0,2.0,0,0,0,0,8.714285714285714,2.993289693698613,18.855381456448207,0.28045653098602247,4.127134385045092,138785.03125,0.390625,0.5
M0488,Minimarket Sejahtera,Grocery,distributor,retailer,Bandung,Cihampelas,Tidak,,,,24806264.0,6.0,0.346628,0.0022787535053560015,0.007556662390259854,12,67.0,0.8333333333333334,0.057771333333333334,61.0,13.0,2.0,0.0,3.0,0,1,0,0,8.714285714285714,3.1691617062337945,17.026606800199648,0.2976036900214395,4.127134385045092,180744.90163934426,0.32786885,0.5081967
M0508,CV Tech Supply Berkah,Electronics,gadget,supplier,Bandung,Dago,Ya,"EDC, QRIS",2019-11-24,aktif,147421646.0,2.0,0.111456,0.0011014264836123233,7.546600256584409e-05,7,40.0,1.0,0.055728,47.0,4.0,62.0,4.9,1.0,0,0,1,0,15.666666666666666,2.486094680143989,18.80880738582418,0.10567086749371281,3.871201010907891,548925.1,0.14,0.24
M0314,Fashion Pak Haji,Fashion,footwear,retailer,Depok,Sawangan,Ya,"EDC, QRIS",2025-07-22,aktif,136544164.0,4.0,0.226681,0.001638100177426131,0.00429653107941539,5,38.0,0.75,0.056670250000000005,55.0,6.0,38.0,0.0,1.0,0,1,0,0,11.0,2.8553777576618455,18.732158673370822,0.20431214822707203,4.02535169073515,226806.08333333334,0.3,0.56666666
M0515,Komputer Makmur,Electronics,computer,retailer,Jakarta,Menteng,Tidak,,,,39071575.0,3.0,0.16392,0.0012291253686136064,0.001816215128417981,3,31.0,0.6666666666666666,0.05464,42.0,11.0,50.0,4.1,1.0,0,1,1,0,10.5,2.5871062013186656,17.480905804072837,0.1517936184249962,3.7612001156935624,149623.97727272726,0.36363637,0.45454547
M0565,Komputer Makmur,Electronics,computer,retailer,Bekasi,Harapan Indah,Ya,QRIS,2019-09-29,aktif,193558921.0,5.0,0.264629,0.0017065593385844483,0.008688652428747516,5,38.0,0.6,0.0529258,50.0,3.0,11.0,4.9,1.0,0,0,1,0,8.333333333333334,2.894009211325269,19.081092530541376,0.23477879853189726,3.9318256327243257,132812.33333333334,0.29411766,0.50980395
M0491,Komputer Karya,Electronics,accessories,retailer,Depok,Cinere,Ya,"EDC, QRIS",2020-07-13,aktif,65190520.0,3.0,0.17984,0.0014696879366912806,0.006308957814504566,4,22.0,0.6666666666666666,0.05994666666666667,42.0,19.0,49.0,3.7,1.0,1,1,1,0,10.5,2.7534619261589213,17.992824632892102,0.16537883606364265,3.7612001156935624,181336.44444444444,0.2888889,0.53333336
M0640,PT Otomotif Abadi,Automotive,dealer,supplier,Bekasi,Unknown,Tidak,,,,104420542.0,6.0,0.34855200000000003,0.0024346682403967156,0.011943752672754257,9,62.0,0.5,0.058092000000000005,40.0,15.0,49.0,0.0,1.0,1,0,0,0,5.714285714285714,3.232647849834376,18.463936986086388,0.29903142421865636,3.713572066704308,428382.4,0.125,0.3
M0324,UD Kain Surya,Fashion,textile,supplier,Jakarta,Thamrin,Ya,EDC,2023-05-10,aktif,1569322478.0,3.0,0.162804,0.0013829265975882203,0.006796971297763691,12,67.0,0.0,0.054268000000000004,28.0,15.0,25.0,0.0,1.0,1,0,0,0,7.0,2.6966026590302192,21.17390982112735,0.15083432966914734,3.367295829986474,477079.0689655172,0.10344828,0.06896552
M0053,Toko Grosir Nusantara,F&B,catering,supplier,Tangerang,Karawaci,Ya,"EDC, QRIS",2024-11-05,aktif,171220438.0,22.0,1.616222,0.004644324808180164,0.0025809372877518676,16,46.0,0.6818181818181818,0.07346463636363637,288.0,16.0,35.0,0.0,1.0,0,1,0,1,12.521739130434783,3.859534219500036,18.958462401228136,0.9617312923796648,5.666426688112432,464869.60383386584,0.16613418,0.2172524
M0125,Resto Indonesia,F&B,bakery,retailer,Bekasi,Harapan Indah,Ya,"EDC, QRIS",2019-09-18,aktif,111348043.0,3.0,0.17338699999999999,0.0012680673196111944,0.0010213065680577567,12,67.0,0.3333333333333333,0.05779566666666667,66.0,9.0,46.0,0.0,2.0,0,1,0,0,16.5,2.615984121225721,18.528171385280764,0.1598944385322801,4.204692619390966,139318.01470588235,0.30882353,0.5
M0525,Gadget Bang Jali,Electronics,computer,retailer,Tangerang,Karawaci,Ya,QRIS,2022-08-17,aktif,33034623.0,2.0,0.10769200000000001,0.0010101159329581554,0.00048298241642140215,12,67.0,0.5,0.053846000000000005,61.0,12.0,14.0,3.6,1.0,0,0,1,0,20.333333333333332,2.407049546970829,17.313066781513633,0.10227857134260185,4.127134385045092,128582.91803278688,0.27868852,0.6229508
M0383,Toko Karya,Grocery,minimarket,retailer,Jakarta,Senayan,Tidak,,,,9708320.0,3.0,0.163856,0.0012157313453819512,0.0026060926219404826,9,62.0,0.6666666666666666,0.05461866666666667,48.0,10.0,31.0,3.9,2.0,1,1,1,0,12.0,2.576977760210234,16.088493910794956,0.1517386303161609,3.8918202981106265,165569.26530612246,0.42857143,0.42857143
M0542,Digital Jaya,Electronics,service,retailer,Bogor,Tanah Sareal,Tidak,,,,23754055.0,4.0,0.245062,0.0016453244892805216,0.00203758206927779,12,67.0,1.0,0.0612655,52.0,17.0,11.0,4.2,1.0,1,1,1,0,10.4,2.859525585103601,16.983263852811227,0.21918532787351924,3.970291913552122,150784.67307692306,0.28846154,0.53846157
M0267,Butik Nusantara,Fashion,footwear,retailer,Depok,Cinere,Ya,"EDC, QRIS",2023-07-18,aktif,285333769.0,9.0,0.479281,0.0026775282076717056,0.03624883656579378,9,62.0,0.5555555555555556,0.05325344444444444,62.0,15.0,31.0,3.1,1.0,0,1,1,1,6.2,3.3241464912515157,19.469170175810568,0.39155615892090795,4.143134726391533,133886.734375,0.328125,0.53125
M0591,CV Tech Supply Sentosa,Electronics,accessories,supplier,Jakarta,Tebet,Tidak,,,,311606891.0,8.0,0.439502,0.0018745210892856259,0.009282318315598823,16,46.0,0.75,0.05493775,94.0,15.0,30.0,3.3,3.0,0,1,1,1,10.444444444444445,2.9829109755048835,19.557252989816394,0.36429722044043783,4.553876891600541,476131.0909090909,0.17171717,0.22222222
M0532,PT Elektronik Kang Asep,Electronics,service,supplier,Jakarta,Kelapa Gading,Ya,"EDC, QRIS",2021-10-10,aktif,77888116.0,2.0,0.10539200000000001,0.0009302969830828336,0.0015093200513168817,10,29.0,1.0,0.05269600000000001,68.0,2.0,40.0,3.1,1.0,1,0,1,0,22.666666666666668,2.332432186765723,18.170783957485153,0.10020002319163297,4.23410650459726,522411.7972972973,0.10810811,0.21621622
M0395,Mart Mulia,Grocery,toko_kelontong,retailer,Jakarta,Kuningan,Tidak,,,,189802783.0,2.0,0.12318500000000002,0.0009656298191898218,0.0002062737403466405,12,67.0,1.0,0.06159250000000001,61.0,12.0,21.0,0.0,2.0,1,0,0,0,20.333333333333332,2.366151096880435,19.06149611210418,0.11616839949938013,4.127134385045092,134746.2,0.32307693,0.44615385
M0442,Mart Surya,Grocery,distributor,retailer,Bekasi,Grand Galaxy,Tidak,,,,63756055.0,6.0,0.323575,0.002406367708512904,0.012234296782632758,10,29.0,0.8333333333333334,0.05392916666666667,58.0,13.0,19.0,3.3,2.0,1,1,1,0,8.285714285714286,3.2214196699541064,17.9705747335694,0.2803364090054066,4.07753744390572,149232.7213114754,0.32786885,0.45901638
M0347,Butik Mas Bro,Fashion,footwear,retailer,Bekasi,Grand Galaxy,Ya,"EDC, QRIS",2024-08-18,aktif,17835904.0,4.0,0.224619,0.001588529901927424,0.00501597363720977,7,40.0,0.5,0.056154749999999996,67.0,1.0,6.0,3.5,1.0,0,1,1,0,13.4,2.8264433628471006,16.696724118408973,0.20262977521164885,4.219507705176107,168882.76470588235,0.2647059,0.44117647
M0054,RM Karya,F&B,cafe,retailer,Tangerang,Unknown,Ya,QRIS,2020-07-20,aktif,113863242.0,0.0,0.0,0.0,0.0,-1,0.0,0.0,0.0,0.0,6.0,6.0,4.5,2.0,0,0,1,0,0.0,0.0,18.55050866342834,0.0,0.0,175300.81818181818,0.3939394,0.45454547
M0451,Swalayan Mas Bro,Grocery,distributor,retailer,Depok,Cimanggis,Ya,"EDC, QRIS",2023-10-09,aktif,62058547.0,1.0,0.055046,0.0005835476135448618,0.0,14,48.0,0.0,0.055046,55.0,18.0,25.0,4.6,1.0,0,1,1,0,27.5,1.9221261291174294,17.94358881999794,0.053584367873229385,4.02535169073515,175340.08771929826,0.3859649,0.47368422
M0708,UD  Sembako  Surya,Grocery,distributor,supplier,Jakarta,Kemang,Ya,"EDC, QRIS",2019-06-03,aktif,957929721.0,10.0,0.583241,0.002619540300757946,0.018524388096495863,16,46.0,0.8,0.058324100000000004,111.0,16.0,30.0,3.4,1.0,0,1,1,1,10.090909090909092,3.3030479519443623,20.680284974162806,0.4594740118885347,4.718498871295094,471485.22222222225,0.1965812,0.24786325
M0528,PT Elektronik Buana,Electronics,gadget,supplier,Bogor,Unknown,Ya,EDC,2021-05-06,aktif,305807983.0,26.0,1.882223,0.005929200320447723,0.0210713656830931,16,46.0,0.6538461538461539,0.0723931923076923,271.0,14.0,49.0,4.3,1.0,0,0,1,1,10.037037037037036,4.099199478097575,19.538467959686106,1.05856187140555,5.605802066295998,469139.5033557047,0.15100671,0.24832214
M0674,Auto Surya,Automotive,dealer,retailer,Jakarta,Kelapa Gading,Ya,EDC,2024-08-30,aktif,47002117.0,0.0,0.0,0.0,0.0,-1,0.0,0.0,0.0,0.0,18.0,18.0,0.0,1.0,0,0,0,0,0.0,0.0,17.665703222488776,0.0,0.0,171840.914893617,0.31914893,0.5319149
M0422,Toko Sukses,Grocery,distributor,retailer,Depok,Cimanggis,Tidak,,,,318714653.0,3.0,0.16905,0.001092610307602911,0.0013835433803738083,8,53.0,0.6666666666666666,0.056350000000000004,51.0,16.0,30.0,4.1,1.0,0,0,1,0,12.75,2.4787295336309554,19.579806758876458,0.1561914531749104,3.9512437185814275,150416.86274509804,0.49019608,0.49019608
M0190,Warung Mas Bro,F&B,catering,retailer,Bogor,Tanah Sareal,Ya,EDC,2022-07-31,tidak aktif,16795767.0,5.0,0.265861,0.0017241091768620527,0.007118959575377959,14,48.0,0.8,0.0531722,50.0,1.0,26.0,3.5,1.0,0,0,1,0,8.333333333333334,2.903676838590677,16.63663750787825,0.235752523065361,3.9318256327243257,167118.23076923078,0.23076923,0.5769231
M0605,Toko Sparepart Harmoni,Automotive,sparepart,retailer,Jakarta,Pluit,Tidak,,,,95257224.0,1.0,0.073684,0.0008726388171586823,0.0,8,53.0,0.0,0.073684,50.0,5.0,30.0,4.7,1.0,1,0,1,0,25.0,2.2748426218973794,18.372091422112764,0.07109572560527964,3.9318256327243257,180710.24,0.34,0.38
M0331,Toko Baju Buana,Fashion,footwear,retailer,Bandung,Setiabudhi,Ya,"EDC, QRIS",2024-06-18,aktif,64940232.0,3.0,0.179748,0.001309764315126662,0.000744597891982995,1,28.0,0.6666666666666666,0.059916,61.0,15.0,10.0,3.3,1.0,0,1,1,0,15.25,2.646007631020166,17.988977912559854,0.1653008563485003,4.127134385045092,133718.17460317462,0.31746033,0.5714286
M0085,Resto Sumber,F&B,bakery,retailer,Jakarta,Pluit,Tidak,,,,31716758.0,3.0,0.159402,0.001203384548898143,0.0029280808995547506,14,48.0,1.0,0.053133999999999994,55.0,15.0,15.0,4.2,1.0,0,0,1,0,13.75,2.5675494733809265,17.272355774226938,0.1479043549521956,4.02535169073515,171809.5344827586,0.25862068,0.55172414
M0061,Warung Makmur,F&B,warung,retailer,Bandung,Dago,Ya,"EDC, QRIS",2019-10-09,aktif,42658759.0,6.0,0.341632,0.002061374882498543,0.011038160641964128,0,39.0,0.5,0.05693866666666667,50.0,17.0,37.0,4.2,1.0,0,0,1,0,7.142857142857143,3.0733296318726446,17.5687432035433,0.2938867833592802,3.9318256327243257,220752.29411764705,0.3529412,0.5686275
M0425,PT Distribusi Sentosa,Grocery,toko_kelontong,supplier,Jakarta,Pluit,Tidak,,,,493138566.0,2.0,0.107931,0.0013041310425121208,0.0031595099740900057,12,67.0,1.0,0.0539655,75.0,4.0,85.0,4.3,1.0,1,0,1,0,25.0,2.6420037293648067,20.01630076148,0.10249431201773204,4.330733340286331,477701.4,0.15,0.2375
M0613,Auto Buana,Automotive,bengkel,retailer,Jakarta,Sudirman,Tidak,,,,84475470.0,3.0,0.19115,0.001357206000652076,0.001328201645158856,3,31.0,1.0,0.06371666666666667,39.0,2.0,40.0,3.3,1.0,0,0,1,0,9.75,2.6791059970709132,18.25197176616317,0.1749192270271926,3.6888794541139363,172026.875,0.35,0.6
M0455,Mart Citra,Grocery,supermarket,retailer,Bandung,Buah Batu,Tidak,,,,40741921.0,2.0,0.101546,0.0007044385205628616,0.001896712197821548,5,38.0,0.0,0.050773,43.0,5.0,19.0,4.4,1.0,0,1,1,0,14.333333333333334,2.0849743580871434,17.522768144871527,0.09671464762296465,3.784189633918261,207252.97674418605,0.39534885,0.41860464
M0351,Swalayan Prima,Grocery,minimarket,retailer,Jakarta,Thamrin,Tidak,,,,86860749.0,3.0,0.169628,0.0011097745835721793,0.0025255955525369154,11,31.0,0.6666666666666666,0.056542666666666665,52.0,16.0,11.0,3.8,1.0,0,0,1,0,13.0,2.49301914067926,18.27981681961806,0.1566857495353059,3.970291913552122,232036.24074074073,0.2962963,0.5
M0639,Motor Sejahtera,Automotive,bengkel,retailer,Bogor,Dramaga,Ya,"EDC, QRIS",2022-04-29,aktif,20563643.0,5.0,0.266611,0.0015913149940546818,0.0112293411817976,9,62.0,1.0,0.05332220000000001,50.0,12.0,6.0,0.0,5.0,0,1,0,0,8.333333333333334,2.8280914223547726,16.83903522020064,0.23634482973009543,3.9318256327243257,210434.07692307694,0.28846154,0.44230768
M0064,Bakery Harmoni,F&B,catering,retailer,Bekasi,Summarecon,Tidak,,,,22374087.0,4.0,0.209945,0.0015428914074841701,0.010102382210147661,0,39.0,0.75,0.05248625,54.0,13.0,25.0,0.0,5.0,0,0,0,0,10.8,2.7990428358199333,16.923414061517956,0.19057490403010602,4.007333185232471,149196.60714285713,0.39285713,0.4642857
M0180,RM Indonesia,F&B,catering,retailer,Jakarta,Menteng,Ya,"EDC, QRIS",2021-12-08,aktif,759485850.0,2.0,0.110345,0.0007998768557021935,0.0003722989459914975,6,29.0,1.0,0.0551725,66.0,1.0,30.0,3.4,1.0,0,1,1,0,22.0,2.197087740976989,20.44815225046515,0.10467077784337964,4.204692619390966,116835.26086956522,0.28985506,0.5652174
M0387,Mart Pratama,Grocery,distributor,retailer,Jakarta,Kemang,Tidak,,,,89306102.0,2.0,0.110426,0.0007990985057803749,0.00044273388171961865,9,62.0,0.0,0.055213,44.0,15.0,42.0,4.3,1.0,0,1,1,0,14.666666666666666,2.196222415095321,18.307580386176646,0.10474372548186728,3.8066624897703196,194118.95555555556,0.33333334,0.4888889
M0468,PT Distribusi Persada,Grocery,supermarket,supplier,Bandung,Cihampelas,Tidak,,,,539420605.0,2.0,0.11412800000000001,0.0007734133573354389,0.0002062737403466405,11,31.0,1.0,0.057064000000000004,92.0,19.0,84.0,4.2,1.0,0,1,1,0,30.666666666666668,2.1672387484378826,20.106006169645838,0.108072036161181,4.532599493153256,442698.21276595746,0.15957446,0.23404256
M0457,Toko Abadi,Grocery,supermarket,retailer,Bogor,Tanah Sareal,Ya,EDC,2019-09-20,aktif,59630197.0,5.0,0.295445,0.0016326926858425091,0.003561995321107841,8,53.0,0.4,0.059089,58.0,3.0,39.0,0.0,1.0,0,0,0,0,9.666666666666666,2.852261757271176,17.903672681570047,0.25885426546808943,4.07753744390572,138669.0,0.37931034,0.3448276
M0670,Toko Sparepart Pak Haji,Automotive,dealer,retailer,Depok,Sawangan,Ya,QRIS,2021-06-29,aktif,175360807.0,2.0,0.113951,0.0008896435927069296,0.0012326113752421201,6,29.0,1.0,0.0569755,51.0,2.0,4.0,0.0,1.0,0,1,0,0,17.0,2.2921746849555973,18.982356169377542,0.10791315490035286,3.9512437185814275,174154.8620689655,0.20689656,0.6034483
M0215,Fashion Maju,Fashion,accessories,retailer,Jakarta,Cempaka Putih,Tidak,,,,49439372.0,4.0,0.223054,0.0015043604845893983,0.006188212210399215,12,67.0,0.25,0.0557635,51.0,14.0,30.0,4.3,1.0,0,0,1,0,10.2,2.775310318203724,17.716257688994457,0.20135100945064827,3.9512437185814275,131415.46153846153,0.30769232,0.44230768
M0465,CV Grosir Mas Bro,Grocery,supermarket,supplier,Bandung,Setiabudhi,Tidak,,,,268977303.0,1.0,0.058419,0.0003836865964603429,0.0,16,46.0,1.0,0.058419,55.0,11.0,7.0,3.6,3.0,0,0,1,0,27.5,1.5762669830172582,19.410137562259404,0.05677628528257486,4.02535169073515,491290.6666666667,0.0877193,0.42105263
M0504,PT Elektronik Kang Asep,Electronics,service,supplier,Bandung,Setiabudhi,Tidak,,,,461676685.0,10.0,0.550512,0.002659085541071853,0.027026891052247627,16,46.0,0.8,0.05505120000000001,104.0,12.0,52.0,0.0,1.0,0,0,0,1,9.454545454545455,3.317484392124014,19.95037539020918,0.43858519896730797,4.653960350157523,481690.09345794393,0.12149533,0.27102804
M0066,Dapur Jaya,F&B,bakery,retailer,Depok,Margonda,Ya,"EDC, QRIS",2024-09-03,aktif,222539690.0,5.0,0.262751,0.0016573412562659398,0.007722687595904712,8,53.0,0.8,0.052550200000000005,52.0,4.0,11.0,4.0,1.0,0,0,1,0,8.666666666666666,2.866387110013289,19.22061603017844,0.23329267428810294,3.970291913552122,185374.63461538462,0.44230768,0.48076922
M0521,Gadget Sejahtera,Electronics,service,retailer,Tangerang,BSD,Ya,EDC,2025-01-20,aktif,14614653.0,6.0,0.333718,0.0022172573047252206,0.009131386310467135,4,22.0,0.8333333333333334,0.05561966666666666,55.0,17.0,50.0,3.6,1.0,1,0,1,0,7.857142857142857,3.1429693830879315,16.497535281940024,0.28797053084365837,4.02535169073515,153818.08474576272,0.44067797,0.47457626
M0413,UD Sembako Maju,Grocery,supermarket,supplier,Bogor,Dramaga,Ya,QRIS,2021-02-04,aktif,86245519.0,4.0,0.221038,0.0015760234054621404,0.008240887480190175,8,53.0,0.25,0.0552595,59.0,3.0,34.0,3.4,2.0,0,1,1,0,11.8,2.8190090600293023,18.272708670497725,0.1997013166754093,4.0943445622221,437146.77419354836,0.16129032,0.30645162
M0464,PT Distribusi Kang Asep,Grocery,toko_kelontong,supplier,Bandung,Cihampelas,Tidak,,,,349209968.0,2.0,0.106075,0.0008906971972823788,0.0012074560410535054,7,40.0,1.0,0.0530375,61.0,20.0,30.0,0.0,1.0,0,1,0,0,20.333333333333332,2.293238748959314,19.671183929632196,0.10081771273591829,4.127134385045092,496228.55384615384,0.15384616,0.2
M0272,UD Kain Utama,Fashion,textile,supplier,Tangerang,Cipondoh,Ya,EDC,2025-03-22,aktif,93298097.0,6.0,0.32249,0.0016892963407323758,0.013518476592961537,13,36.0,1.0,0.05374833333333334,75.0,11.0,6.0,0.0,2.0,0,0,0,0,10.714285714285714,2.8844075298242915,18.351310279757687,0.2795163232850566,4.330733340286331,454815.28205128206,0.17948718,0.21794872
M0161,CV Bahan Nusantara,F&B,bakery,supplier,Jakarta,Kemang,Ya,EDC,2020-01-11,aktif,134928378.0,6.0,0.325559,0.0016432810814077919,0.009986667672880034,10,29.0,0.8333333333333334,0.054259833333333334,104.0,6.0,30.0,3.4,1.0,0,1,1,0,14.857142857142858,2.8583541095297567,18.720254669698104,0.2818342572614279,4.653960350157523,492966.4903846154,0.086538464,0.28846154
M0471,Minimarket Persada,Grocery,distributor,retailer,Bekasi,Harapan Indah,Ya,"EDC, QRIS",2023-06-18,aktif,51261650.0,6.0,0.336564,0.002322293597820477,0.011908535204890196,10,29.0,0.6666666666666666,0.056094000000000005,56.0,11.0,8.0,3.3,1.0,0,1,1,0,8.0,3.1872999520088316,17.752453486731113,0.2901021417204343,4.04305126783455,152013.1403508772,0.40350878,0.47368422
M0434,Minimarket Bu Tini,Grocery,distributor,retailer,Depok,Sawangan,Ya,QRIS,2020-12-20,aktif,125245708.0,3.0,0.15152500000000002,0.0010755509202299233,0.004034915603853797,7,40.0,0.3333333333333333,0.05050833333333334,55.0,15.0,15.0,0.0,1.0,1,1,0,0,13.75,2.4643219989865677,18.64578803786134,0.14108715085491094,4.02535169073515,146894.5,0.375,0.42857143
M0678,Bengkel Harmoni,Automotive,dealer,retailer,Bandung,Setiabudhi,Ya,"EDC, QRIS",2021-07-14,aktif,317835146.0,6.0,0.327476,0.0020045404722966106,0.007913868135738184,1,28.0,0.3333333333333333,0.054579333333333334,46.0,2.0,9.0,4.2,1.0,0,0,1,0,6.571428571428571,3.0466822333498556,19.577043400665403,0.28327939487448284,3.8501476017100584,110603.3829787234,0.34042552,0.4893617
M0093,Kedai Prima,F&B,catering,retailer,Bogor,Tanah Sareal,Ya,EDC,2019-10-13,aktif,34905403.0,3.0,0.160346,0.0015436568577535494,0.0039192010665861695,8,53.0,0.3333333333333333,0.053448666666666665,48.0,11.0,30.0,0.0,3.0,0,1,0,0,12.0,2.799508643847958,17.368152217592684,0.14871823650494104,3.8918202981106265,143785.85714285713,0.3265306,0.48979592
M0584,Toko IT Mulia,Electronics,service,retailer,Jakarta,Kemang,Tidak,,,,506798259.0,3.0,0.16720300000000002,0.0012482337650314118,0.0029985158352828717,5,38.0,1.0,0.05573433333333334,53.0,16.0,26.0,3.1,1.0,0,0,1,0,13.25,2.60138050664472,20.04362357309834,0.1546102884767341,3.9889840465642745,320804.63157894736,0.24561404,0.47368422
M0220,UD Kain Sukses,Fashion,accessories,supplier,Tangerang,Karawaci,Tidak,,,,314187126.0,2.0,0.11527799999999999,0.001209593316631347,0.0031595099740900057,3,31.0,1.0,0.057638999999999996,20.0,14.0,81.0,4.9,1.0,0,0,1,0,6.666666666666667,2.5723017366893997,19.565499312227185,0.1091037011894428,3.044522437723423,446050.75,0.15,0.15
M0358,Swalayan Barokah,Grocery,supermarket,retailer,Bogor,Sentul,Ya,QRIS,2021-03-26,aktif,50637715.0,2.0,0.105368,0.0008892124620147525,0.0003119261439388222,6,29.0,1.0,0.052684,46.0,13.0,8.0,3.5,1.0,0,0,1,0,15.333333333333334,2.2917389476537657,17.740207232097415,0.1001783112011854,3.8501476017100584,186994.65217391305,0.45652175,0.4347826
M0415,Mart Barokah,Grocery,toko_kelontong,retailer,Jakarta,Kelapa Gading,Ya,EDC,2019-10-26,aktif,88550415.0,2.0,0.11154900000000001,0.0008953681402001023,0.001388574447211531,0,39.0,1.0,0.055774500000000005,55.0,3.0,27.0,0.0,1.0,1,0,0,0,18.333333333333332,2.2979424728918803,18.299082620092868,0.10575453802081847,4.02535169073515,104408.14545454546,0.38181818,0.4181818
M0031,CV Bahan Sukses,F&B,warung,supplier,Bekasi,Summarecon,Ya,"EDC, QRIS",2021-09-27,aktif,181839449.0,2.0,0.10208400000000001,0.0007508389787421338,0.0014036676477247,9,62.0,1.0,0.051042000000000004,53.0,6.0,60.0,5.0,1.0,0,1,1,0,17.666666666666668,2.1410527105129677,19.018634712866945,0.09720293287111366,3.9889840465642745,375861.25925925927,0.12962963,0.2777778
M0684,Bengkel Mbak Sri,Automotive,bengkel,retailer,Jakarta,Menteng,Tidak,,,,101995280.0,5.0,0.272041,0.0018173421234081645,0.0061932432772369385,8,53.0,0.6,0.0544082,64.0,18.0,48.0,4.2,1.0,0,0,1,0,10.666666666666666,2.953525009265552,18.44043710547242,0.24062269710287046,4.174387269895637,782507.0882352941,0.30882353,0.5588235
M0037,Kafe Mulia,F&B,restaurant,retailer,Jakarta,Cempaka Putih,Ya,EDC,2025-12-17,aktif,79238847.0,5.0,0.291022,0.001899184759714847,0.0041657233416345935,1,28.0,0.6,0.0582044,48.0,16.0,1.0,0.0,1.0,0,1,0,0,8.0,2.9953245703117415,18.18797724157688,0.2554341527727553,3.8918202981106265,165494.22,0.3,0.5
M0443,PT Distribusi Pak Haji,Grocery,supermarket,supplier,Jakarta,Senayan,Ya,EDC,2021-05-16,aktif,56291061.0,3.0,0.164971,0.0013192283180464414,0.002369632480567504,2,31.0,1.0,0.054990333333333336,56.0,11.0,76.0,3.9,1.0,0,0,1,0,14.0,2.652698378895805,17.846046323846,0.15269619400397275,4.04305126783455,464234.6379310345,0.0862069,0.29310346
M0108,Dapur Surya,F&B,cafe,retailer,Bogor,Bogor Tengah,Tidak,,,,76831097.0,6.0,0.311521,0.00185823916562814,0.017694262068271578,7,40.0,0.5,0.05192016666666668,51.0,15.0,31.0,0.0,1.0,1,0,0,0,7.285714285714286,2.9746307775633127,18.15712003803416,0.27118753239636867,3.9512437185814275,159418.0185185185,0.4074074,0.537037
M0187,PT Distributor Maju,F&B,warung,supplier,Bandung,Dago,Ya,EDC,2024-08-20,aktif,429696670.0,2.0,0.10323,0.0008170963489558861,0.0007798153598470556,3,31.0,1.0,0.051615,29.0,18.0,48.0,3.2,1.0,0,1,1,0,9.666666666666666,2.2160423504936304,19.878590101449678,0.09824224074577945,3.4011973816621555,489021.275862069,0.06896552,0.3448276
M0526,Komputer Maju,Electronics,accessories,retailer,Tangerang,Gading Serpong,Ya,"EDC, QRIS",2020-11-24,aktif,12937053.0,2.0,0.112112,0.0007995686408956426,0.0005986969536890298,13,36.0,0.5,0.056056,57.0,9.0,34.0,0.0,1.0,0,0,0,0,19.0,2.196745174547333,16.375606154965688,0.10626091018099039,4.060443010546419,203635.3606557377,0.37704918,0.4918033
M0541,Gadget Maju,Electronics,computer,retailer,Bandung,Setiabudhi,Ya,"EDC, QRIS",2025-12-02,aktif,139297556.0,5.0,0.298946,0.0020924270083999353,0.004925414434130758,14,48.0,0.4,0.05978920000000001,52.0,11.0,30.0,3.7,5.0,0,0,1,0,8.666666666666666,3.0875942462103145,18.752122900907803,0.2615531663855888,3.970291913552122,176450.41818181818,0.43636364,0.4
M0250,Fashion Barokah,Fashion,clothing,retailer,Depok,Margonda,Ya,"EDC, QRIS",2025-10-14,tidak aktif,94535269.0,5.0,0.26677,0.0017688967359322538,0.00847231655472543,14,48.0,0.6,0.053354,50.0,13.0,30.0,4.5,1.0,0,1,1,0,8.333333333333334,2.927933368968503,18.364483550345135,0.23647035368421745,3.9318256327243257,598717.8679245283,0.33962265,0.4716981
M0173,Warung Buana,F&B,cafe,retailer,Tangerang,Cipondoh,Ya,EDC,2019-12-05,aktif,61258211.0,3.0,0.176714,0.001250872034453973,0.0025105023520237465,14,48.0,0.3333333333333333,0.05890466666666666,52.0,8.0,16.0,0.0,2.0,0,0,0,0,13.0,2.6033354283549333,17.930608471871455,0.16272580809692175,3.970291913552122,141390.0,0.4074074,0.44444445
M0226,PT Tekstil Indonesia,Fashion,textile,supplier,Bogor,Dramaga,Ya,"EDC, QRIS",2019-01-15,tidak aktif,703206028.0,7.0,0.384609,0.002188862564628241,0.019912962543707394,10,29.0,0.7142857142857143,0.054944142857142865,69.0,19.0,78.0,3.9,1.0,0,0,1,0,8.625,3.1306400904966516,20.37116047796174,0.3254177893128856,4.248495242049359,467546.8142857143,0.12857144,0.25714287
M0231,Fashion Purnama,Fashion,textile,retailer,Depok,Cimanggis,Ya,EDC,2021-09-14,aktif,34027175.0,3.0,0.156567,0.0011512469038058705,0.003446280783840213,2,31.0,0.3333333333333333,0.052189000000000006,52.0,8.0,42.0,0.0,1.0,0,1,0,0,13.0,2.5267256701574548,17.342670057432652,0.1454561344310822,3.970291913552122,167908.05660377358,0.35849056,0.5660377
M0011,Kafe Mulia,F&B,warung,retailer,Bogor,Dramaga,Ya,"EDC, QRIS",2025-07-18,aktif,43268008.0,2.0,0.113608,0.0008907186229235701,0.000915654164465575,4,22.0,1.0,0.056804,47.0,5.0,36.0,3.8,1.0,1,0,1,0,15.666666666666666,2.293260375556794,17.58292409773821,0.10760519448025999,3.871201010907891,209189.5918367347,0.36734694,0.48979592
M0257,Toko Baju Citra,Fashion,footwear,retailer,Bogor,Dramaga,Tidak,,,,205348693.0,4.0,0.208817,0.0012475334156233089,0.006147963675697431,16,46.0,0.25,0.05220425,64.0,18.0,16.0,0.0,1.0,0,1,0,0,12.8,2.6008609147238113,19.14022003847323,0.18964219541158558,4.174387269895637,176376.63636363635,0.27272728,0.56060606
M0625,UD Oli Indonesia,Automotive,accessories,supplier,Depok,Margonda,Tidak,,,,1052621231.0,4.0,0.253059,0.001537584148467751,0.002902925565366136,0,39.0,0.5,0.06326475,78.0,3.0,81.0,3.8,1.0,0,1,1,0,15.6,2.795807168578231,20.77454930168565,0.22558776179659473,4.3694478524670215,504667.2530120482,0.15662651,0.16867469
M0656,Toko Sparepart Persada,Automotive,sparepart,retailer,Bekasi,Jababeka,Ya,EDC,2019-12-24,aktif,69254355.0,6.0,0.339105,0.002051285845626241,0.008945236837471386,11,31.0,0.6666666666666666,0.0565175,46.0,1.0,26.0,3.2,2.0,1,0,1,0,6.571428571428571,3.06865082409552,18.053296603580517,0.29200148036350665,3.8501476017100584,369970.2340425532,0.40425533,0.4893617
M0214,PT Tekstil Kang Asep,Fashion,textile,supplier,Bekasi,Grand Galaxy,Ya,"EDC, QRIS",2020-10-27,aktif,495517387.0,4.0,0.243585,0.001491018658394615,0.0016803763237994616,3,31.0,1.0,0.06089625,61.0,8.0,33.0,4.2,5.0,0,1,1,0,12.2,2.7669595697445466,20.02111300294505,0.21799833737352642,4.127134385045092,474005.60294117645,0.11764706,0.30882353
M0671,Auto Utama,Automotive,sparepart,retailer,Depok,Cinere,Ya,QRIS,2019-11-15,aktif,201535615.0,1.0,0.057143,0.0006898234617662053,0.0,12,67.0,1.0,0.057143,37.0,12.0,11.0,4.4,1.0,0,1,1,0,18.5,2.0666392683819748,19.121476678074234,0.05556998628993677,3.6375861597263857,169172.2894736842,0.47368422,0.47368422
M0012,Resto Barokah,F&B,restaurant,retailer,Bekasi,Grand Galaxy,Ya,QRIS,2025-09-08,aktif,43178067.0,3.0,0.166558,0.0011470720651734056,0.0036726787915377455,13,36.0,1.0,0.05551933333333334,56.0,11.0,23.0,0.0,1.0,0,1,0,0,14.0,2.5233835488588516,17.580843239113396,0.15405753263205016,4.04305126783455,207462.73333333334,0.43333334,0.5
M0446,Toko Utama,Grocery,supermarket,retailer,Jakarta,Tebet,Ya,EDC,2019-08-18,aktif,119964364.0,5.0,0.296465,0.0018023016175673927,0.007476165320856288,6,29.0,0.6,0.059293,60.0,5.0,41.0,3.4,2.0,0,1,1,0,10.0,2.945649623707565,18.60270529831213,0.2596413298743805,4.110873864173311,175325.31147540984,0.22950819,0.52459013
M0677,Bengkel Bu Tini,Automotive,bengkel,retailer,Jakarta,Cempaka Putih,Ya,EDC,2022-03-26,aktif,24166591.0,3.0,0.161687,0.0010283993334033173,0.001730686992176691,1,28.0,0.6666666666666666,0.05389566666666667,56.0,5.0,43.0,4.2,3.0,0,0,1,0,14.0,2.4233852023945537,17.00048174149685,0.14987325897799209,4.04305126783455,1080386.051724138,0.3275862,0.5689655
M0516,Gadget Sukses,Electronics,accessories,retailer,Jakarta,Kemang,Ya,"EDC, QRIS",2025-03-17,aktif,129585584.0,3.0,0.161383,0.0012960854081626484,0.004507835886599754,0,39.0,0.3333333333333333,0.05379433333333333,67.0,13.0,13.0,4.8,1.0,0,0,1,0,16.75,2.6362572760950376,18.679852108844432,0.14961153634222538,4.219507705176107,162096.5945945946,0.33783785,0.5
M0546,Toko IT Indonesia,Electronics,service,retailer,Bandung,Setiabudhi,Ya,"EDC, QRIS",2024-02-06,aktif,32049568.0,4.0,0.236583,0.0017275218597779056,0.005795788997056826,7,40.0,0.5,0.05914575,49.0,15.0,48.0,3.4,2.0,0,1,1,0,9.8,2.9055459671390804,17.282794293502622,0.21235193067600933,3.912023005428146,137094.8,0.42,0.48
M0681,Toko Sparepart Buana,Automotive,sparepart,retailer,Jakarta,Cempaka Putih,Ya,"EDC, QRIS",2021-08-11,aktif,125712090.0,3.0,0.170585,0.0015125389640156157,0.005227278444394134,2,31.0,0.3333333333333333,0.05686166666666667,50.0,11.0,18.0,3.1,1.0,1,1,1,0,12.5,2.7803950261205124,18.649504858274277,0.15750362385131578,3.9318256327243257,153992.39215686274,0.39215687,0.4117647
M0390,PT Distribusi Utama,Grocery,minimarket,supplier,Tangerang,Alam Sutera,Tidak,,,,185483609.0,3.0,0.176233,0.00132883309091697,0.0016703141901240157,14,48.0,0.3333333333333333,0.058744333333333336,25.0,20.0,66.0,3.8,1.0,0,1,1,0,6.25,2.6594431838022454,19.03847708031301,0.16231695910312782,3.258096538021482,442397.68,0.08,0.32
M0098,Warung Sejahtera,F&B,cafe,retailer,Jakarta,Unknown,Ya,"EDC, QRIS",2019-11-03,aktif,83049696.0,5.0,0.279117,0.0019350171947810767,0.009287349382436546,7,40.0,1.0,0.0558234,52.0,15.0,44.0,4.4,3.0,1,1,1,0,8.666666666666666,3.0130893613767777,18.234949745612347,0.2461699961298408,3.970291913552122,163811.64285714287,0.32142857,0.51785713
M0642,Toko Sparepart Buana,Automotive,sparepart,retailer,Bekasi,Jababeka,Ya,EDC,2021-07-12,aktif,294891890.0,3.0,0.159162,0.0011479640061985619,0.004729202827459563,4,22.0,1.0,0.05305400000000001,61.0,13.0,42.0,4.0,2.0,0,1,1,0,15.25,2.524098521338317,19.502119375950677,0.14769733025858595,4.127134385045092,170029.203125,0.328125,0.484375
M0198,Warung Anugrah,F&B,bakery,retailer,Bogor,Cibinong,Ya,EDC,2021-03-26,aktif,75402621.0,8.0,0.483452,0.0027372870978701453,0.009101199909440796,1,28.0,0.375,0.0604315,52.0,14.0,46.0,3.2,1.0,0,1,1,1,5.777777777777778,3.345433441398942,18.138352606909372,0.3943718043102098,3.970291913552122,192395.0909090909,0.29090908,0.6181818
M0236,CV Konveksi Bu Tini,Fashion,footwear,supplier,Bandung,Cihampelas,Ya,EDC,2024-03-23,aktif,296686459.0,2.0,0.113608,0.0007312669369072713,0.002228762609111262,12,67.0,1.0,0.056804,60.0,11.0,90.0,0.0,2.0,0,0,0,0,20.0,2.117780781001193,19.508186448897852,0.10760519448025999,4.110873864173311,466384.79032258067,0.16129032,0.33870968
M0623,PT Otomotif Harmoni,Automotive,sparepart,supplier,Jakarta,Kelapa Gading,Ya,EDC,2019-01-30,aktif,1326247810.0,4.0,0.23006700000000002,0.0020687762984504024,0.005644856991925138,7,40.0,0.5,0.057516750000000005,33.0,2.0,11.0,4.7,3.0,1,0,1,0,6.6,3.0767481837201984,21.005619597372725,0.20706863944552087,3.5263605246161616,446462.73529411765,0.11764706,0.20588236
M0698,CV Sparepart Persada,Automotive,bengkel,supplier,Jakarta,Pluit,Ya,EDC,2021-05-09,aktif,108158590.0,2.0,0.108188,0.0008105983187548526,0.0009559026991673585,9,62.0,1.0,0.054094,57.0,1.0,44.0,4.1,1.0,1,1,1,0,19.0,2.20893169060609,18.499109143177034,0.10272624902215474,4.060443010546419,470546.8620689655,0.0862069,0.29310346
M0015,Dapur Kang Asep,F&B,warung,retailer,Depok,Sawangan,Ya,EDC,2025-01-18,aktif,13902426.0,3.0,0.155423,0.0010394043177867705,0.008381757351646417,3,31.0,0.6666666666666666,0.05180766666666667,49.0,2.0,27.0,4.5,2.0,0,0,1,0,12.25,2.433090690577766,16.447573987175907,0.14446651069277433,3.912023005428146,173988.81632653062,0.3877551,0.42857143
M0227,UD Kain Harmoni,Fashion,accessories,supplier,Depok,Cimanggis,Ya,QRIS,2021-02-11,aktif,309795826.0,30.0,2.270564,0.00702267745991665,0.023526526299901894,16,46.0,0.8,0.07568546666666666,391.0,3.0,15.0,3.7,1.0,0,0,1,1,12.612903225806452,4.2658687954708014,19.55142401587569,1.1849624471009235,5.971261839790462,451449.519630485,0.11778291,0.28637412
M0063,Kedai Bersama,F&B,cafe,retailer,Bandung,Braga,Tidak,,,,24259006.0,3.0,0.156914,0.001140792305023492,0.003129323573063668,1,28.0,0.3333333333333333,0.052304666666666666,46.0,5.0,25.0,4.3,3.0,0,0,1,0,11.5,2.51833522422984,17.00429852906785,0.14575611528469817,3.8501476017100584,143247.6739130435,0.3478261,0.54347825
M0430,CV Grosir Sentosa,Grocery,toko_kelontong,supplier,Jakarta,Senayan,Tidak,,,,72059909.0,4.0,0.25144299999999997,0.00175057712274812,0.003853797197695771,12,67.0,0.5,0.06286074999999999,65.0,18.0,33.0,0.0,1.0,0,0,0,0,13.0,2.918082641677651,18.093008414324242,0.2242972855068858,4.189654742026425,494902.8939393939,0.13636364,0.33333334
M0676,PT Otomotif Pak Haji,Automotive,bengkel,supplier,Bandung,Buah Batu,Ya,EDC,2023-10-04,aktif,157943297.0,8.0,0.445631,0.002440470806673747,0.017230146152491636,0,39.0,0.25,0.055703875,64.0,10.0,81.0,4.1,3.0,1,0,1,1,7.111111111111111,3.2349345138061807,18.877746653163044,0.3685459044489094,4.174387269895637,531818.0,0.15384616,0.23076923
M0416,Swalayan Purnama,Grocery,distributor,retailer,Bekasi,Summarecon,Ya,QRIS,2022-09-21,aktif,33476763.0,2.0,0.132234,0.0009263243696643684,9.559026991673584e-05,0,39.0,0.0,0.066117,72.0,20.0,32.0,3.6,5.0,0,0,1,0,24.0,2.328568939548155,17.326362144194945,0.12419267219956018,4.290459441148391,159909.13698630137,0.34246576,0.5205479
M0323,CV Konveksi Barokah,Fashion,clothing,supplier,Tangerang,Karawaci,Ya,QRIS,2024-11-23,aktif,152919692.0,2.0,0.103479,0.0008122789171673772,0.0018514325962820416,9,62.0,1.0,0.0517395,55.0,8.0,9.0,4.3,2.0,1,0,1,0,18.333333333333332,2.2107755875570962,18.845423459204806,0.0984679161756225,4.02535169073515,466011.75,0.071428575,0.30357143
M0142,Bakery Bersama,F&B,catering,retailer,Depok,Cimanggis,Ya,QRIS,2023-01-22,aktif,212920300.0,5.0,0.293339,0.0017362320012104554,0.007430885719316781,12,67.0,0.8,0.058667800000000006,61.0,10.0,46.0,4.3,1.0,0,1,1,0,10.166666666666666,2.9103007395243625,19.17642847994433,0.2572272464007729,4.127134385045092,200641.33333333334,0.34920636,0.42857143
M0025,CV Bahan Abadi,F&B,cafe,supplier,Jakarta,Menteng,Ya,EDC,2023-07-01,aktif,190372611.0,21.0,1.449167,0.004173996998755787,0.0008200638945488391,16,46.0,0.7619047619047619,0.06900795238095238,271.0,20.0,19.0,3.7,5.0,0,1,1,1,12.318181818181818,3.755134547681066,19.064493825437108,0.895747966743531,5.605802066295998,464598.05,0.18,0.27666667
M0450,PT Distribusi Kang Asep,Grocery,minimarket,supplier,Bekasi,Kemang Pratama,Ya,"EDC, QRIS",2023-11-03,aktif,126105470.0,2.0,0.107095,0.0008343966681182485,0.00026161547556159285,2,31.0,0.5,0.0535475,60.0,10.0,27.0,4.7,2.0,1,0,1,0,20.0,2.2347308602814064,18.652629186195423,0.10173946756922861,4.110873864173311,401691.6721311475,0.09836066,0.36065573
M0531,Toko IT Pratama,Electronics,service,retailer,Bogor,Tanah Sareal,Tidak,,,,116655209.0,3.0,0.15227200000000002,0.0011171236740405868,0.002485347017835132,12,67.0,0.6666666666666666,0.05075733333333334,57.0,3.0,4.0,0.0,1.0,0,1,0,0,14.25,2.4990755238909785,18.57473321895769,0.14173564551496906,4.060443010546419,155137.0,0.37288135,0.5254237
M0410,Mart Sukses,Grocery,minimarket,retailer,Bogor,Cibinong,Ya,EDC,2025-04-17,aktif,104322221.0,6.0,0.317979,0.0020030529341363494,0.010132568611174,9,62.0,0.5,0.0529965,54.0,17.0,26.0,3.0,1.0,0,1,1,0,7.714285714285714,3.045975160171177,18.462994955762404,0.27609950272121025,4.007333185232471,187114.19642857142,0.375,0.42857143
M0176,Bakery Barokah,F&B,restaurant,retailer,Bekasi,Grand Galaxy,Tidak,,,,138234893.0,4.0,0.223669,0.0016562744952736577,0.005207154177043242,14,48.0,0.75,0.05591725,60.0,2.0,34.0,5.0,1.0,0,0,1,0,12.0,2.8657798944834796,18.74446492657399,0.20185372268214355,4.110873864173311,174992.78461538462,0.35384616,0.52307695
M0348,PT Tekstil Pak Haji,Fashion,accessories,supplier,Depok,Cinere,Tidak,,,,95441970.0,2.0,0.11615,0.0009742571542495431,0.000573541619500415,3,31.0,0.5,0.058075,72.0,10.0,8.0,3.5,1.0,0,0,1,0,24.0,2.3742144964070366,18.37402898725905,0.10988526352924288,4.290459441148391,505333.97222222225,0.15277778,0.2777778
M0690,UD Oli Barokah,Automotive,accessories,supplier,Bekasi,Jababeka,Ya,EDC,2025-12-01,aktif,419851085.0,13.0,0.734785,0.0031269577000012927,0.028425527633134606,16,46.0,0.6923076923076923,0.05652192307692309,109.0,14.0,81.0,4.7,1.0,0,1,1,1,7.785714285714286,3.474124897828374,19.855410649228585,0.5508834864118334,4.700480365792417,478458.8956521739,0.13043478,0.29565218
M0119,UD Supplier Purnama,F&B,restaurant,supplier,Tangerang,Karawaci,Tidak,,,,734175201.0,8.0,0.46325,0.001758715030766657,0.0035670263879455637,16,46.0,0.875,0.05790625,98.0,5.0,78.0,4.4,2.0,0,0,1,1,10.88888888888889,2.922470498302862,20.4142582529186,0.38065998918919325,4.59511985013459,474143.6568627451,0.15686275,0.27450982
M0137,Dapur Abadi,F&B,restaurant,retailer,Bandung,Cihampelas,Ya,"EDC, QRIS",2019-12-01,aktif,32445490.0,5.0,0.262321,0.0017239082187493757,0.009830704600910622,8,53.0,0.8,0.0524642,53.0,11.0,2.0,0.0,2.0,0,0,0,0,8.833333333333334,2.903566664712053,17.29507203922541,0.23295208993711686,3.9889840465642745,173450.8,0.27272728,0.6
M0558,PT Elektronik Mas Bro,Electronics,accessories,supplier,Jakarta,Sudirman,Ya,"EDC, QRIS",2024-11-22,tidak aktif,208188286.0,5.0,0.282825,0.0018273678372460957,0.0063190199481800114,1,28.0,0.6,0.056565,62.0,11.0,96.0,0.0,1.0,0,1,0,0,10.333333333333334,2.958740350170478,19.1539534541572,0.24906467726560885,4.143134726391533,515947.12903225806,0.09677419,0.30645162
M0112,Bakery Nusantara,F&B,bakery,retailer,Bekasi,Kemang Pratama,Tidak,,,,64111705.0,0.0,0.0,0.0,0.0,-1,0.0,0.0,0.0,0.0,14.0,39.0,4.3,3.0,0,1,1,0,0.0,0.0,17.976137526122567,0.0,0.0,120224.18518518518,0.3888889,0.46296296
M0353,Minimarket Jaya,Grocery,distributor,retailer,Bekasi,Kemang Pratama,Tidak,,,,142078980.0,3.0,0.166236,0.0012646023033484343,0.008155359343948884,2,31.0,1.0,0.05541200000000001,53.0,10.0,28.0,3.4,1.0,1,0,1,0,13.25,2.613448126321189,18.771893665166647,0.15378146882011906,3.9889840465642745,170059.29090909092,0.29090908,0.54545456
M0147,UD Supplier Pak Haji,F&B,restaurant,supplier,Bandung,Cihampelas,Ya,EDC,2025-08-19,aktif,109391027.0,11.0,0.5963849999999999,0.0024056279681603115,0.014922144240686237,16,46.0,0.5454545454545454,0.05421681818181818,93.0,16.0,30.0,0.0,5.0,0,0,0,1,7.75,3.221124482006756,18.51043943362015,0.46774169800697973,4.543294782270004,460623.43,0.13,0.23
M0150,PT Distributor Mas Bro,F&B,warung,supplier,Depok,Cinere,Ya,QRIS,2022-11-07,aktif,373186084.0,2.0,0.112289,0.001000425885099692,0.0006439765552285362,10,29.0,0.0,0.0561445,84.0,19.0,27.0,4.5,1.0,0,0,1,0,28.0,2.398282366140522,19.73758774060461,0.10642005414862353,4.442651256490317,477803.55056179775,0.123595506,0.25842696
M0409,Toko Makmur,Grocery,distributor,retailer,Jakarta,Senayan,Ya,"EDC, QRIS",2021-12-29,tidak aktif,73167805.0,3.0,0.17761,0.0011933714877157865,0.0010565240359218173,6,29.0,0.6666666666666666,0.05920333333333333,54.0,14.0,34.0,0.0,5.0,0,0,0,0,13.5,2.5598374583371526,18.10826607344414,0.1634869608042453,4.007333185232471,166978.43636363637,0.29090908,0.6181818
M0224,Toko Baju Jaya,Fashion,textile,retailer,Depok,Cinere,Ya,QRIS,2019-10-10,aktif,15379649.0,3.0,0.171488,0.0013793469780631813,0.0017005005911503535,12,67.0,0.6666666666666666,0.05716266666666667,48.0,18.0,45.0,0.0,2.0,1,0,0,0,12.0,2.694185852360621,16.548555764955783,0.15827473563540165,3.8918202981106265,187408.33333333334,0.33333334,0.6041667
M0333,PT Tekstil Indonesia,Fashion,footwear,supplier,Tangerang,Karawaci,Tidak,,,,312665237.0,3.0,0.165041,0.0016905800722656695,0.003909138932910724,12,67.0,0.6666666666666666,0.05501366666666666,73.0,11.0,72.0,0.0,5.0,0,1,0,0,18.25,2.885124723067979,19.560643648995576,0.15275627953144733,4.30406509320417,474273.1898734177,0.18987341,0.2658228
M0683,Auto Prima,Automotive,accessories,retailer,Tangerang,Unknown,Ya,QRIS,2021-08-03,tidak aktif,40952841.0,4.0,0.220715,0.0014585069966834177,0.00604231127210525,9,62.0,1.0,0.05517875,53.0,8.0,28.0,4.9,1.0,0,0,1,0,10.6,2.746313402579398,17.527931767564567,0.19943675264957703,3.9889840465642745,161060.11111111112,0.24074075,0.5185185
M0130,Toko Grosir Pak Haji,F&B,cafe,supplier,Depok,Cinere,Ya,"EDC, QRIS",2023-08-31,aktif,196705742.0,11.0,0.604037,0.002774255339571353,0.02557794380298342,16,46.0,0.6363636363636364,0.05491245454545454,103.0,20.0,21.0,4.8,1.0,0,0,1,1,8.583333333333334,3.3583787213708667,19.097219479679385,0.4725235765099468,4.6443908991413725,446572.90566037735,0.13207547,0.2735849
M0627,CV Sparepart Sukses,Automotive,dealer,supplier,Bekasi,Jababeka,Ya,QRIS,2024-04-27,aktif,133327110.0,12.0,0.677825,0.003481042611789414,0.027142605589515256,13,36.0,0.6666666666666666,0.05648541666666667,114.0,15.0,90.0,4.9,1.0,0,0,1,1,8.76923076923077,3.578239083350159,18.708316147815186,0.5174983117839409,4.74493212836325,470411.7543859649,0.114035085,0.2982456
M0039,Bakery Nusantara,F&B,restaurant,retailer,Tangerang,Alam Sutera,Ya,QRIS,2021-06-30,aktif,19868230.0,4.0,0.22198400000000001,0.0018379697870710904,0.007068648907000729,8,53.0,0.5,0.055496000000000004,55.0,15.0,30.0,3.6,1.0,0,1,1,0,11.0,2.9642260165944996,16.80463258187825,0.2004757673739967,4.02535169073515,161040.60714285713,0.3392857,0.44642857
M0523,PT Elektronik Berkah,Electronics,service,supplier,Bekasi,Kemang Pratama,Ya,EDC,2022-10-08,aktif,173190203.0,3.0,0.189063,0.0012678508069365018,0.0010363997685709253,1,28.0,0.3333333333333333,0.063021,51.0,1.0,76.0,4.9,1.0,0,0,1,0,12.75,2.615825846990068,18.96990099360164,0.17316560200722286,3.9512437185814275,425202.57692307694,0.057692308,0.23076923
M0126,Resto Pak Haji,F&B,warung,retailer,Bekasi,Kemang Pratama,Ya,EDC,2024-02-20,tidak aktif,471490760.0,12.0,0.648309,0.00383999781353302,0.04300052826201796,9,62.0,0.6666666666666666,0.054025750000000004,69.0,20.0,32.0,0.0,2.0,0,0,0,1,5.3076923076923075,3.673765261362876,19.97141006493594,0.49974991391135193,4.248495242049359,191228.5652173913,0.39130434,0.36231884
M0704,pt distributor prima,F&B,bakery,supplier,Tangerang,Cipondoh,Ya,"EDC, QRIS",2022-11-19,aktif,444307840.0,25.0,1.593569,0.005216435258934703,0.035378462002867705,16,46.0,0.68,0.06374276,225.0,11.0,30.0,4.5,1.0,0,0,1,1,8.653846153846153,3.973388107644291,19.912028215736008,0.9530349194293852,5.420534999272286,489714.93032786885,0.12704918,0.25409836
M0280,Fashion Nusantara,Fashion,footwear,retailer,Bekasi,Harapan Indah,Tidak,,,,46418923.0,3.0,0.171401,0.0009282409959496197,0.0017508112595275827,11,31.0,1.0,0.057133666666666666,69.0,18.0,20.0,4.9,3.0,0,0,1,0,17.25,2.330434664409772,17.653217778877973,0.1582004683525385,4.248495242049359,196295.76388888888,0.29166666,0.4722222
M0693,Unknown_M0693,Automotive,dealer,retailer,Bogor,Dramaga,Ya,QRIS,2019-06-03,aktif,24817087.0,3.0,0.166786,0.0011408996307948663,0.00314944784041456,1,28.0,0.6666666666666666,0.05559533333333333,55.0,11.0,37.0,3.1,1.0,0,0,1,0,13.75,2.518421718262312,17.027043006119534,0.15425296031071703,4.02535169073515,161833.10714285713,0.35714287,0.4642857
M0581,PT Elektronik Prima,Electronics,service,supplier,Depok,Margonda,Ya,EDC,2021-03-12,aktif,385787449.0,10.0,0.532172,0.0030321684563496647,0.031474354136794704,5,38.0,0.9,0.0532172,85.0,12.0,22.0,4.0,1.0,0,1,1,1,7.7272727272727275,3.444310655228467,19.770797128098607,0.4266863365568918,4.454347296253507,456142.26136363635,0.125,0.2159091
M0252,Fashion Mulia,Fashion,clothing,retailer,Jakarta,Pluit,Ya,QRIS,2023-05-15,aktif,149989485.0,3.0,0.156405,0.0010719109101707534,0.004180816542147762,8,53.0,0.6666666666666666,0.052134999999999994,48.0,20.0,45.0,3.3,1.0,0,0,1,0,12.0,2.461220766046896,18.826075756270544,0.14531605491411015,3.8918202981106265,171804.1,0.26,0.42
M0253,Outlet Anugrah,Fashion,footwear,retailer,Jakarta,Kemang,Ya,QRIS,2024-01-13,aktif,443381254.0,1.0,0.056911,0.0008233330530324633,0.0,12,67.0,0.0,0.056911,55.0,18.0,36.0,3.6,2.0,0,1,1,0,27.5,2.2228198209501877,19.909940578655192,0.05535050277538951,4.02535169073515,123100.0701754386,0.2982456,0.50877196
M0174,PT Distributor Pratama,F&B,restaurant,supplier,Bogor,Unknown,Ya,"EDC, QRIS",2024-01-01,aktif,386607908.0,4.0,0.213563,0.0010866288469189886,0.0038437350640203255,10,29.0,0.75,0.05339075,85.0,1.0,15.0,3.7,2.0,0,0,1,0,17.0,2.4737014781081115,19.772921582366806,0.19356066078254483,4.454347296253507,463662.43333333335,0.12222222,0.26666668
M0688,PT Otomotif Indonesia,Automotive,dealer,supplier,Tangerang,BSD,Tidak,,,,218030027.0,2.0,0.109988,0.0008063695385961747,0.0016350967222599551,13,36.0,1.0,0.054994,49.0,17.0,8.0,3.7,3.0,0,0,1,0,16.333333333333332,2.2042769161399867,19.200143354386917,0.10434920445499472,3.912023005428146,444535.38,0.22,0.24
M0177,Dapur Nusantara,F&B,restaurant,retailer,Bandung,Buah Batu,Ya,EDC,2019-05-23,aktif,66432815.0,2.0,0.103571,0.0007856464459485226,0.0002716776092370387,0,39.0,1.0,0.0517855,61.0,11.0,36.0,0.0,1.0,0,1,0,0,20.333333333333332,2.181147639772437,18.0117017092292,0.09855128537890588,4.127134385045092,145994.6,0.32307693,0.52307695
M0651,Toko Sparepart Indonesia,Automotive,sparepart,retailer,Depok,Sawangan,Ya,QRIS,2025-06-11,aktif,346731230.0,4.0,0.216755,0.001337575805797547,0.006978089703921717,5,38.0,1.0,0.054188749999999994,59.0,9.0,39.0,4.8,2.0,1,0,1,0,11.8,2.66554331976086,19.664060487359688,0.19618747903056513,4.0943445622221,155302.60655737706,0.5081967,0.40983605
M0493,Toko IT Berkah,Electronics,gadget,retailer,Depok,Cimanggis,Ya,EDC,2023-09-18,aktif,70394907.0,3.0,0.16438,0.0014070602152629072,0.00378336226196765,12,67.0,0.3333333333333333,0.05479333333333334,65.0,8.0,12.0,3.9,2.0,0,0,1,0,16.25,2.7127459688825497,18.06963148896691,0.15218875651371772,4.189654742026425,137140.37878787878,0.37878788,0.4090909
M0046,Kedai Lestari,F&B,catering,retailer,Depok,Cinere,Ya,QRIS,2021-05-10,aktif,34350949.0,5.0,0.275695,0.0017385006305869544,0.006474983020149422,9,62.0,0.8,0.05513900000000001,44.0,2.0,41.0,4.7,3.0,0,1,1,0,7.333333333333333,2.9115354577430894,17.35214023272764,0.2434911281376356,3.8066624897703196,128833.02272727272,0.36363637,0.47727272
M0602,UD Oli Maju,Automotive,dealer,supplier,Depok,Cinere,Tidak,,,,140717900.0,4.0,0.22617400000000001,0.0013416166514556246,0.002485347017835132,11,31.0,1.0,0.0565435,98.0,5.0,30.0,0.0,2.0,1,1,0,0,19.6,2.6683502514760384,18.762267742136792,0.20389875240284241,4.59511985013459,493903.29411764705,0.16666667,0.19607843
M0380,Toko Harmoni,Grocery,toko_kelontong,retailer,Jakarta,Cempaka Putih,Tidak,,,,31722334.0,5.0,0.285863,0.0017067609706919948,0.007003245038110331,9,62.0,0.6,0.0571726,60.0,3.0,49.0,3.1,1.0,0,1,1,0,10.0,2.89412081621523,17.272531564884176,0.2514300882586996,4.110873864173311,440589.4375,0.359375,0.5
M0385,Mart Mulia,Grocery,minimarket,retailer,Depok,Cimanggis,Ya,QRIS,2025-06-09,aktif,33157536.0,4.0,0.222362,0.001191217255880535,0.0033205041128971397,0,39.0,0.75,0.0555905,54.0,8.0,49.0,4.1,1.0,0,1,1,0,10.8,2.558170475658038,17.31678060923632,0.2007850525594927,4.007333185232471,157374.94444444444,0.33333334,0.537037
M0089,Warung Barokah,F&B,cafe,retailer,Depok,Cimanggis,Ya,EDC,2023-12-16,aktif,40760165.0,2.0,0.103137,0.0008037961536283807,0.0012929841772947954,9,62.0,1.0,0.0515685,51.0,8.0,33.0,0.0,3.0,1,0,0,0,17.0,2.2014336552026266,17.52321583893072,0.09815793926732633,3.9512437185814275,165485.28301886792,0.3962264,0.509434
M0111,Kafe Maju,F&B,cafe,retailer,Depok,Cimanggis,Tidak,,,,69545840.5,3.0,0.15154600000000001,0.0014472306302628145,0.004050008804366966,13,36.0,0.3333333333333333,0.050515333333333336,51.0,9.0,34.0,0.0,1.0,1,1,0,0,12.75,2.739051735737581,18.057496683029246,0.14110538737475822,3.9512437185814275,132907.76363636364,0.36363637,0.5272727
M0447,Toko Karya,Grocery,minimarket,retailer,Bekasi,Grand Galaxy,Ya,EDC,2024-05-26,aktif,91325300.0,4.0,0.214237,0.001337200229622259,0.006696349961009232,3,31.0,0.75,0.05355925,67.0,12.0,10.0,4.8,1.0,1,0,1,0,13.4,2.6652820290218266,18.32993842656135,0.19411589598916432,4.219507705176107,190099.25714285715,0.25714287,0.51428574
M0230,Butik Bang Jali,Fashion,accessories,retailer,Bogor,Dramaga,Ya,QRIS,2023-10-16,aktif,121040768.0,2.0,0.11832800000000002,0.0010147045655867605,0.0005081377506100168,5,38.0,0.0,0.05916400000000001,55.0,7.0,14.0,3.0,3.0,0,1,1,0,18.333333333333332,2.4111744991977537,18.61163798069584,0.1118347127426734,4.02535169073515,184468.28070175438,0.31578946,0.49122807
M0336,Outlet Nusantara,Fashion,textile,retailer,Tangerang,Cipondoh,Ya,EDC,2020-02-20,aktif,57520292.0,5.0,0.256744,0.001838397457426095,0.00604231127210525,13,36.0,0.8,0.05134880000000001,53.0,4.0,30.0,4.1,1.0,0,0,1,0,8.833333333333334,2.964446671826455,17.86764836524448,0.22852424935993473,3.9889840465642745,168596.43636363637,0.4181818,0.4909091
M0179,PT Distributor Citra,F&B,bakery,supplier,Bogor,Bogor Tengah,Tidak,,,,238117434.0,3.0,0.16428,0.001467833632338471,0.005408396850552159,8,53.0,1.0,0.05476,39.0,11.0,26.0,3.9,1.0,0,0,1,0,9.75,2.75227990746811,19.28827453431172,0.15210287020995378,3.6888794541139363,492556.3333333333,0.1904762,0.2857143
M0417,Minimarket Sejahtera,Grocery,minimarket,retailer,Bekasi,Kemang Pratama,Tidak,,,,265211128.0,4.0,0.216897,0.0015979126607479819,0.005695167660302367,0,39.0,0.75,0.05422425,50.0,16.0,30.0,0.0,1.0,1,1,0,0,10.0,2.8319847430161165,19.396036779950546,0.1963041760769474,3.9318256327243257,205265.09433962265,0.3207547,0.5660377
M0330,Butik Pratama,Fashion,clothing,retailer,Bogor,Dramaga,Ya,EDC,2020-03-30,aktif,115584330.0,4.0,0.212727,0.0014511124029793496,0.008316353482756018,14,48.0,0.5,0.05318175,47.0,1.0,23.0,3.9,2.0,0,0,1,0,9.4,2.741557445858049,18.5655109600328,0.1928715428015256,3.871201010907891,158204.35416666666,0.375,0.5208333
M0667,Toko Sparepart Mandiri,Automotive,sparepart,retailer,Bekasi,Jababeka,Ya,"EDC, QRIS",2022-01-16,aktif,52196213.0,3.0,0.176791,0.001222200630481696,0.0015596307196941112,12,67.0,0.6666666666666666,0.058930333333333335,37.0,11.0,30.0,4.5,2.0,0,0,1,0,9.25,2.581882585754183,17.770520521486898,0.1627912424172461,3.6375861597263857,123871.97435897436,0.51282054,0.35897437
M0421,Toko Sentosa,Grocery,supermarket,retailer,Bekasi,Kemang Pratama,Tidak,,,,419541552.0,6.0,0.342664,0.0025124249699175457,0.007669861394108621,1,28.0,0.6666666666666666,0.05711066666666667,48.0,18.0,30.0,3.1,1.0,0,1,1,0,6.857142857142857,3.2628639902237717,19.854673132601327,0.2946557000889151,3.8918202981106265,187116.88235294117,0.39215687,0.4509804
M0223,Outlet Bu Tini,Fashion,clothing,retailer,Tangerang,Alam Sutera,Ya,"EDC, QRIS",2019-03-31,aktif,121768732.0,8.0,0.456512,0.002705667045174924,0.01819736875204387,9,62.0,0.625,0.057064000000000004,52.0,14.0,46.0,4.3,5.0,0,0,1,1,5.777777777777778,3.334226409463857,18.617634172567435,0.3760445363123517,3.970291913552122,139467.21153846153,0.32692307,0.5576923
M0587,Digital Bu Tini,Electronics,service,retailer,Jakarta,Kelapa Gading,Tidak,,,,43426273.0,8.0,0.480663,0.0031772125493185516,0.018187306618368426,7,40.0,0.75,0.06008287500000001,48.0,15.0,36.0,4.8,1.0,0,0,1,1,5.333333333333333,3.489578321552888,17.58657520760007,0.3924899604390607,3.8918202981106265,152853.85416666666,0.39583334,0.375
M0281,Fashion Kang Asep,Fashion,clothing,retailer,Bandung,Buah Batu,Ya,"EDC, QRIS",2019-08-31,aktif,72722807.0,2.0,0.11511199999999999,0.0012205056916486095,0.0018363393957688727,12,67.0,0.5,0.057555999999999996,43.0,17.0,30.0,0.0,1.0,1,1,0,0,14.333333333333334,2.580599855962154,18.10216562094939,0.10895484829796957,3.784189633918261,136546.56818181818,0.36363637,0.4090909
M0363,Mart Bu Tini,Grocery,toko_kelontong,retailer,Tangerang,Unknown,Ya,QRIS,2025-07-22,aktif,59537437.0,2.0,0.10921,0.0009096143401254686,0.0016049103212336176,11,31.0,0.5,0.054605,42.0,11.0,9.0,4.7,3.0,0,1,1,0,14.0,2.3121535094672683,17.902115882730225,0.10364805022551796,3.7612001156935624,1059848.558139535,0.37209302,0.41860464
M0509,Digital Anugrah,Electronics,gadget,retailer,Bandung,Buah Batu,Tidak,,,,68590833.0,7.0,0.397362,0.00232833669370652,0.011425552788468794,1,28.0,0.5714285714285714,0.056766000000000004,53.0,13.0,13.0,0.0,1.0,1,1,0,0,6.625,3.189791627790892,18.043669468608464,0.3345861734073717,3.9889840465642745,151062.7962962963,0.2037037,0.537037
M0044,RM Maju,F&B,bakery,retailer,Bekasi,Kemang Pratama,Ya,"EDC, QRIS",2025-12-27,aktif,50073709.0,3.0,0.176594,0.001216633444087837,0.0006389454883908133,1,28.0,1.0,0.05886466666666667,76.0,8.0,17.0,3.6,2.0,0,0,1,0,19.0,2.577663150582274,17.729006677826362,0.16262382399615466,4.343805421853684,224049.25,0.27631578,0.5131579
M0394,PT Distribusi Nusantara,Grocery,distributor,supplier,Bekasi,Summarecon,Tidak,,,,1273668317.0,3.0,0.156642,0.0010079413876482699,0.003390939048625261,8,53.0,0.6666666666666666,0.052214,53.0,17.0,34.0,0.0,1.0,1,1,0,0,13.25,2.4050887806855106,20.96516701326146,0.1455209794148483,3.9889840465642745,460844.67272727273,0.09090909,0.27272728
M0381,PT Distribusi Mandiri,Grocery,minimarket,supplier,Jakarta,Pluit,Ya,QRIS,2023-04-07,aktif,150311824.0,1.0,0.083333,0.000706014972798797,0.0,7,40.0,0.0,0.083333,43.0,6.0,33.0,4.7,2.0,1,0,1,0,21.5,2.086932133019438,18.828222527609782,0.0800423999811814,3.784189633918261,499959.347826087,0.08695652,0.2826087
M0278,Butik Sukses,Fashion,footwear,retailer,Tangerang,BSD,Tidak,,,,38255764.0,2.0,0.107624,0.0010323242919445137,0.0009106230976278519,2,31.0,0.0,0.053812,55.0,3.0,14.0,0.0,1.0,0,1,0,0,18.333333333333332,2.4268575087311275,17.459804825834105,0.10221718055228447,4.02535169073515,203119.77966101695,0.37288135,0.40677965
M0561,Komputer Lestari,Electronics,accessories,retailer,Bandung,Dago,Tidak,,,,85224317.0,2.0,0.1,0.0008315342082763112,0.0022036072749226474,14,48.0,1.0,0.05,52.0,8.0,45.0,0.0,1.0,1,0,0,0,17.333333333333332,2.2316627272400216,18.260797373609492,0.09531017980432487,3.970291913552122,158211.11320754717,0.33962265,0.5660377
M0286,Fashion Karya,Fashion,footwear,retailer,Tangerang,Gading Serpong,Ya,QRIS,2022-11-08,aktif,11331771.0,3.0,0.161029,0.0012646050546199442,0.002455160616808794,3,31.0,0.3333333333333333,0.05367633333333333,51.0,2.0,3.0,0.0,1.0,0,0,0,0,12.75,2.6134501424900973,16.243121019716014,0.14930668087063667,3.9512437185814275,151785.12962962964,0.35185185,0.42592594
M0050,Kafe Mas Bro,F&B,warung,retailer,Jakarta,Menteng,Tidak,,,,13433523.0,2.0,0.11874599999999999,0.000976673672601209,0.00033708147812743693,5,38.0,1.0,0.059372999999999995,45.0,8.0,30.0,0.0,1.0,0,1,0,0,15.0,2.3764614485992768,16.413263931696463,0.11220841518154183,3.828641396489095,130016.14583333333,0.33333334,0.47916666
M0080,Dapur Berkah,F&B,warung,retailer,Bekasi,Kemang Pratama,Ya,"EDC, QRIS",2025-08-07,aktif,10975630.0,5.0,0.269951,0.001902906208795073,0.006407063617840163,7,40.0,0.6,0.0539902,48.0,12.0,21.0,4.6,1.0,0,1,1,0,8.0,2.9971843232169686,16.211188009578013,0.2389783170490039,3.8918202981106265,158658.91666666666,0.375,0.5
M0482,Minimarket Purnama,Grocery,supermarket,retailer,Tangerang,Gading Serpong,Ya,QRIS,2021-10-27,aktif,27785187.0,2.0,0.109844,0.0008800410064197883,0.0007999396271979473,9,62.0,0.5,0.054922,50.0,7.0,26.0,4.6,5.0,1,0,1,0,16.666666666666668,2.2824242280866187,17.140013630914044,0.10421946490695505,3.9318256327243257,143749.9411764706,0.33333334,0.4117647
M0260,Butik Makmur,Fashion,textile,retailer,Bekasi,Kemang Pratama,Tidak,,,,131849364.0,2.0,0.108128,0.0009474378151358932,0.0013684501798606394,9,62.0,1.0,0.054064,44.0,15.0,47.0,3.9,2.0,0,0,1,0,14.666666666666666,2.348932099020628,18.697170654673094,0.10267210511847434,3.8066624897703196,134063.68181818182,0.38636363,0.4318182
M0076,Resto Maju,F&B,bakery,retailer,Depok,Sawangan,Ya,QRIS,2024-12-27,aktif,137579467.0,4.0,0.231316,0.0015532851858340274,0.004055039871204689,3,31.0,0.75,0.057829,48.0,6.0,46.0,3.8,1.0,0,1,1,0,9.6,2.8053494231673795,18.739712257213554,0.20808351612842896,3.8918202981106265,166440.6326530612,0.3265306,0.5714286
M0315,Fashion Purnama,Fashion,clothing,retailer,Tangerang,Cipondoh,Ya,"EDC, QRIS",2024-01-26,aktif,212601680.0,2.0,0.10639499999999999,0.000873903711084289,0.0009559026991673585,14,48.0,0.5,0.053197499999999995,45.0,13.0,7.0,3.6,2.0,0,0,1,0,15.0,2.2761422535111686,19.174930930708218,0.10110698219695628,3.828641396489095,179893.58695652173,0.45652175,0.41304347
M0306,Outlet Berkah,Fashion,footwear,retailer,Jakarta,Senayan,Ya,"EDC, QRIS",2022-01-16,aktif,72972604.0,1.0,0.053763,0.0004961632848836839,0.0,1,28.0,1.0,0.053763,46.0,14.0,39.0,0.0,1.0,0,1,0,0,23.0,1.7853444114805435,18.105594654707165,0.05236756714988153,3.8501476017100584,199114.8085106383,0.29787233,0.4893617
M0261,Toko Baju Purnama,Fashion,textile,retailer,Tangerang,Gading Serpong,Ya,QRIS,2020-09-23,aktif,28509917.0,1.0,0.054348,0.0006204914431669968,0.0,8,53.0,1.0,0.054348,42.0,1.0,4.0,3.1,2.0,0,0,1,0,21.0,1.974763353138071,17.165762584700925,0.05292256640278252,3.7612001156935624,122643.72727272728,0.38636363,0.3181818
M0303,Toko Baju Buana,Fashion,textile,retailer,Depok,Margonda,Ya,QRIS,2024-07-25,aktif,128644615.0,7.0,0.369201,0.0021600311963019324,0.021121676351470327,8,53.0,0.7142857142857143,0.052743,65.0,11.0,12.0,4.0,1.0,0,0,1,0,8.125,3.117963709856392,18.672564245835726,0.3142273580271176,4.189654742026425,228644.20588235295,0.27941176,0.3970588
M0586,Gadget Karya,Electronics,computer,retailer,Bandung,Setiabudhi,Ya,QRIS,2020-08-12,aktif,82095891.0,0.0,0.0,0.0,0.0,-1,0.0,0.0,0.0,0.0,13.0,27.0,3.9,1.0,0,1,1,0,0.0,0.0,18.223398536629983,0.0,0.0,143571.83333333334,0.46666667,0.43333334
M0242,PT Tekstil Bang Jali,Fashion,footwear,supplier,Tangerang,BSD,Ya,QRIS,2021-01-04,aktif,268459560.0,25.0,1.965045,0.005978274268623409,0.01097275677307373,16,46.0,0.76,0.0786018,361.0,13.0,70.0,3.1,1.0,0,0,1,1,13.884615384615385,4.107305911285198,19.408210849769503,1.0868922094002855,5.8916442118257715,466372.5591939547,0.14105794,0.26700252
M0060,Dapur Harmoni,F&B,bakery,retailer,Bandung,Cihampelas,Tidak,,,,157981834.0,5.0,0.267367,0.0021293974104527953,0.00785852640052323,8,53.0,0.2,0.053473400000000004,56.0,2.0,4.0,3.7,2.0,0,1,1,0,9.333333333333334,3.1043164224223037,18.877990616027443,0.23694152001109275,4.04305126783455,132725.37288135593,0.3898305,0.47457626
M0648,CV Sparepart Buana,Automotive,dealer,supplier,Depok,Sawangan,Ya,"EDC, QRIS",2024-02-19,aktif,281759409.0,8.0,0.432193,0.0024570072592005883,0.01779991447186376,12,67.0,0.75,0.054024125000000006,50.0,19.0,83.0,3.4,3.0,1,1,1,1,5.555555555555555,3.2414226282511924,19.456564108729285,0.35920683599322534,3.9318256327243257,405368.92452830187,0.1509434,0.1509434
M0576,Digital Makmur,Electronics,gadget,retailer,Bandung,Setiabudhi,Ya,EDC,2020-11-30,aktif,8975221.0,1.0,0.055172,0.00046153846717569575,0.0,0,39.0,1.0,0.055172,61.0,11.0,17.0,4.6,2.0,0,1,1,0,30.5,1.7255100937257646,16.009978227408748,0.05370378681492142,4.127134385045092,171991.16129032258,0.38709676,0.43548387
M0655,UD Oli Bersama,Automotive,dealer,supplier,Jakarta,Kelapa Gading,Ya,EDC,2024-01-01,aktif,2305786898.0,7.0,0.374119,0.001997209239930845,0.012054436143184162,7,40.0,1.0,0.053445571428571426,96.0,2.0,92.0,4.5,2.0,0,1,1,0,12.0,3.043192620542105,21.558687842987943,0.3178127984923666,4.574710978503383,561032.3131313132,0.18181819,0.23232323
M0309,CV Konveksi Mbak Sri,Fashion,accessories,supplier,Bogor,Tanah Sareal,Tidak,,,,455851613.0,8.0,0.459287,0.0017935238964581395,0.011108595577692249,16,46.0,0.75,0.057410875,121.0,14.0,87.0,3.6,1.0,0,0,1,1,13.444444444444445,2.9410246815319208,19.937677906627286,0.3779479602711527,4.804021044733257,457760.6666666667,0.15873016,0.26190478
M0204,Kedai Sukses,F&B,warung,retailer,Depok,Cinere,Ya,"EDC, QRIS",2022-07-09,aktif,169509892.0,4.0,0.205444,0.001543817074853009,0.005342992981661761,4,22.0,1.0,0.05136099999999999,42.0,8.0,29.0,0.0,1.0,0,1,0,0,8.4,2.7996061150996674,18.948421848863273,0.18684796380645044,3.7612001156935624,123902.19047619047,0.35714287,0.4047619
M0038,Warung Makmur,F&B,cafe,retailer,Bogor,Sentul,Tidak,,,,11254705.0,1.0,0.05,0.000593921435579402,0.0,7,40.0,1.0,0.05,51.0,15.0,29.0,4.6,3.0,0,1,1,0,25.5,1.937188562893519,16.236296910258112,0.04879016416943201,3.9512437185814275,185215.29411764705,0.23529412,0.5294118
M0201,PT Distributor Mas Bro,F&B,restaurant,supplier,Bekasi,Unknown,Ya,"EDC, QRIS",2025-07-18,aktif,391787393.0,4.0,0.22031,0.001601593995317278,0.0029331119663924734,2,31.0,0.75,0.055077499999999995,21.0,4.0,29.0,3.4,2.0,0,1,1,0,4.2,2.8341505490466683,19.786229888378234,0.19910492482830014,3.091042453358316,454951.7727272727,0.22727273,0.13636364
M0205,PT Distributor Gemilang,F&B,warung,supplier,Bandung,Buah Batu,Ya,"EDC, QRIS",2025-04-04,aktif,97744208.0,24.0,1.709623,0.0051860877370627405,0.012175181747289513,16,46.0,0.75,0.07123429166666667,260.0,7.0,80.0,3.3,1.0,0,0,1,1,10.4,3.96766350704497,18.397864512108065,0.9968095108231612,5.564520407322694,481014.8007246377,0.1557971,0.22463769
M0499,Gadget Anugrah,Electronics,gadget,retailer,Bekasi,Grand Galaxy,Ya,EDC,2019-09-03,aktif,29857408.0,2.0,0.11054800000000001,0.0009423444290377516,0.0010917415037858778,14,48.0,0.5,0.055274000000000004,58.0,17.0,19.0,4.2,1.0,0,0,1,0,19.333333333333332,2.344057527808383,17.211943574709643,0.10485358719129992,4.07753744390572,177542.55,0.26666668,0.5833333
M0679,Motor Anugrah,Automotive,sparepart,retailer,Bogor,Cibinong,Ya,"EDC, QRIS",2023-06-12,aktif,152413922.0,1.0,0.05102,0.0005713102580197616,0.0,7,40.0,1.0,0.05102,50.0,4.0,7.0,0.0,1.0,0,0,0,0,25.0,1.9040612256677525,18.842110555311624,0.04976112120947388,3.9318256327243257,132606.66666666666,0.27450982,0.49019608
M0217,Fashion Mulia,Fashion,clothing,retailer,Bogor,Tanah Sareal,Ya,QRIS,2022-09-12,aktif,32751434.0,3.0,0.154464,0.0010289894326343614,0.005126657107639675,8,53.0,0.3333333333333333,0.051488,51.0,11.0,11.0,4.7,1.0,0,1,1,0,12.75,2.423908018183631,17.3044573358795,0.14363616699622103,3.9512437185814275,261163.98039215687,0.3529412,0.43137255
M0697,Motor Berkah,Automotive,bengkel,retailer,Bandung,Buah Batu,Tidak,,,,88059186.0,3.0,0.15326499999999998,0.0010802027112702393,0.0025507508867255303,10,29.0,1.0,0.051088333333333326,35.0,11.0,30.0,3.1,1.0,0,1,1,0,8.75,2.4682713059296093,18.29351972590768,0.14259705009134493,3.58351893845611,163854.94594594595,0.21621622,0.5675676
M0009,Bakery Berkah,F&B,bakery,retailer,Tangerang,Cipondoh,Tidak,,,,43032794.0,6.0,0.327918,0.002382064456996738,0.007123990642215682,9,62.0,0.8333333333333334,0.054653,57.0,11.0,28.0,0.0,5.0,0,1,0,0,8.142857142857142,3.2116757492203716,17.577473057388097,0.28361230215986655,4.060443010546419,113700.56896551725,0.3448276,0.5689655
M0251,Fashion Pak Haji,Fashion,textile,retailer,Bandung,Dago,Ya,EDC,2023-11-04,aktif,21108881.0,5.0,0.262802,0.0015404520677154451,0.009609337660050813,12,67.0,0.6,0.05256039999999999,63.0,16.0,30.0,0.0,3.0,1,0,0,0,10.5,2.7975569478913864,16.865204457739896,0.23333306148251692,4.1588830833596715,151790.86153846153,0.36923078,0.4923077
M0687,Motor Pak Haji,Automotive,dealer,retailer,Tangerang,BSD,Tidak,,,,52889063.0,1.0,0.060976,0.0005999441974150226,0.0,9,62.0,0.0,0.060976,47.0,4.0,13.0,0.0,1.0,0,0,0,0,23.5,1.9458304278991272,17.783707145778365,0.05918923920635492,3.871201010907891,302996.3962264151,0.41509435,0.49056605
M0017,Kafe Abadi,F&B,restaurant,retailer,Bogor,Cibinong,Tidak,,,,26388846.0,0.0,0.0,0.0,0.0,-1,0.0,0.0,0.0,0.0,12.0,10.0,3.9,1.0,0,1,1,0,0.0,0.0,17.08845201673307,0.0,0.0,160730.08474576272,0.3220339,0.5254237
M0155,PT Distributor Makmur,F&B,bakery,supplier,Jakarta,Thamrin,Ya,"EDC, QRIS",2024-06-14,aktif,291107222.0,11.0,0.630193,0.003013788327492616,0.020909113777576534,0,39.0,0.6363636363636364,0.057290272727272724,92.0,15.0,30.0,4.4,1.0,0,0,1,1,7.666666666666667,3.438425189622977,19.489202221187135,0.4886984127173386,4.532599493153256,460025.21276595746,0.07446808,0.26595744
M0318,PT Tekstil Mandiri,Fashion,textile,supplier,Bekasi,Kemang Pratama,Ya,"EDC, QRIS",2019-02-18,aktif,229585621.0,3.0,0.186094,0.0013414279966660002,0.003058888637335547,14,48.0,0.6666666666666666,0.062031333333333334,47.0,7.0,75.0,0.0,1.0,0,1,0,0,11.75,2.6682193795590763,19.25178659849763,0.17066555544490164,3.871201010907891,410912.8,0.08,0.24
M0682,Motor Surya,Automotive,accessories,retailer,Depok,Sawangan,Tidak,,,,23768064.0,8.0,0.49225,0.0030658857986612586,0.01251226322541695,14,48.0,0.75,0.061531249999999996,59.0,10.0,15.0,0.0,1.0,0,0,0,1,6.555555555555555,3.455017982627699,16.983853430890278,0.4002850480666222,4.0943445622221,182786.75,0.43333334,0.35
M0481,PT Distribusi Nusantara,Grocery,toko_kelontong,supplier,Tangerang,BSD,Ya,QRIS,2021-12-31,aktif,265643549.0,11.0,0.618804,0.003260938577228164,0.03321007219580912,16,46.0,0.6363636363636364,0.05625490909090909,95.0,11.0,40.0,0.0,2.0,1,0,0,1,7.916666666666667,3.514805366422198,19.397665930498704,0.4816876049826684,4.564348191467836,483991.13402061857,0.16494845,0.30927834
M0084,Bakery Pak Haji,F&B,restaurant,retailer,Bekasi,Kemang Pratama,Ya,QRIS,2022-01-20,aktif,41183852.0,4.0,0.212947,0.0017208795260894938,0.005021004704047493,14,48.0,1.0,0.053236750000000006,54.0,14.0,15.0,3.8,1.0,0,0,1,0,10.8,2.901904733445258,17.5335568200243,0.19305293568499077,4.007333185232471,155530.45614035087,0.31578946,0.49122807
M0340,Butik Barokah,Fashion,clothing,retailer,Bekasi,Grand Galaxy,Ya,"EDC, QRIS",2025-03-19,aktif,39533062.0,4.0,0.223707,0.00153708352257415,0.006696349961009232,11,31.0,0.5,0.05592675,50.0,8.0,38.0,0.0,5.0,0,0,0,0,10.0,2.7955014118127863,17.49264791772511,0.2018847763494207,3.9318256327243257,145518.90384615384,0.34615386,0.46153846
M0403,CV Grosir Kang Asep,Grocery,supermarket,supplier,Jakarta,Kuningan,Tidak,,,,295504599.0,5.0,0.259216,0.00171046639575079,0.013513445526123814,12,67.0,0.2,0.0518432,68.0,16.0,98.0,0.0,1.0,0,1,0,0,11.333333333333334,2.896169582289091,19.504194961525137,0.23048930508058005,4.23410650459726,468042.54285714286,0.15714286,0.2
M0609,Bengkel Prima,Automotive,accessories,retailer,Depok,Cimanggis,Ya,EDC,2021-11-26,aktif,13245279.0,3.0,0.169122,0.001302481991340501,0.0024450984831333486,5,38.0,0.6666666666666666,0.056374,47.0,6.0,41.0,3.2,1.0,0,0,1,0,11.75,2.6408286109273917,16.39915182051771,0.15625303974768842,3.871201010907891,171431.10204081633,0.40816328,0.5102041
M0218,UD Kain Anugrah,Fashion,accessories,supplier,Jakarta,Kemang,Ya,QRIS,2020-10-16,aktif,243479939.0,13.0,0.703528,0.0039231739461767405,0.04671848665509521,11,31.0,0.6923076923076923,0.05411753846153847,93.0,10.0,46.0,0.0,1.0,0,0,0,1,6.642857142857143,3.694656222953075,19.310545115163155,0.5327013947316744,4.543294782270004,499912.2574257426,0.14851485,0.27722773
M0371,PT Distribusi Mas Bro,Grocery,minimarket,supplier,Bandung,Setiabudhi,Tidak,,,,300094546.0,7.0,0.410069,0.002177244602307448,0.009086106708927628,0,39.0,0.7142857142857143,0.05858128571428571,91.0,14.0,8.0,4.9,1.0,0,1,1,0,11.375,3.125551297366129,19.51960813963571,0.34363863936295436,4.5217885770490405,420301.3541666667,0.13541667,0.30208334
M0474,Mart Anugrah,Grocery,supermarket,retailer,Tangerang,Karawaci,Ya,QRIS,2023-02-04,aktif,224679801.0,4.0,0.220393,0.0014870937489458143,0.004920383367293034,9,62.0,0.75,0.05509825,53.0,1.0,1.0,3.8,1.0,0,1,1,0,10.6,2.7644896058533175,19.23018684437478,0.19917293801960773,3.9889840465642745,170952.67272727273,0.18181819,0.7090909
M0092,Kedai Persada,F&B,catering,retailer,Tangerang,Gading Serpong,Tidak,,,,69545840.5,5.0,0.279773,0.0017597408225857826,0.0074057303851281665,1,28.0,0.4,0.0559546,70.0,20.0,17.0,4.6,1.0,0,1,1,0,11.666666666666666,2.9230222283142444,18.057496683029246,0.2466827184542635,4.2626798770413155,915477.0810810811,0.35135135,0.4054054
M0003,Toko Grosir Persada,F&B,restaurant,supplier,Tangerang,Alam Sutera,Tidak,,,,494051751.0,2.0,0.113747,0.0008513931583682278,0.0011018036374613237,12,67.0,1.0,0.0568735,42.0,6.0,90.0,3.9,1.0,1,0,1,0,14.0,2.252757206864019,20.018150830798735,0.10773000619656066,3.7612001156935624,477936.0714285714,0.23809524,0.21428572
M0029,Kedai Bang Jali,F&B,bakery,retailer,Tangerang,Karawaci,Tidak,,,,38241244.0,3.0,0.159673,0.0011033362328175197,0.0031142303725504995,1,28.0,0.3333333333333333,0.05322433333333334,57.0,3.0,13.0,3.7,2.0,0,1,1,0,14.25,2.487682986211468,17.45942520314887,0.1481380688262476,4.060443010546419,140714.50877192983,0.33333334,0.45614034
M0133,Kedai Sukses,F&B,cafe,retailer,Jakarta,Pluit,Tidak,,,,25239648.0,4.0,0.249597,0.0016063698401359177,0.0019168364651724397,11,31.0,0.5,0.06239925,40.0,6.0,48.0,3.9,1.0,0,1,1,0,8.0,2.8369533064558423,17.043926689042966,0.2228210993321568,3.713572066704308,127439.90243902439,0.34146342,0.58536583
M0607,Auto Nusantara,Automotive,bengkel,retailer,Tangerang,Gading Serpong,Ya,QRIS,2022-09-24,aktif,32723031.0,6.0,0.33054300000000003,0.002045887956905665,0.013282016451588559,14,48.0,0.8333333333333334,0.05509050000000001,49.0,8.0,24.0,0.0,1.0,1,0,0,0,7.0,3.0661385256371596,17.303589730442354,0.28558712959055865,3.912023005428146,160733.07843137256,0.29411766,0.5294118
M0188,PT Distributor Jaya,F&B,restaurant,supplier,Bogor,Sentul,Ya,"EDC, QRIS",2021-05-13,aktif,277612515.0,6.0,0.329044,0.0016015470174454718,0.007707594395391542,6,29.0,0.6666666666666666,0.054840666666666656,99.0,1.0,73.0,0.0,1.0,0,0,0,0,14.142857142857142,2.834122940509947,19.441736872035893,0.2844598867827628,4.605170185988092,469508.56074766355,0.24299066,0.22429906
M0646,UD Oli Makmur,Automotive,dealer,supplier,Bogor,Sentul,Ya,"EDC, QRIS",2024-04-25,aktif,236585717.0,4.0,0.239404,0.0009730216924035699,0.0011269589716499384,16,46.0,0.75,0.059851,102.0,4.0,98.0,3.1,2.0,0,0,1,0,20.4,2.3730637730305846,19.281821144203942,0.21463061890874344,4.634728988229636,469034.9345794392,0.14018692,0.21495327
M0680,Motor Citra,Automotive,bengkel,retailer,Jakarta,Kelapa Gading,Tidak,,,,206208754.0,0.0,0.0,0.0,0.0,-1,0.0,0.0,0.0,0.0,3.0,29.0,3.8,1.0,0,0,1,0,0.0,0.0,19.14439958742367,0.0,0.0,761141.4468085107,0.31914893,0.5106383
M0131,Bakery Prima,F&B,catering,retailer,Depok,Unknown,Ya,"EDC, QRIS",2023-11-04,aktif,16262996.0,3.0,0.177933,0.0012510970141915074,0.001645158855935401,14,48.0,0.6666666666666666,0.059311,53.0,17.0,35.0,4.9,1.0,0,0,1,0,13.25,2.6035019585660524,16.60440296244276,0.16376120755076992,3.9889840465642745,158066.52727272728,0.38181818,0.36363637
M0427,Mart Prima,Grocery,toko_kelontong,retailer,Depok,Cimanggis,Tidak,,,,27551537.0,1.0,0.066667,0.0006532005786462272,0.0,6,29.0,0.0,0.066667,51.0,9.0,33.0,3.2,1.0,1,1,1,0,25.5,2.019161379045045,17.13156891777632,0.06453883363752234,3.9512437185814275,185840.21153846153,0.3846154,0.34615386
M0620,PT Otomotif Sumber,Automotive,dealer,supplier,Bogor,Cibinong,Tidak,,,,262172087.0,4.0,0.210071,0.0014149943945293707,0.007295046914698262,2,31.0,0.5,0.05251775,56.0,10.0,46.0,3.4,1.0,0,0,1,0,11.2,2.7179968319679197,19.384511670538096,0.19067903557313207,4.04305126783455,505179.1206896552,0.10344828,0.15517241
M0475,Swalayan Mandiri,Grocery,toko_kelontong,retailer,Bekasi,Jababeka,Tidak,,,,288576548.0,4.0,0.216935,0.0014060912717073874,0.009875984202450129,8,53.0,1.0,0.05423375,49.0,14.0,20.0,4.5,1.0,0,1,1,0,9.8,2.712102825918707,19.480470943206193,0.19633540255437318,3.912023005428146,168082.91836734695,0.3265306,0.46938777
M0517,PT Elektronik Bu Tini,Electronics,accessories,supplier,Bogor,Cibinong,Ya,QRIS,2021-08-12,aktif,439317854.0,1.0,0.059829,0.0007090378196211464,0.0,13,36.0,1.0,0.059829,60.0,11.0,92.0,0.0,1.0,0,1,0,0,30.0,2.0906754785823494,19.900733752326747,0.05810757435566625,4.110873864173311,474218.1515151515,0.16666667,0.25757575
M0535,CV Tech Supply Mulia,Electronics,computer,supplier,Depok,Cinere,Ya,QRIS,2024-01-14,aktif,174691324.0,5.0,0.291053,0.001925853597191352,0.004900259099942143,4,22.0,0.8,0.0582106,44.0,10.0,5.0,0.0,1.0,0,1,0,0,7.333333333333333,3.008576234211168,18.978531117317264,0.2554581644687761,3.8066624897703196,475649.5333333333,0.08888889,0.24444444
M0327,Fashion Indonesia,Fashion,accessories,retailer,Bekasi,Grand Galaxy,Ya,QRIS,2025-08-20,aktif,186194016.0,4.0,0.24252300000000002,0.0015629997224201457,0.002284104344326214,8,53.0,0.5,0.060630750000000004,44.0,9.0,11.0,4.3,1.0,0,1,1,0,8.8,2.8112081262896966,19.04229979017499,0.21714398988371747,3.8066624897703196,284705.5652173913,0.3043478,0.5217391
M0658,Motor Anugrah,Automotive,accessories,retailer,Tangerang,Alam Sutera,Ya,QRIS,2022-06-15,aktif,64249687.0,4.0,0.234189,0.0014264764112383503,0.002253917943299877,8,53.0,0.75,0.05854725,49.0,14.0,2.0,4.3,1.0,0,0,1,0,9.8,2.7255471732265346,17.978287425696685,0.21041407420914002,3.912023005428146,215820.82352941178,0.25490198,0.60784316
M0544,Toko IT Maju,Electronics,accessories,retailer,Bekasi,Grand Galaxy,Ya,"EDC, QRIS",2024-03-04,aktif,240303137.0,6.0,0.345852,0.002006369727700645,0.0068372198324654744,12,67.0,0.6666666666666666,0.057642,59.0,18.0,5.0,0.0,1.0,0,0,0,0,8.428571428571429,3.0475510505091967,19.297411759298086,0.29702726975351834,4.0943445622221,597240.4915254237,0.15254237,0.62711865
M0276,Fashion Anugrah,Fashion,clothing,retailer,Bekasi,Summarecon,Tidak,,,,99522382.0,8.0,0.44574600000000003,0.00262277394928913,0.020803461373984353,12,67.0,0.375,0.05571825,49.0,4.0,47.0,3.9,1.0,0,0,1,1,5.444444444444445,3.304236287921722,18.41589313160416,0.3686254513222923,3.912023005428146,206760.75,0.44230768,0.3846154
M0138,Warung Purnama,F&B,bakery,retailer,Tangerang,Karawaci,Ya,EDC,2023-10-27,aktif,49138069.0,8.0,0.448188,0.0028471819474813515,0.013186426181671823,8,53.0,0.625,0.0560235,51.0,13.0,31.0,4.3,2.0,0,0,1,1,5.666666666666667,3.3834345347424346,17.710144648746727,0.3703131197899309,3.9512437185814275,232050.7962962963,0.2777778,0.6296296
M0082,RM Mas Bro,F&B,bakery,retailer,Tangerang,Cipondoh,Ya,QRIS,2024-02-03,aktif,90548965.0,4.0,0.212499,0.0015024595063667515,0.008703745629260684,5,38.0,0.5,0.05312475,54.0,11.0,36.0,4.8,3.0,0,0,1,0,10.8,2.7741247334495576,18.32140132312303,0.19268351908689307,4.007333185232471,361480.94444444444,0.3888889,0.5
M0362,Swalayan Gemilang,Grocery,toko_kelontong,retailer,Bekasi,Summarecon,Tidak,,,,260852330.0,2.0,0.103479,0.0008365710993332371,0.0007043493572812115,12,67.0,0.5,0.0517395,54.0,11.0,42.0,0.0,5.0,0,1,0,0,18.0,2.237055253284662,19.37946502356296,0.0984679161756225,4.007333185232471,182429.46296296295,0.35185185,0.5555556
M0143,Kedai Citra,F&B,warung,retailer,Bogor,Tanah Sareal,Ya,"EDC, QRIS",2021-06-26,aktif,15452248.0,6.0,0.334882,0.0024041359341464954,0.008869770834905541,5,38.0,0.5,0.05581366666666667,71.0,4.0,15.0,3.2,1.0,0,1,1,0,10.142857142857142,3.2205288315581413,16.553265117057318,0.28884289843252103,4.276666119016055,219168.44594594595,0.3243243,0.5
M0424,Minimarket Pak Haji,Grocery,distributor,retailer,Bandung,Setiabudhi,Ya,QRIS,2024-12-30,aktif,157417781.0,3.0,0.152632,0.0009861240539900907,0.004276406812064498,10,29.0,0.6666666666666666,0.05087733333333333,49.0,14.0,8.0,5.0,2.0,0,0,1,0,12.25,2.3852005381754715,18.874413860882964,0.1420480229527516,3.912023005428146,161095.28,0.28,0.48
M0086,RM Makmur,F&B,bakery,retailer,Jakarta,Tebet,Ya,"EDC, QRIS",2024-04-11,aktif,41800491.0,6.0,0.331101,0.0023951880478092383,0.010243252081603904,5,38.0,0.8333333333333334,0.0551835,57.0,8.0,37.0,4.5,2.0,0,0,1,0,8.142857142857142,3.2169491892207844,17.548418667760643,0.28600641932891196,4.060443010546419,176932.06779661018,0.44067797,0.3898305
M0461,Minimarket Maju,Grocery,minimarket,retailer,Depok,Cimanggis,Tidak,,,,67777253.0,5.0,0.264389,0.0018908691061342998,0.005267526979095917,13,36.0,0.6,0.052877799999999996,56.0,17.0,34.0,4.3,3.0,0,1,1,0,9.333333333333334,2.991156373139615,18.0317372098967,0.23458900154293122,4.04305126783455,178091.77192982455,0.28070176,0.5964912
M0567,Komputer Pak Haji,Electronics,accessories,retailer,Tangerang,Alam Sutera,Ya,QRIS,2023-03-13,aktif,10487429.0,6.0,0.347731,0.0022808260329259984,0.009926294870827359,9,62.0,0.5,0.05795516666666667,50.0,17.0,20.0,3.1,1.0,0,0,1,0,7.142857142857143,3.170032593119629,16.16568795512269,0.2984224376802453,3.9318256327243257,171546.6862745098,0.4117647,0.4117647
M0001,Kafe Berkah,F&B,cafe,retailer,Jakarta,Kemang,Tidak,,,,102671254.0,3.0,0.169395,0.0011872555134353911,0.001323170578321133,10,29.0,0.3333333333333333,0.056464999999999994,50.0,20.0,37.0,4.8,5.0,1,0,1,0,12.5,2.5550975360405745,18.44704274282954,0.15648652105335364,3.9318256327243257,148566.73076923078,0.42307693,0.46153846
M0399,UD Sembako Anugrah,Grocery,distributor,supplier,Bekasi,Grand Galaxy,Ya,"EDC, QRIS",2019-01-09,aktif,268501786.0,2.0,0.12062900000000001,0.0010184530662662608,0.0006439765552285362,5,38.0,1.0,0.06031450000000001,44.0,6.0,69.0,4.1,1.0,1,0,1,0,14.666666666666666,2.414531632744089,19.408368127384527,0.11389013480758813,3.8066624897703196,461818.1956521739,0.10869565,0.2173913
M0030,Unknown_M0030,F&B,catering,retailer,Depok,Sawangan,Ya,EDC,2022-07-19,aktif,50499582.0,2.0,0.112977,0.0009155480272787469,0.0004075164138555581,14,48.0,0.5,0.0564885,76.0,19.0,30.0,4.3,1.0,0,0,1,0,25.333333333333332,2.318013488132374,17.737475636785753,0.10703840721016494,4.343805421853684,190856.22784810126,0.278481,0.6329114
M0258,Fashion Sumber,Fashion,accessories,retailer,Bandung,Setiabudhi,Ya,EDC,2024-05-16,aktif,34729411.0,0.0,0.0,0.0,0.0,-1,0.0,0.0,0.0,0.0,18.0,9.0,4.2,5.0,0,0,1,0,0.0,0.0,17.363097493969388,0.0,0.0,122762.58928571429,0.25,0.625
M0328,Butik Maju,Fashion,textile,retailer,Bekasi,Kemang Pratama,Ya,QRIS,2020-01-05,aktif,133885621.0,8.0,0.448831,0.003035769274542477,0.01711568938193344,5,38.0,0.625,0.056103875,53.0,18.0,16.0,4.7,1.0,0,0,1,1,5.888888888888889,3.4454596196067158,18.712496426255125,0.3707570243763756,3.9889840465642745,726591.6727272727,0.45454547,0.4181818
M0121,Bakery Maju,F&B,restaurant,retailer,Jakarta,Thamrin,Tidak,,,,133809640.0,1.0,0.055046,0.0005760240908625222,0.0,5,38.0,1.0,0.055046,58.0,11.0,19.0,4.1,1.0,1,1,1,0,29.0,1.9110585267904716,18.71192875836897,0.053584367873229385,4.07753744390572,159291.0338983051,0.33898306,0.47457626
M0382,PT Distribusi Sejahtera,Grocery,toko_kelontong,supplier,Depok,Cinere,Ya,QRIS,2025-12-25,aktif,182176377.0,0.0,0.0,0.0,0.0,-1,0.0,0.0,0.0,0.0,5.0,40.0,3.1,1.0,1,1,1,0,0.0,0.0,19.020485885647357,0.0,0.0,442304.1855670103,0.11340206,0.24742268
M0320,CV Konveksi Bersama,Fashion,clothing,supplier,Bogor,Cibinong,Tidak,,,,265171025.0,6.0,0.332459,0.0019948495058630385,0.010811762634266597,12,67.0,0.6666666666666666,0.05540983333333333,56.0,19.0,30.0,4.0,1.0,0,0,1,0,8.0,3.0420668088776517,19.39588555691373,0.2870261073537108,4.04305126783455,449405.73214285716,0.08928572,0.35714287
M0669,UD Oli Bang Jali,Automotive,bengkel,supplier,Bogor,Sentul,Ya,"EDC, QRIS",2020-06-21,aktif,35294021.0,5.0,0.29028600000000004,0.0016960568596682385,0.00659069755741705,5,38.0,0.4,0.058057199999999996,82.0,8.0,54.0,3.2,3.0,0,0,1,0,13.666666666666666,2.8881787214309553,17.379224159120533,0.25486389922692126,4.418840607796598,489718.0449438202,0.15730338,0.28089887
M0592,Digital Bu Tini,Electronics,service,retailer,Bekasi,Summarecon,Ya,QRIS,2022-04-21,aktif,42717032.0,7.0,0.399808,0.0024703587659359984,0.013787638668779715,8,53.0,0.8571428571428571,0.057115428571428574,52.0,6.0,6.0,3.0,1.0,0,0,1,0,6.5,3.2466305797987967,17.570108297957102,0.33633508435912857,3.970291913552122,157138.72222222222,0.3888889,0.46296296
M0079,Kedai Barokah,F&B,cafe,retailer,Tangerang,BSD,Ya,EDC,2019-12-15,aktif,71312679.0,2.0,0.105823,0.000927345627756791,0.002339446079541167,4,22.0,0.0,0.0529115,42.0,19.0,29.0,4.8,1.0,0,0,1,0,14.0,2.3295635084690507,18.082584709685047,0.10058985412662408,3.7612001156935624,162722.81818181818,0.36363637,0.5
M0127,Warung Mandiri,F&B,catering,retailer,Tangerang,Cipondoh,Tidak,,,,26923694.0,2.0,0.110884,0.0008966913130295027,0.0006087590873644756,0,39.0,0.0,0.055442,59.0,15.0,22.0,3.5,1.0,1,0,1,0,19.666666666666668,2.299270920214923,17.108517311865544,0.10515609476529929,4.0943445622221,154144.38333333333,0.31666666,0.55
M0243,PT Tekstil Bang Jali,Fashion,footwear,supplier,Bogor,Sentul,Tidak,,,,440750636.0,2.0,0.105046,0.0009594356765043805,0.0007949085603602244,8,53.0,1.0,0.052523,67.0,10.0,6.0,3.1,3.0,0,1,1,0,22.333333333333332,2.3603214786968776,19.903989824504965,0.09988696306253107,4.219507705176107,483841.21126760566,0.16901408,0.22535211
M0608,Bengkel Mbak Sri,Automotive,sparepart,retailer,Bogor,Unknown,Tidak,,,,21419467.0,5.0,0.279005,0.001953761749644635,0.006651070359469725,14,48.0,0.8,0.055801,55.0,15.0,37.0,3.8,1.0,0,0,1,0,9.166666666666666,3.0222582044156203,16.879810786074135,0.2460824318932082,4.02535169073515,172894.1403508772,0.24561404,0.5614035
M0448,Swalayan Kang Asep,Grocery,toko_kelontong,retailer,Bekasi,Jababeka,Ya,"EDC, QRIS",2025-09-09,aktif,28179580.0,4.0,0.219396,0.0015001528145356016,0.005539204588332956,8,53.0,0.75,0.054848999999999995,43.0,13.0,28.0,0.0,1.0,0,0,0,0,8.6,2.77268422676383,17.15410819562306,0.1983556541844107,3.784189633918261,150724.2,0.31111112,0.51111114
M0449,Toko Makmur,Grocery,supermarket,retailer,Tangerang,Alam Sutera,Ya,"EDC, QRIS",2020-09-04,aktif,41347386.0,2.0,0.102632,0.0008620782552971407,0.0006691318894171509,13,36.0,0.5,0.051316,48.0,2.0,30.0,0.0,1.0,0,0,0,0,16.0,2.2639256078318954,17.537519785176073,0.09770004906320855,3.8918202981106265,146337.0980392157,0.4509804,0.37254903
M0359,UD Sembako Bersama,Grocery,minimarket,supplier,Bekasi,Grand Galaxy,Ya,EDC,2020-12-28,aktif,380948536.0,0.0,0.0,0.0,0.0,-1,0.0,0.0,0.0,0.0,9.0,80.0,4.9,1.0,0,0,1,0,0.0,0.0,19.758174850476916,0.0,0.0,427634.0588235294,0.11764706,0.14705883
M0404,Minimarket Mas Bro,Grocery,supermarket,retailer,Bekasi,Summarecon,Tidak,,,,68495768.0,4.0,0.21990700000000002,0.0013558261195022684,0.005337961914824038,9,62.0,0.5,0.05497675,50.0,20.0,43.0,3.2,2.0,0,0,1,0,10.0,2.678158612218224,18.04228253490147,0.19877462633135187,3.9318256327243257,1670896.1538461538,0.25,0.48076922
M0307,Butik Berkah,Fashion,clothing,retailer,Bekasi,Summarecon,Tidak,,,,207345782.0,3.0,0.157799,0.0011562383111216486,0.0050059115035343245,9,62.0,0.6666666666666666,0.052599666666666677,60.0,11.0,32.0,3.8,2.0,0,0,1,0,15.0,2.5307068811962243,19.149898406856412,0.1465207889553636,4.110873864173311,140315.88333333333,0.35,0.53333336
M0391,Minimarket Pak Haji,Grocery,supermarket,retailer,Jakarta,Thamrin,Tidak,,,,29251072.0,4.0,0.21843200000000002,0.0012478729829974806,0.003712927326239529,6,29.0,1.0,0.054608,57.0,19.0,32.0,3.5,1.0,1,1,1,0,11.4,2.6011128747815913,17.19142681472999,0.19756478620664833,4.060443010546419,149900.3620689655,0.46551725,0.41379312
M0538,Komputer Purnama,Electronics,service,retailer,Depok,Margonda,Ya,"EDC, QRIS",2020-09-14,aktif,46450603.0,3.0,0.167433,0.0012598662650425932,0.0051568435086660125,0,39.0,0.3333333333333333,0.055811,41.0,6.0,11.0,4.6,5.0,0,0,1,0,10.25,2.6099714533793446,17.65390002636886,0.15480732133388536,3.7376696182833684,175074.7906976744,0.3255814,0.53488374
M0032,Kedai Bang Jali,F&B,restaurant,retailer,Bekasi,Harapan Indah,Tidak,,,,347769466.0,3.0,0.17799700000000002,0.0012544546311436526,0.0027570246270721705,7,40.0,0.3333333333333333,0.05933233333333334,47.0,16.0,1.0,0.0,1.0,0,0,0,0,11.75,2.605983980065536,19.66705036707161,0.16381553853684824,3.871201010907891,140328.04081632654,0.4489796,0.48979592
M0616,CV Sparepart Sentosa,Automotive,dealer,supplier,Bogor,Tanah Sareal,Ya,"EDC, QRIS",2019-03-09,aktif,326316049.0,3.0,0.162395,0.0013620977792657316,0.004502804819762031,7,40.0,0.6666666666666666,0.05413166666666667,33.0,10.0,79.0,5.0,2.0,1,0,1,0,8.25,2.682457332567949,19.603376948217793,0.15048253181939925,3.5263605246161616,407527.82352941175,0.1764706,0.3529412
M0221,CV Konveksi Bang Jali,Fashion,footwear,supplier,Jakarta,Senayan,Ya,EDC,2025-02-21,aktif,1874723189.0,0.0,0.0,0.0,0.0,-1,0.0,0.0,0.0,0.0,8.0,98.0,4.7,1.0,0,0,1,0,0.0,0.0,21.351726853470108,0.0,0.0,521655.35714285716,0.10714286,0.14285715
M0115,Resto Bu Tini,F&B,bakery,retailer,Bandung,Buah Batu,Tidak,,,,55222173.0,3.0,0.169619,0.0012507788423272096,0.0016954695243126304,9,62.0,1.0,0.05653966666666666,34.0,19.0,30.0,3.4,5.0,0,0,1,0,8.5,2.6032664393322573,17.826875133484865,0.15667805475147156,3.5553480614894135,102277.71428571429,0.34285715,0.42857143
M0357,Mart Barokah,Grocery,supermarket,retailer,Depok,Cimanggis,Ya,"EDC, QRIS",2020-07-09,aktif,64575018.0,5.0,0.311168,0.0019145240044204596,0.006002062737403466,8,53.0,0.6,0.0622336,46.0,17.0,30.0,4.6,1.0,0,1,1,0,7.666666666666667,3.0029680343928487,17.983338191177648,0.2709183430245967,3.8501476017100584,161579.65217391305,0.32608697,0.47826087
M0497,Toko IT Bang Jali,Electronics,gadget,retailer,Bandung,Braga,Ya,EDC,2023-01-16,aktif,25815314.0,4.0,0.217225,0.0014732489813122334,0.0070837421075138985,8,53.0,0.75,0.05430625,67.0,20.0,19.0,3.2,1.0,1,0,1,0,13.4,2.7557279889134083,17.06647847842946,0.1965736777715915,4.219507705176107,147148.85915492958,0.3802817,0.46478873
M0075,RM Maju,F&B,bakery,retailer,Bogor,Cibinong,Ya,EDC,2021-02-23,aktif,6213465.0,6.0,0.335593,0.002016639229456208,0.009065982441576735,9,62.0,0.6666666666666666,0.05593216666666667,57.0,3.0,16.0,0.0,2.0,0,1,0,0,8.142857142857142,3.0524146546848887,15.642229430256991,0.28937538798348106,4.060443010546419,158305.4655172414,0.3448276,0.4827586
M0160,Dapur Anugrah,F&B,warung,retailer,Depok,Cimanggis,Tidak,,,,118556268.0,3.0,0.167885,0.00104339124999665,0.0027016828918572182,14,48.0,0.6666666666666666,0.055961666666666667,47.0,12.0,13.0,3.1,1.0,0,1,1,0,11.75,2.43658372019456,18.590898249718638,0.15519442065452965,3.871201010907891,180477.10204081633,0.40816328,0.46938777
M0360,Mart Abadi,Grocery,toko_kelontong,retailer,Bandung,Braga,Ya,QRIS,2021-06-25,aktif,31186384.0,2.0,0.10899400000000001,0.0006807753391618915,0.0024048499484315648,0,39.0,1.0,0.054497000000000004,51.0,3.0,30.0,4.8,2.0,0,1,1,0,17.0,2.0551172645468037,17.255492179333906,0.10345329807406327,3.9512437185814275,168923.0,0.4117647,0.43137255
M0511,PT Elektronik Harmoni,Electronics,computer,supplier,Jakarta,Sudirman,Ya,"EDC, QRIS",2025-04-06,aktif,308707437.0,3.0,0.17729,0.001562198469862769,0.004336779614117174,11,31.0,0.6666666666666666,0.05909666666666666,59.0,4.0,73.0,3.4,1.0,1,0,1,0,14.75,2.810726198581,19.547904583772336,0.163215187054218,4.0943445622221,452743.2698412698,0.15873016,0.31746033
M0512,Digital Sumber,Electronics,gadget,retailer,Depok,Sawangan,Ya,QRIS,2024-08-29,aktif,62757314.0,2.0,0.11857000000000001,0.0008750532508475625,0.00024652227504842403,9,62.0,0.5,0.059285000000000004,57.0,4.0,2.0,3.9,2.0,0,1,1,0,19.0,2.277321899772253,17.95478570288716,0.11205108380737472,4.060443010546419,173224.25423728814,0.30508474,0.5084746
M0477,CV Grosir Lestari,Grocery,toko_kelontong,supplier,Bekasi,Harapan Indah,Ya,EDC,2020-02-10,aktif,466722569.0,6.0,0.321778,0.0021008958068585216,0.01281915830251805,12,67.0,0.5,0.053629666666666666,76.0,4.0,56.0,4.4,2.0,0,1,1,0,10.857142857142858,3.0914495554167183,19.961245570582065,0.27897779994535954,4.343805421853684,403312.3827160494,0.13580246,0.22222222
M0441,UD Sembako Gemilang,Grocery,supermarket,supplier,Depok,Sawangan,Ya,EDC,2024-10-17,aktif,400110917.0,0.0,0.0,0.0,0.0,-1,0.0,0.0,0.0,0.0,11.0,30.0,3.4,1.0,0,0,1,0,0.0,0.0,19.807252361633104,0.0,0.0,483573.5882352941,0.0882353,0.05882353
M0157,UD Supplier Harmoni,F&B,cafe,supplier,Jakarta,Cempaka Putih,Ya,"EDC, QRIS",2023-11-28,aktif,1309118188.0,26.0,1.784923,0.00547334975384464,0.014972454909063466,16,46.0,0.7692307692307693,0.06865088461538461,280.0,16.0,36.0,3.1,1.0,0,0,1,1,10.37037037037037,4.020581358242142,20.992619609332316,1.02422022488213,5.638354669333745,476356.5863192182,0.1791531,0.23452769
M0269,CV Konveksi Maju,Fashion,textile,supplier,Bogor,Dramaga,Ya,"EDC, QRIS",2024-12-01,aktif,206945164.0,6.0,0.323936,0.0020044926683215067,0.012708474832088144,6,29.0,0.5,0.053989333333333334,57.0,15.0,73.0,5.0,1.0,0,0,1,0,8.142857142857142,3.0466595184063,19.147964412754902,0.28060911797789984,4.060443010546419,422318.4918032787,0.19672132,0.19672132
M0308,Fashion Pratama,Fashion,clothing,retailer,Tangerang,Gading Serpong,Ya,QRIS,2022-04-09,aktif,38554591.0,2.0,0.11376700000000001,0.0008204445125205599,0.0005886348200135838,11,31.0,1.0,0.056883500000000004,67.0,20.0,21.0,0.0,2.0,1,1,0,0,22.333333333333332,2.2196865331512092,17.467585768908158,0.10774796343498928,4.219507705176107,193809.17142857143,0.42857143,0.44285715
M0312,Fashion Bu Tini,Fashion,clothing,retailer,Bekasi,Grand Galaxy,Ya,EDC,2019-11-03,aktif,71649473.0,7.0,0.369386,0.002490653313558454,0.018292959021960608,13,36.0,0.8571428571428571,0.05276942857142857,67.0,11.0,30.0,4.2,1.0,0,1,1,0,8.375,3.2544951815143315,18.08729637096936,0.3143624641970376,4.219507705176107,146731.88571428572,0.41428572,0.32857144
M0364,Mart Lestari,Grocery,minimarket,retailer,Bekasi,Kemang Pratama,Ya,QRIS,2022-08-24,aktif,94257461.0,1.0,0.054348,0.0006657199698085615,0.0,12,67.0,1.0,0.054348,39.0,1.0,36.0,4.2,2.0,0,1,1,0,19.5,2.0356463422513404,18.36154055357222,0.05292256640278252,3.6888794541139363,149340.02380952382,0.21428572,0.5714286
M0696,Auto Anugrah,Automotive,accessories,retailer,Bogor,Bogor Tengah,Ya,EDC,2025-01-03,aktif,49694668.0,3.0,0.167954,0.00116903251112164,0.003375845848112092,2,31.0,0.6666666666666666,0.05598466666666666,60.0,3.0,10.0,4.4,1.0,0,0,1,0,15.0,2.5408399008793205,17.72140822173222,0.15525350006883865,4.110873864173311,126474.52459016393,0.3442623,0.45901638
M0419,Minimarket Gemilang,Grocery,toko_kelontong,retailer,Tangerang,BSD,Ya,EDC,2024-10-07,aktif,189778368.0,2.0,0.10861699999999999,0.0009060577193981572,0.000996151233869142,12,67.0,0.5,0.054308499999999996,62.0,5.0,5.0,4.5,1.0,0,0,1,0,20.666666666666668,2.308624538172976,19.061367470311296,0.1031132925423159,4.143134726391533,185573.13846153847,0.2923077,0.41538462
M0466,UD Sembako Makmur,Grocery,distributor,supplier,Depok,Cimanggis,Ya,QRIS,2021-07-30,aktif,246586726.0,5.0,0.275291,0.0016929120604435694,0.007179332377430634,6,29.0,0.6,0.0550582,97.0,15.0,21.0,3.3,1.0,0,1,1,0,16.166666666666668,2.8864262403705023,19.323224323239465,0.24317438786279474,4.584967478670572,491163.6862745098,0.11764706,0.27450982
M0426,Toko Karya,Grocery,distributor,retailer,Bandung,Unknown,Ya,"EDC, QRIS",2024-04-25,aktif,225035427.0,5.0,0.270747,0.0016975617975416937,0.008497471888914044,12,67.0,0.4,0.0541494,67.0,17.0,15.0,4.0,1.0,1,0,1,0,11.166666666666666,2.8890162827333565,19.231768405551296,0.23960491653154317,4.219507705176107,133364.86764705883,0.36764705,0.45588234
M0585,Digital Citra,Electronics,service,retailer,Depok,Sawangan,Ya,QRIS,2024-04-29,aktif,77336735.0,4.0,0.209856,0.001288192335917302,0.004492742686086584,12,67.0,0.5,0.052464,62.0,1.0,16.0,4.7,1.0,0,1,1,0,12.4,2.630587516024254,18.163679639994502,0.19050134426214152,4.143134726391533,211454.9846153846,0.36923078,0.4
M0575,Komputer Bu Tini,Electronics,service,retailer,Jakarta,Kuningan,Ya,QRIS,2023-01-28,aktif,138511653.0,1.0,0.06,0.0006962789621413017,0.0,4,22.0,0.0,0.06,49.0,3.0,1.0,3.5,2.0,0,1,1,0,24.5,2.074779393412683,18.746465024456057,0.058268908123975775,3.912023005428146,178017.64,0.34,0.48
M0407,UD Sembako Sukses,Grocery,supermarket,supplier,Bandung,Buah Batu,Ya,"EDC, QRIS",2020-06-27,tidak aktif,125260190.0,3.0,0.159534,0.0011797025784368762,0.0029331119663924734,3,31.0,0.3333333333333333,0.053178,70.0,4.0,14.0,3.8,1.0,0,0,1,0,17.5,2.549212783329475,18.645903659888734,0.14801820026758386,4.2626798770413155,419611.6712328767,0.21917808,0.1780822
M0548,Gadget Harmoni,Electronics,service,retailer,Bekasi,Grand Galaxy,Ya,QRIS,2025-05-05,aktif,54693703.0,1.0,0.057143,0.0005807824378299474,0.0,14,48.0,1.0,0.057143,58.0,1.0,3.0,3.0,5.0,0,0,1,0,29.0,1.9180725945663482,17.817259160219187,0.05556998628993677,4.07753744390572,451034.8870967742,0.3548387,0.5
M0487,Swalayan Abadi,Grocery,distributor,retailer,Bandung,Setiabudhi,Ya,EDC,2022-05-28,aktif,36692554.0,1.0,0.053333,0.0005232823215478317,0.0,12,67.0,0.0,0.053333,63.0,6.0,17.0,3.2,2.0,1,1,1,0,31.5,1.8298293947545539,17.418084431410293,0.051959422474964774,4.1588830833596715,143082.10606060605,0.36363637,0.4090909
M0510,Toko IT Lestari,Electronics,gadget,retailer,Bekasi,Summarecon,Tidak,,,,31082169.0,4.0,0.221744,0.0016916277957798674,0.005986969536890298,13,36.0,1.0,0.055436,59.0,20.0,22.0,0.0,1.0,0,0,0,0,11.8,2.8857096827256354,17.25214490084625,0.2002793461677318,4.0943445622221,155609.39682539683,0.34920636,0.3968254
M0540,PT Elektronik Harmoni,Electronics,service,supplier,Tangerang,Gading Serpong,Ya,QRIS,2019-05-13,aktif,308707437.0,5.0,0.295113,0.0018338913784779298,0.005579453123034739,0,39.0,0.4,0.0590226,79.0,11.0,14.0,4.7,1.0,1,1,1,0,13.166666666666666,2.9621193242689414,19.547904583772336,0.25859795003194197,4.382026634673881,504984.9166666667,0.16666667,0.27380952
M0588,Digital Harmoni,Electronics,accessories,retailer,Bekasi,Grand Galaxy,Ya,EDC,2025-06-25,aktif,30558091.0,3.0,0.162489,0.0010229364423405944,0.0030337333031469323,7,40.0,0.6666666666666666,0.054162999999999996,55.0,8.0,37.0,3.3,2.0,0,0,1,0,13.75,2.418532170835803,17.235140085758502,0.15056339606901445,4.02535169073515,157944.3392857143,0.4107143,0.39285713
M0299,UD Kain Citra,Fashion,clothing,supplier,Tangerang,Cipondoh,Tidak,,,,563844856.0,6.0,0.342872,0.0016780402451281365,0.008970392171660001,16,46.0,0.8333333333333334,0.05714533333333333,80.0,20.0,92.0,0.0,3.0,1,1,0,0,11.428571428571429,2.8780968648847844,20.15028969538079,0.2948106039892284,4.394449154672439,410096.28571428574,0.11904762,0.23809524
M0158,Bakery Pak Haji,F&B,cafe,retailer,Tangerang,Karawaci,Ya,QRIS,2021-03-05,aktif,100578555.0,2.0,0.105336,0.001023065122786459,0.0007345357583075492,0,39.0,1.0,0.052668,56.0,1.0,18.0,3.9,1.0,0,0,1,0,18.666666666666668,2.4186467570836525,18.426449631874075,0.10014936114726389,4.04305126783455,180935.31147540984,0.29508197,0.60655737
M0246,Toko Baju Berkah,Fashion,accessories,retailer,Bekasi,Summarecon,Tidak,,,,48591000.0,7.0,0.39132,0.0024855198282698926,0.013136115513294595,1,28.0,0.42857142857142855,0.05590285714285714,51.0,3.0,3.0,4.9,1.0,1,1,1,0,6.375,3.2525116748460037,17.698948907116588,0.33025293680729606,3.9512437185814275,197065.6603773585,0.28301886,0.3773585
M0287,PT Tekstil Pak Haji,Fashion,textile,supplier,Jakarta,Sudirman,Ya,"EDC, QRIS",2020-06-24,aktif,260619467.0,4.0,0.244925,0.001833626363417059,0.0017055316579880763,3,31.0,0.25,0.06123125,28.0,10.0,63.0,4.0,1.0,1,1,1,0,5.6,2.961982277677835,19.378571924392787,0.21907528713825578,3.367295829986474,410047.1612903226,0.12903225,0.16129032
M0524,Komputer Abadi,Electronics,service,retailer,Bekasi,Grand Galaxy,Ya,"EDC, QRIS",2020-07-06,aktif,109730597.0,1.0,0.051282,0.0006578404686423155,0.0,10,29.0,0.0,0.051282,43.0,10.0,28.0,3.2,1.0,0,0,1,0,21.5,2.0253027139711577,18.513538810692403,0.050010371794172385,3.784189633918261,185377.0,0.37777779,0.44444445
M0626,Auto Purnama,Automotive,bengkel,retailer,Depok,Sawangan,Ya,QRIS,2025-12-10,aktif,41446164.0,2.0,0.103652,0.0009257064864107772,0.0008754056297637914,13,36.0,0.5,0.051826,50.0,20.0,31.0,4.7,1.0,0,1,1,0,16.666666666666668,2.3279667231921626,17.539905914155465,0.09862468077215464,3.9318256327243257,135257.74509803922,0.27450982,0.5882353
M0636,Bengkel Sumber,Automotive,accessories,retailer,Jakarta,Kuningan,Ya,"EDC, QRIS",2024-01-28,aktif,14807272.0,3.0,0.17197600000000002,0.0011701726080532821,0.0019419917993610545,6,29.0,0.6666666666666666,0.05732533333333334,47.0,8.0,38.0,4.9,1.0,0,0,1,0,11.75,2.5417378960823447,16.51062903694653,0.1586912131294479,3.871201010907891,149559.0,0.35416666,0.5416667
M0099,RM Citra,F&B,restaurant,retailer,Bandung,Buah Batu,Tidak,,,,65962839.0,1.0,0.054054,0.0005963153264715533,0.0,9,62.0,0.0,0.054054,58.0,7.0,49.0,4.6,1.0,0,1,1,0,29.0,1.9406324270229947,18.004602111126587,0.05264368220336938,4.07753744390572,172582.06779661018,0.2881356,0.55932206
M0297,Fashion Pratama,Fashion,accessories,retailer,Bekasi,Summarecon,Ya,"EDC, QRIS",2023-02-05,aktif,147544426.0,4.0,0.223213,0.002070647635145459,0.005146781374990567,12,67.0,0.75,0.05580325,58.0,3.0,5.0,0.0,1.0,1,0,0,0,11.6,3.0776106653950457,18.809639888392535,0.20148100343758746,4.07753744390572,168584.7068965517,0.36206895,0.43103448
M0151,Unknown_M0151,F&B,catering,retailer,Jakarta,Tebet,Ya,EDC,2023-03-08,aktif,82263952.0,2.0,0.109457,0.0008981568966302854,0.00131813951148341,13,36.0,1.0,0.0547285,41.0,18.0,30.0,3.4,5.0,0,1,1,0,13.666666666666666,2.3007402890194,18.225443574559677,0.10387070644298586,3.7376696182833684,535437.0714285715,0.3809524,0.42857143
M0423,Toko Bu Tini,Grocery,toko_kelontong,retailer,Depok,Cinere,Ya,QRIS,2021-10-28,aktif,52479452.0,2.0,0.109686,0.0008576380533410637,0.0010213065680577567,7,40.0,0.5,0.054843,43.0,6.0,43.0,0.0,1.0,1,0,0,0,14.333333333333334,2.2592997057086768,17.775932279527495,0.10407709242244989,3.784189633918261,163753.44444444444,0.4,0.46666667
M0551,CV Tech Supply Mulia,Electronics,computer,supplier,Jakarta,Pluit,Ya,EDC,2023-12-15,aktif,315374642.0,5.0,0.274137,0.0015817404830822384,0.006882499434004981,3,31.0,1.0,0.054827400000000005,81.0,11.0,15.0,3.6,1.0,1,1,1,0,13.5,2.8224143519643374,19.569271832939123,0.2422690866902844,4.406719247264253,447763.5632183908,0.1724138,0.14942528
M0603,Bengkel Sejahtera,Automotive,bengkel,retailer,Bandung,Buah Batu,Ya,QRIS,2024-01-01,aktif,143614807.0,1.0,0.053191,0.000725058560355685,0.0,14,48.0,1.0,0.053191,49.0,3.0,30.0,0.0,1.0,0,1,0,0,24.5,2.110284180076784,18.782645329039077,0.05182460321801344,3.912023005428146,416659.88,0.38,0.44
M0266,Fashion Sentosa,Fashion,footwear,retailer,Tangerang,Cipondoh,Ya,"EDC, QRIS",2022-11-06,aktif,21359243.0,1.0,0.057971,0.0004989460851145945,0.0,0,39.0,0.0,0.057971,55.0,12.0,14.0,3.6,1.0,0,0,1,0,27.5,1.7900013999204452,16.876995178171484,0.05635292285250152,4.02535169073515,184012.3392857143,0.39285713,0.39285713
M0095,UD Supplier Pak Haji,F&B,warung,supplier,Bekasi,Grand Galaxy,Ya,QRIS,2024-02-09,aktif,215035454.0,3.0,0.171175,0.00121180540024626,0.0016149724549090634,8,53.0,0.6666666666666666,0.05705833333333333,66.0,17.0,50.0,3.8,1.0,0,1,1,0,16.5,2.573989449531968,19.18631347947302,0.15800751836867358,4.204692619390966,457250.43055555556,0.16666667,0.22222222
M0088,Dapur Jaya,F&B,catering,retailer,Bandung,Setiabudhi,Ya,QRIS,2023-07-14,aktif,88266923.0,4.0,0.215201,0.0016446711763730966,0.006072497673131587,0,39.0,0.25,0.05380025,42.0,14.0,39.0,4.2,1.0,0,1,1,0,8.4,2.859151193283299,18.295876008762622,0.19490949520889655,3.7612001156935624,171636.88372093023,0.3488372,0.53488374
M0304,Butik Anugrah,Fashion,accessories,retailer,Tangerang,Karawaci,Ya,QRIS,2021-07-24,aktif,113729483.0,8.0,0.446019,0.0026390006352761688,0.01437878902221216,10,29.0,0.75,0.055752375,56.0,8.0,1.0,0.0,1.0,0,1,0,1,6.222222222222222,3.310178215212225,18.549333239088874,0.3688142633459602,4.04305126783455,157305.8275862069,0.31034482,0.55172414
M0144,Kedai Kang Asep,F&B,cafe,retailer,Bekasi,Summarecon,Tidak,,,,77529608.0,2.0,0.11430499999999999,0.0010088564446494165,0.001237642442079843,10,29.0,1.0,0.057152499999999995,59.0,3.0,12.0,4.3,2.0,0,1,1,0,19.666666666666668,2.405914347220976,18.166170472973345,0.10823089218276405,4.0943445622221,188092.05,0.26666668,0.56666666
M0083,Warung Bersama,F&B,warung,retailer,Depok,Cinere,Ya,QRIS,2020-08-05,aktif,248289171.0,4.0,0.230726,0.0015893143358016722,0.006404548084421302,12,67.0,0.75,0.0576815,61.0,9.0,30.0,3.6,1.0,0,0,1,0,12.2,2.826907821142476,19.330104640989457,0.20760423916134724,4.127134385045092,218071.96721311475,0.36065573,0.47540984
M0195,UD Supplier Surya,F&B,restaurant,supplier,Tangerang,Alam Sutera,Ya,EDC,2022-03-16,aktif,337996041.0,5.0,0.284166,0.0017934808763426348,0.012859406837219832,11,31.0,0.6,0.05683319999999999,51.0,2.0,30.0,0.0,2.0,0,0,0,0,8.5,2.9410019616685523,19.638544743319557,0.2501094804004759,3.9512437185814275,519216.4716981132,0.18867925,0.20754717
M0641,Bengkel Bersama,Automotive,accessories,retailer,Bekasi,Harapan Indah,Ya,EDC,2023-02-09,aktif,48534904.0,8.0,0.44532499999999997,0.002707593469960473,0.014967423842225745,3,31.0,0.875,0.055665624999999996,50.0,7.0,33.0,0.0,1.0,0,0,0,1,5.555555555555555,3.3349127930215015,17.69779378777618,0.36833420976995696,3.9318256327243257,567031.3269230769,0.3653846,0.5
M0367,Swalayan Buana,Grocery,supermarket,retailer,Tangerang,BSD,Tidak,,,,80332371.0,2.0,0.10769200000000001,0.0009114423699841388,0.0010967725706236007,8,53.0,0.5,0.053846000000000005,54.0,11.0,13.0,3.7,5.0,0,0,1,0,18.0,2.313962494190986,18.201683235910238,0.10227857134260185,4.007333185232471,109566.36363636363,0.3090909,0.43636364
M0211,Outlet Maju,Fashion,footwear,retailer,Tangerang,Cipondoh,Ya,EDC,2025-06-09,aktif,109759422.0,6.0,0.31763399999999997,0.0021188568341403806,0.01341785525620708,1,28.0,0.3333333333333333,0.05293899999999999,51.0,20.0,37.0,4.5,2.0,0,0,1,0,7.285714285714286,3.099577216674913,18.513801465003834,0.2758377040413809,3.9512437185814275,161791.77358490566,0.41509435,0.49056605
M0153,CV Bahan Prima,F&B,bakery,supplier,Bogor,Dramaga,Ya,"EDC, QRIS",2020-06-12,aktif,170795966.0,5.0,0.269469,0.0016727162988473539,0.005519080320982064,11,31.0,1.0,0.053893800000000006,67.0,19.0,22.0,3.0,2.0,0,0,1,0,11.166666666666666,2.8750980953524152,18.955980226627787,0.23859870280182285,4.219507705176107,480434.08108108107,0.21621622,0.2027027
M0073,Bakery Berkah,F&B,catering,retailer,Jakarta,Sudirman,Tidak,,,,63576633.0,2.0,0.120778,0.0008442132638725977,0.0009408094986541896,9,62.0,1.0,0.060389,48.0,5.0,22.0,4.8,1.0,0,0,1,0,16.0,2.245181869761709,17.967756570869028,0.11402308701146674,3.8918202981106265,169702.55102040817,0.26530612,0.59183675
M0631,Motor Barokah,Automotive,accessories,retailer,Tangerang,Karawaci,Ya,"EDC, QRIS",2020-12-30,aktif,14314475.0,2.0,0.110426,0.0009317052595101923,0.0007295046914698261,14,48.0,0.5,0.055213,52.0,18.0,20.0,3.3,3.0,1,0,1,0,17.333333333333332,2.3337981180117993,16.476781890884542,0.10474372548186728,3.970291913552122,123971.8679245283,0.28301886,0.5660377
M0043,Kafe Gemilang,F&B,restaurant,retailer,Tangerang,Karawaci,Tidak,,,,59169487.0,7.0,0.379515,0.00226688204255139,0.012612884562171408,5,38.0,0.5714285714285714,0.054216428571428575,59.0,15.0,34.0,4.7,1.0,0,1,1,0,7.375,3.164158588127556,17.895916561581807,0.3217319881209807,4.0943445622221,172346.78333333333,0.36666667,0.48333332
M0132,Resto Buana,F&B,restaurant,retailer,Bogor,Bogor Tengah,Ya,"EDC, QRIS",2019-07-30,aktif,69839246.0,6.0,0.318628,0.0019559781103631532,0.011370211053253842,3,31.0,0.8333333333333334,0.05310466666666667,50.0,11.0,4.0,4.2,1.0,0,0,1,0,7.142857142857143,3.0233367938197593,18.061706687650556,0.27659180211441337,3.9318256327243257,252738.62,0.4,0.5
M0388,Swalayan Nusantara,Grocery,toko_kelontong,retailer,Jakarta,Menteng,Ya,EDC,2020-01-16,aktif,355328671.0,2.0,0.11705399999999999,0.0010320487523179573,0.001162176439513999,14,48.0,1.0,0.058526999999999996,48.0,12.0,1.0,3.9,1.0,0,0,1,0,16.0,2.4266141392663525,19.688553755737036,0.1106948626965176,3.8918202981106265,139718.75510204083,0.20408164,0.63265306
M0145,Kafe Mandiri,F&B,cafe,retailer,Bandung,Braga,Ya,QRIS,2019-11-05,tidak aktif,82962106.0,4.0,0.210352,0.0014801355249567181,0.005207154177043242,2,31.0,0.25,0.052588,59.0,13.0,30.0,0.0,1.0,0,0,0,0,11.8,2.760095711643493,18.233894519345093,0.1909112263937138,4.0943445622221,152748.58333333334,0.4,0.45
M0040,Dapur Berkah,F&B,cafe,retailer,Bandung,Cihampelas,Ya,QRIS,2022-02-15,tidak aktif,78387506.0,2.0,0.111456,0.0009391900240016634,0.0007747842930093327,9,62.0,0.5,0.055728,45.0,11.0,32.0,3.8,2.0,0,0,1,0,15.0,2.3410266796317507,18.177175123133363,0.10567086749371281,3.828641396489095,215844.8085106383,0.25531915,0.59574467
M0329,Outlet Sejahtera,Fashion,footwear,retailer,Jakarta,Senayan,Tidak,,,,115145584.0,5.0,0.265152,0.0017571930338265828,0.00968983472945438,12,67.0,0.8,0.0530304,50.0,11.0,4.0,4.7,5.0,0,0,1,0,8.333333333333334,2.9216513192495976,18.561707842201958,0.23519227306384374,3.9318256327243257,149466.83333333334,0.4814815,0.3888889
M0453,Mart Purnama,Grocery,toko_kelontong,retailer,Tangerang,Unknown,Ya,EDC,2021-12-06,aktif,27040506.0,1.0,0.05042,0.0005264378997374136,0.0,13,36.0,1.0,0.05042,58.0,6.0,43.0,4.7,1.0,0,1,1,0,29.0,1.8348794609089938,17.11284655896326,0.04919008419075894,4.07753744390572,212163.37288135593,0.40677965,0.3220339
M0273,Outlet Barokah,Fashion,footwear,retailer,Bogor,Dramaga,Tidak,,,,187042678.0,3.0,0.162665,0.0014809434523692,0.005795788997056826,2,31.0,0.6666666666666666,0.05422166666666667,57.0,20.0,18.0,4.0,2.0,1,0,1,0,14.25,2.7606068835793227,19.04684737872489,0.15071478389135753,4.060443010546419,163420.8448275862,0.31034482,0.5862069
M0004,Bakery Persada,F&B,cafe,retailer,Depok,Cimanggis,Ya,"EDC, QRIS",2020-01-15,aktif,258582893.0,1.0,0.05042,0.0005450110454348086,0.0,5,38.0,1.0,0.05042,54.0,17.0,26.0,4.7,1.0,0,0,1,0,27.0,1.8640972553661845,19.370726873622242,0.04919008419075894,4.007333185232471,314370.53571428574,0.3392857,0.48214287
M0645,Toko Sparepart Persada,Automotive,bengkel,retailer,Jakarta,Sudirman,Tidak,,,,52631809.0,4.0,0.217847,0.0015010810103451668,0.004573239755490152,14,48.0,0.5,0.054461749999999996,64.0,19.0,24.0,4.1,1.0,0,0,1,0,12.8,2.773264125569323,17.778831247770334,0.1970845456338377,4.174387269895637,122891.921875,0.375,0.46875
M0346,PT Tekstil Barokah,Fashion,textile,supplier,Tangerang,Karawaci,Tidak,,,,354294820.0,6.0,0.329434,0.0023752819841688197,0.011289713983850275,2,31.0,1.0,0.054905666666666665,85.0,16.0,10.0,3.7,1.0,0,0,1,0,12.142857142857142,3.208939415522331,19.68563995217312,0.28475328774586856,4.454347296253507,478708.43529411766,0.105882354,0.27058825
M0660,PT Otomotif Lestari,Automotive,accessories,supplier,Jakarta,Kelapa Gading,Tidak,,,,262172087.0,1.0,0.053763,0.0005444085070121761,0.0,9,62.0,1.0,0.053763,43.0,11.0,30.0,0.0,2.0,0,0,0,0,21.5,1.8631626666741696,19.384511670538096,0.05236756714988153,3.784189633918261,532042.914893617,0.12765957,0.21276596
M0319,Outlet Anugrah,Fashion,clothing,retailer,Bogor,Sentul,Ya,QRIS,2019-03-31,aktif,87903459.0,4.0,0.21739999999999998,0.0014783814589993307,0.007093804241189344,0,39.0,0.5,0.054349999999999996,47.0,4.0,46.0,3.2,1.0,0,1,1,0,9.4,2.7589850219453727,18.291749724793107,0.196717437077687,3.871201010907891,166271.085106383,0.25531915,0.59574467
M0282,Butik Prima,Fashion,footwear,retailer,Depok,Cinere,Tidak,,,,119152841.0,3.0,0.1895,0.0011060503321247903,0.0006439765552285362,1,28.0,0.6666666666666666,0.06316666666666666,64.0,11.0,3.0,4.1,1.0,1,1,1,0,16.0,2.489935925191676,18.595917613511595,0.17353305076087533,4.174387269895637,169912.82352941178,0.32352942,0.5
M0618,PT Otomotif Berkah,Automotive,bengkel,supplier,Tangerang,Karawaci,Ya,QRIS,2024-04-14,aktif,525895614.0,2.0,0.108128,0.0009712372943669789,0.00038236107966694335,9,62.0,0.0,0.054064,37.0,2.0,37.0,4.4,3.0,0,0,1,0,12.333333333333334,2.3713994232859803,20.080613300437722,0.10267210511847434,3.6375861597263857,515715.8,0.025,0.2
M0263,Fashion Nusantara,Fashion,clothing,retailer,Jakarta,Tebet,Ya,EDC,2022-09-20,aktif,3551424.0,5.0,0.26859900000000003,0.001833843179884198,0.010112444343823107,8,53.0,1.0,0.0537198,53.0,11.0,43.0,0.0,1.0,0,1,0,0,8.833333333333334,2.962094400845161,15.082859489359484,0.2379131419468146,3.9889840465642745,148236.96363636362,0.27272728,0.6
M0113,Dapur Bersama,F&B,catering,retailer,Bandung,Cihampelas,Tidak,,,,69317446.0,7.0,0.430253,0.00248383565768066,0.007239705179483309,9,62.0,0.42857142857142855,0.06146471428571428,63.0,17.0,37.0,3.9,1.0,0,1,1,0,7.875,3.2518600769230526,18.054207192935547,0.3578513516996972,4.1588830833596715,223898.43076923076,0.32307693,0.43076923
M0436,Minimarket Sukses,Grocery,minimarket,retailer,Bekasi,Summarecon,Ya,EDC,2020-08-31,aktif,70187816.0,1.0,0.061728,0.0006693060783877921,0.0,14,48.0,0.0,0.061728,46.0,11.0,16.0,4.1,2.0,1,1,1,0,23.0,2.0403187256386057,18.066685306926466,0.05989776948797648,3.8501476017100584,1276882.8695652173,0.26086956,0.6086956
M0490,CV Grosir Sumber,Grocery,distributor,supplier,Bandung,Braga,Ya,"EDC, QRIS",2023-03-30,aktif,595738163.0,5.0,0.289375,0.0019204828336465776,0.005911503534324454,12,67.0,1.0,0.057874999999999996,59.0,2.0,5.0,4.1,2.0,0,0,1,0,9.833333333333334,3.0059216024025743,20.205311806351727,0.25415760484337924,4.0943445622221,459667.7419354839,0.12903225,0.3548387
M0692,Auto Harmoni,Automotive,bengkel,retailer,Depok,Margonda,Ya,"EDC, QRIS",2022-12-09,aktif,186398390.0,4.0,0.219779,0.0016924992632095278,0.0041154126732573645,13,36.0,0.75,0.05494475,52.0,1.0,48.0,3.9,2.0,0,0,1,0,10.4,2.88619597544489,19.043396828204262,0.1986696947949841,3.970291913552122,923822.1153846154,0.32692307,0.53846157
M0170,RM Indonesia,F&B,cafe,retailer,Depok,Cimanggis,Ya,"EDC, QRIS",2019-06-01,aktif,69545840.5,3.0,0.167633,0.0012062267313984786,0.0019973335345760067,12,67.0,0.6666666666666666,0.055877666666666666,50.0,5.0,39.0,3.9,1.0,0,0,1,0,12.5,2.5697277162829097,18.057496683029246,0.1549786227022313,3.9318256327243257,134247.6923076923,0.34615386,0.53846157
M0472,Minimarket Mas Bro,Grocery,minimarket,retailer,Jakarta,Unknown,Ya,EDC,2024-02-16,aktif,8271041.0,8.0,0.434284,0.0026069582835674915,0.01708047191406938,11,31.0,0.5,0.0542855,43.0,3.0,43.0,3.7,5.0,0,0,1,1,4.777777777777778,3.2984106929302555,15.928271056644466,0.36066576998843203,3.784189633918261,170380.22222222222,0.33333334,0.53333336
M0596,Toko Sparepart Mbak Sri,Automotive,sparepart,retailer,Bogor,Dramaga,Tidak,,,,41490923.0,3.0,0.16666799999999998,0.0011545359224097286,0.0026664654239931577,7,40.0,1.0,0.055556,64.0,2.0,27.0,3.1,1.0,0,0,1,0,16.0,2.529350814250767,17.540985262487677,0.15415182268374808,4.174387269895637,140348.078125,0.375,0.46875
M0470,Minimarket Sejahtera,Grocery,minimarket,retailer,Jakarta,Sudirman,Tidak,,,,39105105.0,2.0,0.1,0.0007897913779781336,0.0017457801926898599,1,28.0,0.5,0.05,33.0,3.0,38.0,3.2,1.0,0,0,1,0,11.0,2.185816842494392,17.481763604664987,0.09531017980432487,3.5263605246161616,130255.85714285714,0.34285715,0.54285717
M0123,Kafe Sentosa,F&B,warung,retailer,Bogor,Bogor Tengah,Ya,QRIS,2022-09-07,aktif,69545840.5,7.0,0.40114700000000003,0.002783832112368022,0.010384121953060146,12,67.0,0.7142857142857143,0.05730671428571429,41.0,9.0,15.0,0.0,1.0,1,1,0,0,5.125,3.361705097257654,18.057496683029246,0.33729118690415477,3.7376696182833684,108507.16279069768,0.18604651,0.60465115
