merchant_id,nama,kategori,sub_kategori,tipe,kota,kecamatan,is_bni_acquiring,produk_bni,avg_omzet_bulanan,degree,weighted_degree,pagerank,betweenness,community_id,community_size,connected_bni_ratio,avg_neighbor_jaccard,n_customers,is_hub,customer_density,log_omzet,lama_beroperasi_tahun,jumlah_karyawan,rating_google,jumlah_outlet,has_rating,has_website,has_social_media,in_graph,priority_score,priority_rank,priority_category,predicted_priority,priority_probability
M0003,Agen Bahan Kue Mbak Rani,F&B,restaurant,supplier,Tangerang,Alam Sutera,Ya,QRIS,63796417.0,0.0,0.0,0.0,0.0,-1,0.0,0.0,0.0,0.0,0,0.0,17.971207602538247,20.0,13.0,3.9,3.0,1,1,0,False,0.0,628,Tidak Teranalisis,0,0.0
M0005,Kafe Berkah Utama,F&B,catering,retailer,Bekasi,Harapan Indah,Ya,QRIS,113502255.0,2.0,0.130863,0.0011403279525452,0.000664536741214,14,29.0,1.0,0.0654315,25.0,0,8.333333333333334,18.54733327134017,14.0,13.0,3.5,2.0,1,0,1,True,0.34091745671130286,272,Rendah,0,0.34091745671130286
M0708,Pusat Grosir Sejahtera Utama,Grocery,distributor,supplier,Jakarta,Kemang,Ya,QRIS,312460972.0,5.0,0.269973,0.0018655209996545,0.0129942492012779,0,44.0,0.8,0.0539945999999999,33.0,0,5.5,19.55999013294177,12.0,35.0,3.8,3.0,1,1,1,True,0.4515043620575403,149,Sedang,0,0.4515043620575403
M0694,Ban & Oli Langgeng Maju,Automotive,bengkel,retailer,Bekasi,Kemang Pratama,Ya,QRIS,71909576.0,3.0,0.166275,0.0013853225496845,0.0044217252396166,8,46.0,0.3333333333333333,0.055425,21.0,0,5.25,18.090920012708438,12.0,22.0,4.0,3.0,1,1,0,True,0.22495319644928558,490,Rendah,0,0.22495319644928558
M0695,PT Nawasena Distribusi Mandiri,Automotive,dealer,supplier,Jakarta,Cempaka Putih,Ya,QRIS + EDC,7178825238.0,5.0,0.320942,0.0022717508085751,0.0118594249201277,15,53.0,0.2,0.0641884,56.0,0,9.333333333333334,22.694401590881867,21.0,41.0,0.0,7.0,0,1,1,True,0.34572165515322384,258,Rendah,0,0.34572165515322384
M0696,Toko Sparepart Selaras,Automotive,accessories,retailer,Bogor,Bogor Tengah,Ya,QRIS + EDC,25576752.0,0.0,0.0,0.0,0.0,-1,0.0,0.0,0.0,0.0,0,0.0,17.057194410952476,18.0,22.0,3.8,4.0,1,0,0,False,0.0,628,Tidak Teranalisis,0,0.0
M0697,Toko Sparepart Berseri,Automotive,bengkel,retailer,Bandung,Buah Batu,Ya,QRIS,49904565.0,3.0,0.182451,0.0013611320619138,0.0043654952076677,10,26.0,0.3333333333333333,0.060817,21.0,0,5.25,17.725623059541615,12.0,21.0,0.0,3.0,0,1,1,True,0.2276973763333782,483,Rendah,0,0.2276973763333782
M0698,Harmoni Sparepart Distribusi,Automotive,bengkel,supplier,Jakarta,Pluit,Ya,QRIS + EDC,2454579136.0,1.0,0.051948,0.0005416719805453,0.0,15,53.0,1.0,0.051948,47.0,0,23.5,21.6212211525397,19.0,48.0,3.8,7.0,1,0,0,True,0.2519633314457828,463,Rendah,0,0.2519633314457828
M0701,Toko Pangan Sembada,Grocery,toko_kelontong,retailer,Jakarta,Senayan,Ya,QRIS,48402986.0,0.0,0.0,0.0,0.0,-1,0.0,0.0,0.0,0.0,0,0.0,17.69507208465861,11.0,14.0,3.9,3.0,1,0,0,False,0.0,628,Tidak Teranalisis,0,0.0
M0703,Mahardika Garage Distribusi,Automotive,dealer,supplier,Bogor,Sentul,Ya,QRIS + EDC,2657422903.0,2.0,0.131884,0.0015902396321465,0.0031642172523961,0,44.0,1.0,0.065942,32.0,0,10.666666666666666,21.700622657035197,14.0,42.0,0.0,5.0,0,0,1,True,0.37437474823338823,232,Sedang,0,0.37437474823338823
M0706,Motor Care Nawasena,Automotive,sparepart,retailer,Bandung,Setiabudhi,Ya,QRIS + EDC,370471326.0,2.0,0.131647,0.0010315944301886,0.0016460063897763,10,26.0,0.5,0.0658235,21.0,0,7.0,19.73028660969216,18.0,35.0,3.9,2.0,1,1,1,True,0.20812009398410364,522,Rendah,0,0.20812009398410364
M0645,Toko Sparepart Mentari,Automotive,bengkel,retailer,Jakarta,Sudirman,Ya,QRIS,59330772.0,2.0,0.143492,0.0011373476153797,0.0011092651757188,17,39.0,1.0,0.071746,20.0,0,6.666666666666667,17.898638666971795,8.0,22.0,4.3,3.0,1,0,0,True,0.34423262078508354,262,Rendah,0,0.34423262078508354
M0692,Ban & Oli Sentosa Jaya,Automotive,bengkel,retailer,Depok,Margonda,Ya,QRIS + EDC,529761361.0,9.0,0.551381,0.0032896051870255,0.0301955271565495,7,67.0,0.4444444444444444,0.0612645555555555,28.0,1,2.8,20.087937202735443,14.0,34.0,0.0,4.0,0,0,1,True,0.6372878590870051,28,Tinggi,1,0.6372878590870051
M0012,Dapur Bu Sari,F&B,restaurant,retailer,Bekasi,Grand Galaxy,Ya,QRIS,37093603.0,0.0,0.0,0.0,0.0,-1,0.0,0.0,0.0,0.0,0,0.0,17.428955113793428,13.0,16.0,3.9,3.0,1,0,1,False,0.0,628,Tidak Teranalisis,0,0.0
M0011,Bakery Anugerah Sejati,F&B,warung,retailer,Bogor,Dramaga,Ya,QRIS,34158318.0,1.0,0.054545,0.0005503111559124,0.0,7,67.0,0.0,0.054545,15.0,0,7.5,17.34651671607194,12.0,21.0,4.2,2.0,1,0,0,True,0.0033271980272381123,619,Rendah,0,0.0033271980272381123
M0010,UD Mandala Pangan Sejahtera,F&B,catering,retailer,Bogor,Cibinong,Ya,QRIS,372676371.0,1.0,0.058824,0.0005722183017723,0.0,17,39.0,1.0,0.058824,20.0,0,10.0,19.73622096560591,17.0,24.0,3.7,5.0,1,0,0,True,0.2561400956435069,449,Rendah,0,0.2561400956435069
M0008,Warung Bu Wati,F&B,warung,retailer,Depok,Margonda,Ya,QRIS,58108269.0,2.0,0.118298,0.0008866009793509,0.0004140575079872,7,67.0,0.0,0.059149,18.0,0,6.0,17.87781855248439,15.0,26.0,4.1,4.0,1,0,1,True,0.06869344924594882,578,Rendah,0,0.06869344924594882
M0007,Kafe Buana Juara,F&B,catering,retailer,Jakarta,Tebet,Ya,QRIS,48142709.0,1.0,0.08,0.000771497994674,0.0,0,44.0,0.0,0.08,22.0,0,11.0,17.68968028287683,12.0,26.0,0.0,2.0,0,0,1,True,0.026760011934890728,586,Rendah,0,0.026760011934890728
M0439,Toko Sembako Bu Rina,Grocery,toko_kelontong,retailer,Bogor,Tanah Sareal,Ya,QRIS + EDC,254111529.0,3.0,0.171608,0.001370202733602,0.0078108626198083,0,44.0,0.6666666666666666,0.0572026666666666,29.0,0,7.25,19.353283823097225,21.0,40.0,3.9,3.0,1,1,1,True,0.3086644871175308,359,Rendah,0,0.3086644871175308
M0438,UD Sejahtera Pangan Niaga Raya,Grocery,distributor,retailer,Tangerang,Alam Sutera,Ya,QRIS + EDC,955086377.0,2.0,0.110804,0.0009123670742759,0.0017482428115015,3,76.0,0.5,0.055402,47.0,0,15.666666666666666,20.67731234252236,12.0,42.0,3.7,5.0,1,0,1,True,0.19349555929699996,546,Rendah,0,0.19349555929699996
M0468,CV Langgeng Distribusi Indonesia,Grocery,supermarket,supplier,Bandung,Cihampelas,Ya,QRIS + EDC,272306077.0,2.0,0.111149,0.0008764858009058,0.0007974440894568,12,58.0,0.5,0.0555745,27.0,0,9.0,19.4224372783644,19.0,22.0,4.1,4.0,1,1,1,True,0.19094663784276933,549,Rendah,0,0.19094663784276933
M0467,UD Adikara Retail Mandiri,Grocery,supermarket,retailer,Bekasi,Kemang Pratama,Ya,QRIS,660319578.0,5.0,0.283248,0.0019772136890556,0.0137099041533546,8,46.0,0.2,0.0566496,32.0,0,5.333333333333333,20.30823448639868,15.0,24.0,4.2,2.0,1,1,1,True,0.31345506418225483,348,Rendah,0,0.31345506418225483
M0465,Grosir Sembako Sentosa,Grocery,supermarket,supplier,Bandung,Setiabudhi,Ya,QRIS + EDC,959968578.0,4.0,0.255388,0.0018742811212079,0.0089150159744408,13,28.0,0.5,0.063847,25.0,0,5.0,20.68241111168218,21.0,24.0,4.1,4.0,1,0,1,True,0.35034057139276525,253,Rendah,0,0.35034057139276525
M0463,UD Sahabat Grosir Sejahtera,Grocery,distributor,retailer,Bogor,Bogor Tengah,Ya,QRIS + EDC,2035023054.0,7.0,0.396542,0.0028700127369181,0.024782108626198,1,29.0,0.4285714285714285,0.0566488571428571,35.0,1,4.375,21.433772985015125,17.0,29.0,4.1,4.0,1,1,1,True,0.5135889778018096,87,Tinggi,1,0.5135889778018096
M0462,Minimarket Kencana Sejati,Grocery,toko_kelontong,retailer,Jakarta,Senayan,Ya,QRIS,881498383.0,10.0,0.611677,0.0040656588245754,0.0376025559105431,18,41.0,0.5,0.0611677,35.0,1,3.1818181818181817,20.59713372656172,16.0,41.0,4.1,6.0,1,1,1,True,0.7479986915522894,13,Tinggi,1,0.7479986915522894
M0461,Minimarket Karya Asri,Grocery,minimarket,retailer,Depok,Cimanggis,Ya,QRIS,24126463.0,6.0,0.352342,0.0022950499396745,0.0193738019169329,7,67.0,0.5,0.0587236666666666,25.0,1,3.571428571428572,16.99881988728595,16.0,22.0,3.8,2.0,1,0,1,True,0.45395571762202497,146,Sedang,0,0.45395571762202497
M0460,Pusat Grosir Lentera Pilihan,Grocery,minimarket,supplier,Bekasi,Jababeka,Ya,QRIS + EDC,377735449.0,5.0,0.320847,0.0021535993726817,0.0059501597444089,1,29.0,0.8,0.0641694,25.0,0,4.166666666666667,19.749704640837248,27.0,20.0,3.9,5.0,1,0,1,True,0.4869838845013845,105,Sedang,0,0.4869838845013845
M0063,Warung Bu Rina,F&B,cafe,retailer,Bandung,Braga,Ya,QRIS + EDC,1981949030.0,5.0,0.302721,0.0023848551305752,0.0108677316293929,9,20.0,0.6,0.0605441999999999,29.0,0,4.833333333333333,21.407346556580052,14.0,24.0,3.7,5.0,1,1,0,True,0.4489605951511926,152,Sedang,0,0.4489605951511926
M0062,Dapur Bu Maya,F&B,warung,retailer,Bogor,Sentul,Ya,QRIS + EDC,33323312.0,0.0,0.0,0.0,0.0,-1,0.0,0.0,0.0,0.0,0,0.0,17.32176780009201,9.0,12.0,3.6,2.0,1,1,0,False,0.0,628,Tidak Teranalisis,0,0.0
M0061,Kedai Langgeng Baru,F&B,warung,retailer,Bandung,Dago,Ya,QRIS + EDC,616228521.0,2.0,0.11438,0.0009765268430201,0.0011297124600638,18,41.0,0.0,0.05719,25.0,0,8.333333333333334,20.239128429975462,22.0,22.0,3.8,4.0,1,0,1,True,0.07422692574780557,575,Rendah,0,0.07422692574780557
M0060,Kafe Sentosa Cemerlang,F&B,bakery,retailer,Bandung,Cihampelas,Ya,QRIS,544749479.0,4.0,0.259729,0.001856405846424,0.0042172523961661,9,20.0,0.25,0.06493225,30.0,0,6.0,20.115836577222236,23.0,40.0,0.0,5.0,0,1,0,True,0.2877377074242188,382,Rendah,0,0.2877377074242188
M0059,Sejahtera Boga Distribusi,F&B,catering,supplier,Jakarta,Thamrin,Ya,QRIS + EDC,3332772671.0,5.0,0.280858,0.0022738968906939,0.0121201277955271,1,29.0,0.6,0.0561716,36.0,0,6.0,21.92707042872541,24.0,33.0,4.4,5.0,1,1,1,True,0.4346602320432347,165,Sedang,0,0.4346602320432347
M0058,Bakery Adikara Sukses,F&B,cafe,retailer,Depok,Cinere,Ya,QRIS,374919233.0,3.0,0.197685,0.0015358357265027,0.0041814696485623,6,16.0,0.3333333333333333,0.065895,26.0,0,6.5,19.742221184737943,13.0,22.0,4.1,3.0,1,1,1,True,0.2448421416385357,473,Rendah,0,0.2448421416385357
M0053,Grosir Bahan Pangan Mandala,F&B,catering,supplier,Tangerang,Karawaci,Ya,QRIS,27575471.0,1.0,0.073171,0.0006587984277961,0.0,12,58.0,0.0,0.073171,12.0,0,6.0,17.13243723991111,16.0,18.0,0.0,3.0,0,1,1,True,0.01653933169560153,595,Rendah,0,0.01653933169560153
M0022,Gemilang Rasa Distribusi,F&B,catering,supplier,Bekasi,Grand Galaxy,Ya,QRIS,532351642.0,6.0,0.326195,0.0021755009163904,0.0204421725239616,3,76.0,0.8333333333333334,0.0543658333333333,30.0,1,4.285714285714286,20.09281481203552,16.0,43.0,3.6,3.0,1,0,0,True,0.5211561919676413,80,Tinggi,1,0.5211561919676413
M0052,Distribusi Boga Gemilang,F&B,catering,supplier,Tangerang,BSD,Ya,QRIS,23610849.0,0.0,0.0,0.0,0.0,-1,0.0,0.0,0.0,0.0,0,0.0,16.97721691010785,14.0,22.0,3.9,2.0,1,1,1,False,0.0,628,Tidak Teranalisis,0,0.0
M0051,Dapur Mbak Ayu,F&B,catering,retailer,Tangerang,Cipondoh,Ya,QRIS + EDC,215751215.0,5.0,0.339724,0.0020812176875789,0.0119463258785942,12,58.0,0.6,0.0679448,19.0,0,3.1666666666666665,19.189636524064884,14.0,22.0,3.8,7.0,1,1,0,True,0.4369309979388259,161,Sedang,0,0.4369309979388259
M0050,PT Cakrawala Rasa Utama,F&B,warung,retailer,Jakarta,Menteng,Ya,QRIS + EDC,1663580485.0,4.0,0.206025,0.0015276336421649,0.0139961661341853,5,19.0,0.75,0.05150625,47.0,0,9.4,21.232238035781062,22.0,20.0,3.7,6.0,1,0,1,True,0.3734657451703773,233,Sedang,0,0.3734657451703773
M0048,Agen Bahan Kue Bu Lestari,F&B,warung,supplier,Tangerang,Alam Sutera,Ya,QRIS + EDC,777585453.0,3.0,0.161224,0.0013367398814101,0.0085111821086261,15,53.0,0.3333333333333333,0.0537413333333333,27.0,0,6.75,20.471704104659818,20.0,34.0,3.7,5.0,1,0,0,True,0.21995745541716225,495,Rendah,0,0.21995745541716225
M0047,Supplier Horeka Mitra,F&B,catering,supplier,Depok,Sawangan,Ya,QRIS,737187270.0,1.0,0.050847,0.0006346535998408,0.0,14,29.0,0.0,0.050847,31.0,0,15.5,20.41835251692612,12.0,34.0,4.5,5.0,1,0,0,True,0.00851059369220479,612,Rendah,0,0.00851059369220479
M0081,Distribusi Boga Prima,F&B,cafe,supplier,Jakarta,Pluit,Ya,QRIS,463506020.0,5.0,0.326054,0.0023807525349136,0.0122070287539936,17,39.0,0.4,0.0652107999999999,34.0,0,5.666666666666667,19.954329933177075,12.0,22.0,0.0,3.0,0,0,0,True,0.4051891032477909,192,Sedang,0,0.4051891032477909
M0080,UD Sahabat Sajian Internasional,F&B,warung,retailer,Bekasi,Kemang Pratama,Ya,QRIS,19054100.0,0.0,0.0,0.0,0.0,-1,0.0,0.0,0.0,0.0,0,0.0,16.76279291195907,17.0,18.0,0.0,4.0,0,0,1,False,0.0,628,Tidak Teranalisis,0,0.0
M0079,Kafe Mentari Sejati,F&B,cafe,retailer,Tangerang,BSD,Ya,QRIS,67940244.0,2.0,0.121429,0.0010800509670912,0.0015386581469648,14,29.0,0.5,0.0607145,22.0,0,7.333333333333333,18.03413912681326,8.0,15.0,3.7,3.0,1,0,1,True,0.2088326891064428,520,Rendah,0,0.2088326891064428
M0077,Bakery Berkah Bersama,F&B,catering,retailer,Bekasi,Harapan Indah,Ya,QRIS,29642094.0,1.0,0.055556,0.0006353000810175,0.0,15,53.0,0.0,0.055556,19.0,0,9.5,17.20470603740581,9.0,21.0,4.0,3.0,1,1,0,True,0.009876323593415,609,Rendah,0,0.009876323593415
M0076,Bakery Harmoni Abadi,F&B,bakery,retailer,Depok,Sawangan,Ya,QRIS,32308933.0,1.0,0.071429,0.000659100614254,0.0,7,67.0,0.0,0.071429,13.0,0,6.5,17.290854344374942,14.0,9.0,3.9,3.0,1,1,0,True,0.01607401970371792,596,Rendah,0,0.01607401970371792
M0075,UD Jelita Boga Niaga Raya,F&B,bakery,retailer,Bogor,Cibinong,Ya,QRIS + EDC,430963587.0,2.0,0.106519,0.0008208616681265,0.005035143769968,15,53.0,0.5,0.0532595,27.0,0,9.0,19.88153416190056,12.0,19.0,3.3,3.0,1,0,1,True,0.18554957648396614,556,Rendah,0,0.18554957648396614
M0073,Rumah Makan Mandala,F&B,catering,retailer,Jakarta,Sudirman,Ya,QRIS,18269967.0,0.0,0.0,0.0,0.0,-1,0.0,0.0,0.0,0.0,0,0.0,16.720769176847455,15.0,12.0,4.2,1.0,1,1,1,False,0.0,628,Tidak Teranalisis,0,0.0
M0071,Kafe Kencana Pilihan,F&B,cafe,retailer,Bandung,Dago,Ya,QRIS,27534473.0,2.0,0.124018,0.0009148391866424,0.0,18,41.0,0.5,0.062009,14.0,0,4.666666666666667,17.130949377536385,21.0,17.0,3.7,2.0,1,0,1,True,0.19737647022221308,543,Rendah,0,0.19737647022221308
M0069,Supplier Horeka Harmoni,F&B,bakery,supplier,Tangerang,Cipondoh,Ya,QRIS + EDC,27281556.0,1.0,0.054545,0.0006187130563685,0.0,1,29.0,1.0,0.054545,15.0,0,7.5,17.12172146409089,19.0,15.0,0.0,4.0,0,0,0,True,0.25837039746380636,444,Rendah,0,0.25837039746380636
M0037,Nusantara Pangan Center,F&B,restaurant,retailer,Jakarta,Cempaka Putih,Ya,QRIS,398655052.0,6.0,0.365289,0.0030283845943399,0.0234581469648562,14,29.0,0.3333333333333333,0.0608815,24.0,1,3.4285714285714284,19.803607072111514,12.0,23.0,0.0,3.0,0,1,0,True,0.46998094627595133,130,Sedang,0,0.46998094627595133
M0068,Kedai Sejahtera Bersama,F&B,warung,retailer,Bogor,Bogor Tengah,Ya,QRIS,24423111.0,1.0,0.056604,0.0005733505908792,0.0,3,76.0,1.0,0.056604,14.0,0,7.0,17.011040455054925,6.0,5.0,4.0,1.0,1,1,0,True,0.25560219236999027,451,Rendah,0,0.25560219236999027
M0067,Kafe Bintang Bersama,F&B,catering,retailer,Tangerang,BSD,Ya,QRIS + EDC,41003793.0,6.0,0.361585,0.0022788237360113,0.0104434504792332,12,58.0,0.5,0.0602641666666666,24.0,1,3.4285714285714284,17.529175156972702,16.0,24.0,3.9,4.0,1,0,0,True,0.4553465248193352,144,Sedang,0,0.4553465248193352
M0066,Kedai Langgeng Juara,F&B,bakery,retailer,Depok,Margonda,Ya,QRIS,503808524.0,4.0,0.220849,0.0015740090569236,0.0112153354632587,18,41.0,0.75,0.05521225,26.0,0,5.2,20.037706843137,14.0,26.0,3.9,4.0,1,1,1,True,0.38103424454692525,224,Sedang,0,0.38103424454692525
M0065,Warung Mas Bima,F&B,restaurant,retailer,Jakarta,Pluit,Ya,QRIS + EDC,57037884.0,0.0,0.0,0.0,0.0,-1,0.0,0.0,0.0,0.0,0,0.0,17.859226254140225,13.0,18.0,3.9,2.0,1,0,1,False,0.0,628,Tidak Teranalisis,0,0.0
M0064,Dapur Pak Surya,F&B,catering,retailer,Bekasi,Summarecon,Ya,QRIS,18091276.0,1.0,0.066667,0.0006197049447331,0.0,5,19.0,1.0,0.066667,22.0,0,11.0,16.710940446367026,3.0,7.0,3.3,2.0,1,0,1,True,0.26183651843595934,429,Rendah,0,0.26183651843595934
M0088,UD Prima Sajian Utama,F&B,catering,retailer,Bandung,Setiabudhi,Ya,QRIS + EDC,74554788.0,1.0,0.078947,0.0008676972371792,0.0,13,28.0,1.0,0.078947,23.0,0,11.5,18.12704483587773,7.0,17.0,4.1,2.0,1,0,0,True,0.2835579414889933,389,Rendah,0,0.2835579414889933
M0085,Rumah Makan Sejahtera,F&B,bakery,retailer,Jakarta,Pluit,Ya,QRIS + EDC,47443071.0,2.0,0.129545,0.0014052960358658,0.0031642172523961,15,53.0,1.0,0.0647725,20.0,0,6.666666666666667,17.675041066037807,16.0,18.0,3.8,3.0,1,1,1,True,0.36008435913980136,245,Sedang,0,0.36008435913980136
M0644,Sinar Auto Distribusi,Automotive,bengkel,supplier,Bandung,Setiabudhi,Ya,QRIS + EDC,2876642661.0,7.0,0.459157,0.0034276143345868,0.0112766773162939,4,30.0,1.0,0.0655938571428571,46.0,1,5.75,21.779889708727,18.0,22.0,0.0,4.0,0,0,0,True,0.7150836509270456,14,Tinggi,1,0.7150836509270456
M0642,Ban & Oli Karya Mandiri,Automotive,sparepart,retailer,Bekasi,Jababeka,Ya,QRIS + EDC,603921763.0,1.0,0.064935,0.0007101339120528,0.0,15,53.0,1.0,0.064935,33.0,0,16.5,20.218955217708054,12.0,31.0,3.9,3.0,1,0,1,True,0.26801895726292735,407,Rendah,0,0.26801895726292735
M0641,Ban & Oli Nawasena Maju,Automotive,accessories,retailer,Bekasi,Harapan Indah,Ya,QRIS + EDC,309038259.0,5.0,0.277611,0.0019789549881169,0.0165111821086261,15,53.0,0.2,0.0555222,32.0,0,5.333333333333333,19.54897564596733,10.0,23.0,3.7,2.0,1,0,1,True,0.31200563234268114,351,Rendah,0,0.31200563234268114
M0639,PT Tunas Auto Indonesia,Automotive,bengkel,retailer,Bogor,Dramaga,Ya,QRIS,3208711669.0,3.0,0.169684,0.0013754374750735,0.0078210862619808,10,26.0,0.6666666666666666,0.0565613333333333,53.0,0,13.25,21.889135344616648,12.0,37.0,0.0,4.0,0,0,1,True,0.30851190473040413,360,Rendah,0,0.30851190473040413
M0636,Ban & Oli Sejahtera Asri,Automotive,accessories,retailer,Jakarta,Kuningan,Ya,QRIS,24101031.0,0.0,0.0,0.0,0.0,-1,0.0,0.0,0.0,0.0,0,0.0,16.99776521912083,3.0,11.0,0.0,1.0,0,0,1,False,0.0,628,Tidak Teranalisis,0,0.0
M0635,CV Sentosa Garage Persada,Automotive,dealer,retailer,Jakarta,Thamrin,Ya,QRIS + EDC,3089918927.0,3.0,0.154529,0.0014372324918421,0.0038083067092651,14,29.0,1.0,0.0515096666666666,42.0,0,10.5,21.851410690618668,16.0,47.0,4.3,3.0,1,1,0,True,0.3921593816065289,208,Sedang,0,0.3921593816065289
M0632,Pelita Otomotif Distribusi,Automotive,dealer,supplier,Depok,Cinere,Ya,QRIS + EDC,1136523913.0,4.0,0.20976,0.0014755906086667,0.0088690095846645,17,39.0,0.25,0.05244,36.0,0,7.2,20.85124024283048,14.0,46.0,4.1,2.0,1,1,1,True,0.24567410714408425,471,Rendah,0,0.24567410714408425
M0084,Rumah Makan Anugerah,F&B,restaurant,retailer,Bekasi,Kemang Pratama,Ya,QRIS,80806833.0,0.0,0.0,0.0,0.0,-1,0.0,0.0,0.0,0.0,0,0.0,18.207572099122626,10.0,22.0,4.4,3.0,1,0,1,False,0.0,628,Tidak Teranalisis,0,0.0
M0083,Kedai Prima Sejati,F&B,warung,retailer,Depok,Cinere,Ya,QRIS + EDC,25499321.0,0.0,0.0,0.0,0.0,-1,0.0,0.0,0.0,0.0,0,0.0,17.054162421539885,11.0,22.0,3.5,2.0,1,0,1,False,0.0,628,Tidak Teranalisis,0,0.0
M0082,Rumah Makan Mentari,F&B,bakery,retailer,Tangerang,Cipondoh,Ya,QRIS,46056429.0,0.0,0.0,0.0,0.0,-1,0.0,0.0,0.0,0.0,0,0.0,17.64537794175416,17.0,22.0,4.0,6.0,1,0,1,False,0.0,628,Tidak Teranalisis,0,0.0
M0104,CV Adikara Sajian Utama,F&B,catering,retailer,Bogor,Tanah Sareal,Ya,QRIS,218706030.0,4.0,0.215619,0.0016043201123322,0.0061699680511182,1,29.0,0.25,0.05390475,32.0,0,6.4,19.203239061855705,15.0,23.0,3.9,4.0,1,0,1,True,0.2568051512046668,447,Rendah,0,0.2568051512046668
M0103,Berkah Pangan Market,F&B,catering,retailer,Bekasi,Grand Galaxy,Ya,QRIS + EDC,2257022115.0,1.0,0.05,0.0005362954692039,0.0,0,44.0,1.0,0.05,37.0,0,18.5,21.53731213358183,19.0,51.0,3.9,5.0,1,0,1,True,0.2510216749805667,464,Rendah,0,0.2510216749805667
M0101,Mandala Sajian House,F&B,bakery,retailer,Depok,Margonda,Ya,QRIS + EDC,780991185.0,3.0,0.161688,0.0012398353034121,0.006614696485623,8,46.0,0.3333333333333333,0.053896,29.0,0,7.25,20.476074422208907,14.0,33.0,4.1,6.0,1,0,1,True,0.21294265907148296,512,Rendah,0,0.21294265907148296
M0132,Kafe Arunika Juara,F&B,restaurant,retailer,Bogor,Bogor Tengah,Ya,QRIS + EDC,481851032.0,3.0,0.199563,0.0012729820404799,0.0003578274760383,3,76.0,0.6666666666666666,0.066521,24.0,0,6.0,19.993145564079963,9.0,34.0,3.9,3.0,1,0,0,True,0.3093212107633677,357,Rendah,0,0.3093212107633677
M0597,Garasi Pak Darto,Automotive,accessories,retailer,Bandung,Dago,Ya,QRIS + EDC,583953275.0,7.0,0.429394,0.0030571610036579,0.0158977635782747,4,30.0,0.2857142857142857,0.061342,30.0,1,3.75,20.185331530742467,12.0,32.0,3.8,2.0,1,1,0,True,0.5008683243596769,96,Sedang,0,0.5008683243596769
M0628,Garasi Pak Wahyu,Automotive,accessories,retailer,Jakarta,Cempaka Putih,Ya,QRIS + EDC,442020119.0,2.0,0.112699,0.000923012676413,0.0026888178913738,17,39.0,0.0,0.0563495,33.0,0,11.0,19.90686595936794,17.0,54.0,4.3,1.0,1,1,1,True,0.06981086534270001,577,Rendah,0,0.06981086534270001
M0626,Garasi Mbak Ayu,Automotive,bengkel,retailer,Depok,Sawangan,Ya,QRIS + EDC,34919673.0,0.0,0.0,0.0,0.0,-1,0.0,0.0,0.0,0.0,0,0.0,17.368560953267814,6.0,30.0,4.3,1.0,1,0,0,False,0.0,628,Tidak Teranalisis,0,0.0
M0622,Distributor Sparepart Kencana,Automotive,dealer,supplier,Bogor,Dramaga,Ya,QRIS,58744400.0,2.0,0.1509309999999999,0.0015456592014806,0.0063182108626198,0,44.0,1.0,0.0754654999999999,17.0,0,5.666666666666667,17.888706404319347,7.0,28.0,0.0,3.0,0,0,1,True,0.3764192022119448,228,Sedang,0,0.3764192022119448
M0618,CV Sinar Distribusi Nusantara,Automotive,bengkel,supplier,Tangerang,Karawaci,Ya,QRIS,309019780.0,2.0,0.138745,0.0010556216860009,0.0010683706070287,3,76.0,1.0,0.0693725,21.0,0,7.0,19.5489158489943,14.0,46.0,3.8,4.0,1,0,1,True,0.3368783529905994,278,Rendah,0,0.3368783529905994
M0617,Garasi Bu Rina,Automotive,sparepart,retailer,Depok,Margonda,Ya,QRIS + EDC,93068556.0,0.0,0.0,0.0,0.0,-1,0.0,0.0,0.0,0.0,0,0.0,18.34884695158269,12.0,23.0,0.0,2.0,0,0,1,False,0.0,628,Tidak Teranalisis,0,0.0
M0616,Distributor Sparepart Pelita,Automotive,dealer,supplier,Bogor,Tanah Sareal,Ya,QRIS + EDC,699597768.0,11.0,0.642176,0.0039435022072649,0.0247974440894568,3,76.0,0.8181818181818182,0.0583796363636363,34.0,1,2.833333333333333,20.366016112138517,24.0,42.0,3.8,3.0,1,0,1,True,0.8498017177541494,5,Tinggi,1,0.8498017177541494
M0614,Motor Care Berseri,Automotive,accessories,retailer,Depok,Cinere,Ya,QRIS,36285310.0,2.0,0.129794,0.0009934779058381,0.0010785942492012,10,26.0,0.0,0.064897,14.0,0,4.666666666666667,17.406923561692505,8.0,11.0,3.5,1.0,1,0,1,True,0.07979114198084174,572,Rendah,0,0.07979114198084174
M0099,Kafe Prima Utama,F&B,restaurant,retailer,Bandung,Buah Batu,Ya,QRIS,89587739.0,4.0,0.245491,0.0017420064893117,0.0064715654952076,10,26.0,0.5,0.06137275,26.0,0,5.2,18.31072903822589,3.0,11.0,0.0,3.0,0,1,0,True,0.3378178985050968,275,Rendah,0,0.3378178985050968
M0097,Rumah Makan Langgeng,F&B,restaurant,retailer,Jakarta,Kelapa Gading,Ya,QRIS,23202778.0,0.0,0.0,0.0,0.0,-1,0.0,0.0,0.0,0.0,0,0.0,16.95978261394571,11.0,16.0,3.9,2.0,1,0,0,False,0.0,628,Tidak Teranalisis,0,0.0
M0095,Distribusi Boga Berkah,F&B,warung,supplier,Bekasi,Grand Galaxy,Ya,QRIS,592610383.0,7.0,0.480119,0.0032252900134721,0.0129226837060702,5,19.0,0.7142857142857143,0.0685884285714285,26.0,1,3.25,20.20004771573118,11.0,38.0,0.0,2.0,0,1,0,True,0.6346052592353267,30,Tinggi,1,0.6346052592353267
M0599,Anugerah Otomotif Distribusi,Automotive,sparepart,supplier,Tangerang,Cipondoh,Ya,QRIS,671958220.0,2.0,0.10897,0.0010933191857254,0.002049840255591,5,19.0,0.5,0.054485,32.0,0,10.666666666666666,20.325706725423768,13.0,22.0,4.5,3.0,1,1,0,True,0.20632362319459346,528,Rendah,0,0.20632362319459346
M0130,UD Makmur Distribusi Indonesia,F&B,cafe,supplier,Depok,Cinere,Ya,QRIS,47837250.0,4.0,0.232908,0.0015111639147637,0.0046722044728434,7,67.0,0.25,0.058227,22.0,0,4.4,17.683315203581042,17.0,14.0,3.4,3.0,1,1,1,True,0.2547760951720983,456,Rendah,0,0.2547760951720983
M0129,Rumah Makan Berkah,F&B,restaurant,retailer,Bekasi,Kemang Pratama,Ya,QRIS + EDC,31891304.0,0.0,0.0,0.0,0.0,-1,0.0,0.0,0.0,0.0,0,0.0,17.277843960068058,14.0,17.0,3.8,3.0,1,0,0,False,0.0,628,Tidak Teranalisis,0,0.0
M0124,Berseri Rasa Distribusi,F&B,warung,supplier,Jakarta,Kemang,Ya,QRIS + EDC,465057342.0,0.0,0.0,0.0,0.0,-1,0.0,0.0,0.0,0.0,0,0.0,19.95767127422813,23.0,23.0,4.2,4.0,1,0,0,False,0.0,628,Tidak Teranalisis,0,0.0
M0123,Kafe Berseri Utama,F&B,warung,retailer,Bogor,Bogor Tengah,Ya,QRIS,27036444.0,2.0,0.1176919999999999,0.001224428161934,0.0031642172523961,12,58.0,0.0,0.0588459999999999,23.0,0,7.666666666666667,17.11269632860236,14.0,16.0,3.6,1.0,1,0,1,True,0.09343146692714392,567,Rendah,0,0.09343146692714392
M0120,Prima Boga Distribusi,F&B,cafe,supplier,Tangerang,Gading Serpong,Ya,QRIS + EDC,107001223.0,3.0,0.154295,0.0012796216188649,0.004820447284345,1,29.0,0.6666666666666666,0.0514316666666666,19.0,0,4.75,18.48835083161309,15.0,18.0,3.5,3.0,1,1,0,True,0.2971400686698717,375,Rendah,0,0.2971400686698717
M0148,Warung Bu Ningsih,F&B,restaurant,retailer,Bandung,Setiabudhi,Ya,QRIS,25531556.0,0.0,0.0,0.0,0.0,-1,0.0,0.0,0.0,0.0,0,0.0,17.05542577443206,11.0,11.0,3.7,1.0,1,1,0,False,0.0,628,Tidak Teranalisis,0,0.0
M0115,Gemilang Boga House,F&B,bakery,retailer,Bandung,Buah Batu,Ya,QRIS,46882006.0,1.0,0.087719,0.0007948803568275,0.0,4,30.0,1.0,0.087719,16.0,0,8.0,17.663144513750094,13.0,22.0,0.0,2.0,0,1,1,True,0.2806445436840301,391,Rendah,0,0.2806445436840301
M0113,Kedai Berkah Mulia,F&B,catering,retailer,Bandung,Cihampelas,Ya,QRIS + EDC,20039726.0,0.0,0.0,0.0,0.0,-1,0.0,0.0,0.0,0.0,0,0.0,16.813227211333658,18.0,11.0,0.0,2.0,0,0,1,False,0.0,628,Tidak Teranalisis,0,0.0
M0112,Kedai Sejahtera Abadi,F&B,bakery,retailer,Bekasi,Kemang Pratama,Ya,QRIS,52206927.0,0.0,0.0,0.0,0.0,-1,0.0,0.0,0.0,0.0,0,0.0,17.77072576435282,11.0,17.0,0.0,2.0,0,0,1,False,0.0,628,Tidak Teranalisis,0,0.0
M0111,Kedai Tunas Mandiri,F&B,cafe,retailer,Depok,Cimanggis,Ya,QRIS + EDC,44132875.0,1.0,0.052632,0.0007002608418504,0.0,12,58.0,1.0,0.052632,18.0,0,9.0,17.602715550207616,4.0,15.0,3.5,1.0,1,0,1,True,0.2638473736594841,419,Rendah,0,0.2638473736594841
M0109,Arunika Kuliner Distribusi,F&B,bakery,supplier,Bandung,Braga,Ya,QRIS,468933156.0,3.0,0.16788,0.0012270318172188,0.0016306709265175,18,41.0,0.0,0.05596,31.0,0,7.75,19.96597079386521,12.0,22.0,3.7,4.0,1,0,1,True,0.13039850071174217,564,Rendah,0,0.13039850071174217
M0108,Kafe Anugerah Cemerlang,F&B,cafe,retailer,Bogor,Bogor Tengah,Ya,QRIS + EDC,75652420.0,3.0,0.190044,0.0012766877286113,0.0007514376996805,3,76.0,0.6666666666666666,0.063348,22.0,0,5.5,18.14166000033032,11.0,16.0,3.6,3.0,1,0,1,True,0.306930025897194,363,Rendah,0,0.306930025897194
M0106,Agen Bahan Kue Bang Fajar,F&B,restaurant,supplier,Bandung,Buah Batu,Ya,QRIS,442601130.0,7.0,0.444314,0.0031077403451569,0.0218581469648562,13,28.0,0.5714285714285714,0.0634734285714285,27.0,1,3.375,19.90817954093268,12.0,14.0,3.9,4.0,1,0,1,True,0.5802022169512243,46,Tinggi,1,0.5802022169512243
M0137,UD Bintang Sajian Indonesia,F&B,restaurant,retailer,Bandung,Cihampelas,Ya,QRIS + EDC,365625742.0,4.0,0.230909,0.0016753479283146,0.0063591054313099,9,20.0,0.5,0.05772725,21.0,0,4.2,19.71712080808508,10.0,22.0,4.2,1.0,1,0,0,True,0.3288216809537273,297,Rendah,0,0.3288216809537273
M0136,Sinar Sajian Store,F&B,restaurant,retailer,Bekasi,Grand Galaxy,Ya,QRIS,23519464.0,2.0,0.125803,0.0010918974850696,0.0010325878594249,14,29.0,0.5,0.0629015,19.0,0,6.333333333333333,16.973338934137352,9.0,13.0,3.6,2.0,1,1,0,True,0.2109304181509426,513,Rendah,0,0.2109304181509426
M0135,CV Lentera Distribusi Utama,F&B,restaurant,supplier,Bogor,Tanah Sareal,Ya,QRIS + EDC,426076365.0,6.0,0.352235,0.0031365117627843,0.0176357827476038,0,44.0,0.8333333333333334,0.0587058333333333,29.0,1,4.142857142857143,19.870129151078768,15.0,22.0,3.8,4.0,1,1,1,True,0.5992991873600901,43,Tinggi,1,0.5992991873600901
M0134,PT Kencana Sajian Sentosa,F&B,restaurant,retailer,Jakarta,Cempaka Putih,Ya,QRIS + EDC,2558509478.0,4.0,0.213404,0.0019820577690186,0.0099373801916932,14,29.0,0.75,0.0533509999999999,39.0,0,7.8,21.662690691107777,18.0,51.0,0.0,3.0,0,0,1,True,0.4090353610182649,188,Sedang,0,0.4090353610182649
M0133,Kedai Sentosa Pilihan,F&B,cafe,retailer,Jakarta,Pluit,Ya,QRIS,30027664.0,0.0,0.0,0.0,0.0,-1,0.0,0.0,0.0,0.0,0,0.0,17.217629681358634,12.0,24.0,4.0,5.0,1,1,1,False,0.0,628,Tidak Teranalisis,0,0.0
M0163,CV Lentera Kuliner Sejahtera,F&B,cafe,retailer,Depok,Sawangan,Ya,QRIS + EDC,622020221.0,1.0,0.065217,0.0006266843706055,0.0,13,28.0,1.0,0.065217,22.0,0,11.0,20.248483161428997,16.0,36.0,4.0,3.0,1,1,1,True,0.26194524402972147,428,Rendah,0,0.26194524402972147
M0581,Supplier Komputer Mandala,Electronics,service,supplier,Depok,Margonda,Ya,QRIS + EDC,2538012388.0,1.0,0.051282,0.0005360971282027,0.0,7,67.0,0.0,0.051282,44.0,0,22.0,21.65464708762937,9.0,43.0,0.0,3.0,0,0,1,True,0.0013658877825589444,626,Rendah,0,0.0013658877825589444
M0612,Grosir Ban & Oli Nawasena,Automotive,dealer,supplier,Jakarta,Pluit,Ya,QRIS,701177794.0,8.0,0.500435,0.0034270896165665,0.0207284345047923,15,53.0,0.75,0.062554375,34.0,1,3.7777777777777777,20.36827204336789,16.0,21.0,3.9,5.0,1,1,0,True,0.6868260929826203,21,Tinggi,1,0.6868260929826203
M0611,PT Pusaka Motor Retailindo,Automotive,accessories,retailer,Tangerang,Karawaci,Ya,QRIS + EDC,5644606273.0,4.0,0.217752,0.001502410904394,0.0080460063897763,12,58.0,0.25,0.054438,49.0,0,9.8,22.453966284374182,13.0,74.0,4.3,4.0,1,1,0,True,0.24988852773503414,468,Rendah,0,0.24988852773503414
M0610,Buana Mobilitas House,Automotive,accessories,retailer,Bekasi,Harapan Indah,Ya,QRIS + EDC,506459977.0,9.0,0.510259,0.0034005470518202,0.031064536741214,17,39.0,0.6666666666666666,0.0566954444444444,34.0,1,3.4,20.042955861749185,20.0,33.0,0.0,5.0,0,0,0,True,0.6895128491606786,20,Tinggi,1,0.6895128491606786
M0609,UD Mandala Garage Internasional,Automotive,accessories,retailer,Depok,Cimanggis,Ya,QRIS,429750759.0,5.0,0.331054,0.0021159455329145,0.0057099041533546,7,67.0,0.2,0.0662108,24.0,0,4.0,19.87871597069571,5.0,13.0,3.5,3.0,1,1,1,True,0.3370646818214787,277,Rendah,0,0.3370646818214787
M0604,Anugerah Auto House,Automotive,bengkel,retailer,Bandung,Braga,Ya,QRIS + EDC,4100000000.0,6.0,0.35272,0.0024787987921506,0.0151667731629392,10,26.0,0.8333333333333334,0.0587866666666666,55.0,1,7.857142857142857,22.134252810900577,16.0,28.0,4.1,5.0,1,0,0,True,0.5509424621152983,61,Tinggi,1,0.5509424621152983
M0603,Auto Service Sentosa,Automotive,bengkel,retailer,Bandung,Buah Batu,Ya,QRIS + EDC,1069226751.0,6.0,0.391467,0.0024059715408806,0.0185507987220447,4,30.0,0.5,0.0652445,43.0,1,6.142857142857143,20.79020156249216,19.0,60.0,3.9,5.0,1,0,1,True,0.4730850734312906,124,Sedang,0,0.4730850734312906
M0602,PT Cakrawala Distribusi Persada,Automotive,dealer,supplier,Depok,Cinere,Ya,QRIS + EDC,8431819811.0,4.0,0.251817,0.0016325009703902,0.0033840255591054,7,67.0,0.5,0.06295425,47.0,0,9.4,22.85527845897249,19.0,64.0,0.0,5.0,0,0,1,True,0.3315148424290658,292,Rendah,0,0.3315148424290658
M0600,PT Langgeng Sparepart Persada,Automotive,dealer,retailer,Jakarta,Kemang,Ya,QRIS + EDC,2078794745.0,5.0,0.313191,0.00235640090352,0.0107143769968051,15,53.0,0.6,0.0626382,49.0,0,8.166666666666666,21.4550541136757,11.0,41.0,0.0,2.0,0,0,1,True,0.449793284758687,151,Sedang,0,0.449793284758687
M0593,Berseri Komputer Distribusi,Electronics,service,supplier,Depok,Sawangan,Ya,QRIS,470394606.0,1.0,0.050847,0.0006365931700929,0.0,13,28.0,1.0,0.050847,24.0,0,12.0,19.969082489772088,12.0,21.0,4.1,3.0,1,1,0,True,0.2586535961458991,441,Rendah,0,0.2586535961458991
M0592,Toko Elektronik Nusantara,Electronics,service,retailer,Bekasi,Summarecon,Ya,QRIS + EDC,58885904.0,1.0,0.071429,0.0007114148026761,0.0,17,39.0,0.0,0.071429,16.0,0,8.0,17.891112316079145,11.0,18.0,4.1,2.0,1,0,0,True,0.019931089226869304,589,Rendah,0,0.019931089226869304
M0591,PT Prima Distribusi Sentosa,Electronics,accessories,supplier,Jakarta,Tebet,Ya,QRIS + EDC,9000000000.0,4.0,0.251898,0.0018175203926789,0.0054031948881789,18,41.0,0.5,0.0629745,67.0,0,13.4,22.920490414393743,20.0,58.0,3.7,6.0,1,1,0,True,0.34517880001486234,260,Rendah,0,0.34517880001486234
M0590,Pusat Komponen Selaras Pilihan,Electronics,gadget,supplier,Tangerang,Gading Serpong,Ya,QRIS + EDC,862727437.0,8.0,0.444093,0.003018488923737,0.0183974440894568,12,58.0,0.75,0.055511625,35.0,1,3.888888888888889,20.575609368339933,17.0,33.0,3.9,5.0,1,1,1,True,0.6409300756877568,27,Tinggi,1,0.6409300756877568
M0589,UD Buana Elektronik Mandiri,Electronics,gadget,retailer,Depok,Sawangan,Ya,QRIS + EDC,2872368775.0,3.0,0.166735,0.0012139850025475,0.0019424920127795,0,44.0,0.6666666666666666,0.0555783333333333,45.0,0,11.25,21.778402883789035,17.0,27.0,0.0,4.0,0,0,0,True,0.29578275010105537,378,Rendah,0,0.29578275010105537
M0588,Tunas Komputer Market,Electronics,accessories,retailer,Bekasi,Grand Galaxy,Ya,QRIS,1197327101.0,7.0,0.424143,0.0026602045506094,0.0204472843450479,8,46.0,0.8571428571428571,0.0605918571428571,42.0,1,5.25,20.903357494361728,15.0,40.0,4.2,4.0,1,0,0,True,0.6129885165184521,33,Tinggi,1,0.6129885165184521
M0587,PT Nusantara Teknologi Niaga Raya,Electronics,service,retailer,Jakarta,Kelapa Gading,Ya,QRIS + EDC,3400121821.0,2.0,0.123746,0.001035171968394,0.0014210862619808,12,58.0,1.0,0.061873,46.0,0,15.333333333333334,21.94707709792665,11.0,20.0,3.5,3.0,1,1,0,True,0.3311723446057084,293,Rendah,0,0.3311723446057084
M0586,Adikara Teknologi Store,Electronics,computer,retailer,Bandung,Setiabudhi,Ya,QRIS + EDC,26528807.0,0.0,0.0,0.0,0.0,-1,0.0,0.0,0.0,0.0,0,0.0,17.093741794836905,8.0,22.0,3.1,1.0,1,0,1,False,0.0,628,Tidak Teranalisis,0,0.0
M0585,CV Kencana Elektronik Nusantara,Electronics,service,retailer,Depok,Sawangan,Ya,QRIS + EDC,727746220.0,1.0,0.065789,0.0006144370425009,0.0,7,67.0,0.0,0.065789,38.0,0,19.0,20.405462947859245,12.0,25.0,3.8,3.0,1,0,1,True,0.011202366338482483,607,Rendah,0,0.011202366338482483
M0584,Gadget Corner Gemilang,Electronics,service,retailer,Jakarta,Kemang,Ya,QRIS + EDC,672948527.0,4.0,0.231791,0.0016357199380231,0.0107246006389776,5,19.0,0.5,0.05794775,33.0,0,6.6,20.3271794032577,23.0,47.0,3.8,5.0,1,1,1,True,0.32614682621589597,307,Rendah,0,0.32614682621589597
M0583,PT Mandala Distribusi Indonesia,Electronics,accessories,supplier,Jakarta,Pluit,Ya,QRIS + EDC,3464133565.0,3.0,0.171062,0.001288966525894,0.0040843450479233,17,39.0,0.3333333333333333,0.0570206666666666,51.0,0,12.75,21.965728385217336,18.0,49.0,0.0,3.0,0,0,0,True,0.219188867206574,497,Rendah,0,0.219188867206574
M0582,Komputer Anugerah Maju,Electronics,accessories,retailer,Bandung,Buah Batu,Ya,QRIS + EDC,891086276.0,3.0,0.152571,0.0014036753540843,0.0064460063897763,13,28.0,0.6666666666666666,0.050857,38.0,0,9.5,20.607951812397037,18.0,37.0,3.6,3.0,1,1,1,True,0.3058038651322218,366,Rendah,0,0.3058038651322218
M0146,Kedai Langgeng Mulia,F&B,warung,retailer,Tangerang,Karawaci,Ya,QRIS + EDC,555186692.0,2.0,0.139291,0.0009913118584763,0.0008485623003194,6,16.0,0.5,0.0696455,25.0,0,8.333333333333334,20.134814998930157,20.0,16.0,0.0,4.0,0,1,0,True,0.20728968504816722,524,Rendah,0,0.20728968504816722
M0144,Kafe Bintang Jaya,F&B,cafe,retailer,Bekasi,Summarecon,Ya,QRIS,40305692.0,3.0,0.214776,0.0017035740873997,0.0023667731629392,0,44.0,0.3333333333333333,0.071592,15.0,0,3.75,17.512003282448564,4.0,7.0,3.7,2.0,1,0,1,True,0.2619931432834287,427,Rendah,0,0.2619931432834287
M0143,Dapur Kang Asep,F&B,warung,retailer,Bogor,Tanah Sareal,Ya,QRIS + EDC,290766572.0,3.0,0.175428,0.0013871348247704,0.0068805111821086,14,29.0,0.3333333333333333,0.058476,23.0,0,5.75,19.488031348598405,15.0,22.0,3.7,4.0,1,1,0,True,0.2276487702029916,485,Rendah,0,0.2276487702029916
M0138,Rumah Makan Arunika,F&B,bakery,retailer,Tangerang,Karawaci,Ya,QRIS,29242239.0,1.0,0.058824,0.0006145159210731,0.0,15,53.0,1.0,0.058824,19.0,0,9.5,17.191124797298798,16.0,19.0,0.0,5.0,0,1,0,True,0.25925865416898064,439,Rendah,0,0.25925865416898064
M0172,Grosir Bahan Pangan Sinar,F&B,bakery,supplier,Tangerang,Gading Serpong,Ya,QRIS,27114857.0,1.0,0.068182,0.0006201903423316,0.0,7,67.0,1.0,0.068182,20.0,0,10.0,17.11559240128987,12.0,10.0,4.0,2.0,1,1,1,True,0.26229636007136636,425,Rendah,0,0.26229636007136636
M0169,Rumah Makan Kencana,F&B,cafe,retailer,Bogor,Cibinong,Ya,QRIS,20847332.0,1.0,0.050847,0.0005224382915931,0.0,3,76.0,1.0,0.050847,14.0,0,7.0,16.852736584358368,18.0,17.0,3.6,5.0,1,0,1,True,0.2502370782554175,467,Rendah,0,0.2502370782554175
M0167,Distribusi Boga Langgeng,F&B,catering,supplier,Bekasi,Kemang Pratama,Ya,QRIS,73259098.0,1.0,0.053571,0.0006528442073356,0.0,15,53.0,1.0,0.053571,16.0,0,8.0,18.10951301657701,12.0,21.0,4.1,2.0,1,1,0,True,0.2606142249581938,435,Rendah,0,0.2606142249581938
M0166,UD Arunika Rasa Internasional,F&B,cafe,retailer,Bandung,Setiabudhi,Ya,QRIS,413590302.0,2.0,0.131429,0.0010385317035422,0.0024127795527156,12,58.0,0.5,0.0657145,22.0,0,7.333333333333333,19.84038643552581,18.0,65.0,3.8,5.0,1,1,1,True,0.20857055281623518,521,Rendah,0,0.20857055281623518
M0196,CV Sembada Boga Utama,F&B,catering,retailer,Tangerang,Alam Sutera,Ya,QRIS,482073975.0,3.0,0.190572,0.0013160901220003,0.0013801916932907,12,58.0,0.6666666666666666,0.063524,25.0,0,6.25,19.99360813741688,12.0,16.0,4.1,3.0,1,0,1,True,0.30998291153500435,354,Rendah,0,0.30998291153500435
M0161,Agen Bahan Kue Kang Dedi,F&B,bakery,supplier,Jakarta,Kemang,Ya,QRIS,106064007.0,1.0,0.06383,0.0006284187320982,0.0,7,67.0,0.0,0.06383,21.0,0,10.5,18.479553318889465,16.0,22.0,0.0,1.0,0,0,0,True,0.011684890520013607,604,Rendah,0,0.011684890520013607
M0159,Gemilang Sajian Distribusi,F&B,warung,supplier,Tangerang,Cipondoh,Ya,QRIS,304861126.0,5.0,0.2825539999999999,0.0019748663609346,0.0092677316293929,0,44.0,0.6,0.0565107999999999,26.0,0,4.333333333333333,19.535366909569987,15.0,33.0,3.6,4.0,1,1,1,True,0.41308774515261304,182,Sedang,0,0.41308774515261304
M0157,Grosir Bahan Pangan Sembada,F&B,cafe,supplier,Jakarta,Cempaka Putih,Ya,QRIS,34401580.0,0.0,0.0,0.0,0.0,-1,0.0,0.0,0.0,0.0,0,0.0,17.353613080589856,25.0,22.0,3.6,6.0,1,1,1,False,0.0,628,Tidak Teranalisis,0,0.0
M0154,Warung Pak Surya,F&B,cafe,retailer,Bandung,Buah Batu,Ya,QRIS,101429599.0,3.0,0.188683,0.0013034864273431,0.0009252396166134,4,30.0,1.0,0.0628943333333333,21.0,0,5.25,18.43487551973797,12.0,35.0,0.0,3.0,0,1,0,True,0.3918582501627412,209,Sedang,0,0.3918582501627412
M0153,Nusantara Sajian Distribusi,F&B,bakery,supplier,Bogor,Dramaga,Ya,QRIS + EDC,485608480.0,2.0,0.119762,0.0009431371249896,0.0012984025559105,3,76.0,0.5,0.059881,26.0,0,8.666666666666666,20.000913262548814,17.0,18.0,3.8,4.0,1,0,0,True,0.1982715778967174,541,Rendah,0,0.1982715778967174
M0152,Kedai Nusantara Bersama,F&B,restaurant,retailer,Depok,Margonda,Ya,QRIS,23481574.0,1.0,0.068182,0.0006926579551726,0.0,14,29.0,0.0,0.068182,17.0,0,8.5,16.971726629039082,8.0,14.0,3.8,2.0,1,1,0,True,0.01763932016183534,592,Rendah,0,0.01763932016183534
M0149,Rumah Makan Buana,F&B,catering,retailer,Bekasi,Kemang Pratama,Ya,QRIS,29053523.0,0.0,0.0,0.0,0.0,-1,0.0,0.0,0.0,0.0,0,0.0,17.184650341994463,6.0,14.0,4.1,3.0,1,0,0,False,0.0,628,Tidak Teranalisis,0,0.0
M0179,Grosir Bahan Pangan Sejahtera,F&B,bakery,supplier,Bogor,Bogor Tengah,Ya,QRIS,826890704.0,1.0,0.053571,0.0006438365167245,0.0,0,44.0,1.0,0.053571,30.0,0,15.0,20.533183085850403,9.0,22.0,3.5,3.0,1,0,1,True,0.25995009750103587,438,Rendah,0,0.25995009750103587
M0595,Servis Elektronik Bang Arif,Electronics,computer,retailer,Bandung,Dago,Ya,QRIS + EDC,20608548.0,1.0,0.054545,0.0005804006345781,0.0,10,26.0,1.0,0.054545,14.0,0,7.0,16.841216547671127,7.0,10.0,3.7,2.0,1,0,1,True,0.2555456633160919,452,Rendah,0,0.2555456633160919
M0594,Toko Elektronik Karya,Electronics,computer,retailer,Bekasi,Summarecon,Ya,QRIS,94555458.0,1.0,0.061224,0.0007016368120051,0.0,0,44.0,1.0,0.061224,23.0,0,11.5,18.36469708804932,9.0,15.0,3.9,2.0,1,0,0,True,0.26635375325674726,412,Rendah,0,0.26635375325674726
M0211,CV Mitra Busana Utama,Fashion,footwear,retailer,Tangerang,Cipondoh,Ya,QRIS + EDC,3713328309.0,3.0,0.169804,0.0012769368418126,0.0056127795527156,3,76.0,1.0,0.0566013333333333,45.0,0,11.25,22.03519442999376,27.0,55.0,3.8,7.0,1,0,0,True,0.38461647945918637,222,Sedang,0,0.38461647945918637
M0210,Bakery Mahardika Mandiri,F&B,restaurant,retailer,Depok,Cimanggis,Ya,QRIS,106384711.0,5.0,0.277115,0.0017906216100827,0.0129993610223642,7,67.0,0.4,0.055423,25.0,0,4.166666666666667,18.482572440337727,17.0,22.0,0.0,4.0,0,0,1,True,0.347981180373138,255,Rendah,0,0.347981180373138
M0579,Grosir Elektronik Cakrawala,Electronics,service,supplier,Depok,Cinere,Ya,QRIS + EDC,624069658.0,9.0,0.572271,0.0034327934976596,0.0152281150159744,7,67.0,0.6666666666666666,0.0635856666666666,30.0,1,3.0,20.25177255311602,12.0,32.0,3.8,5.0,1,0,0,True,0.7092477205242884,15,Tinggi,1,0.7092477205242884
M0578,Sentra Gadget Mitra,Electronics,service,retailer,Bogor,Bogor Tengah,Ya,QRIS,37571169.0,3.0,0.2239249999999999,0.0014420843624767,0.0014926517571884,3,76.0,1.0,0.0746416666666666,13.0,0,3.25,17.441747558933766,6.0,7.0,0.0,1.0,0,0,1,True,0.4119412874146655,184,Sedang,0,0.4119412874146655
M0577,UD Mitra Distribusi Mandiri,Electronics,gadget,supplier,Bekasi,Jababeka,Ya,QRIS + EDC,548587760.0,3.0,0.199404,0.0014798738546668,0.0018607028753993,1,29.0,0.6666666666666666,0.066468,29.0,0,7.25,20.122857826703783,13.0,27.0,4.3,1.0,1,0,1,True,0.32453061972472425,313,Rendah,0,0.32453061972472425
M0573,Digital Store Sahabat,Electronics,computer,retailer,Bekasi,Harapan Indah,Ya,QRIS + EDC,326854217.0,7.0,0.420417,0.0028541302349711,0.0174415335463258,8,46.0,0.4285714285714285,0.0600595714285714,32.0,1,4.0,19.60502481294204,8.0,22.0,3.7,1.0,1,1,1,True,0.5191006736165364,82,Tinggi,1,0.5191006736165364
M0572,Servis Elektronik Pak Joko,Electronics,accessories,retailer,Jakarta,Pluit,Ya,QRIS,68294889.0,0.0,0.0,0.0,0.0,-1,0.0,0.0,0.0,0.0,0,0.0,18.039345504758195,13.0,26.0,4.2,4.0,1,0,1,False,0.0,628,Tidak Teranalisis,0,0.0
M0571,Toko Elektronik Cakrawala,Electronics,accessories,retailer,Bandung,Braga,Ya,QRIS,57053085.0,0.0,0.0,0.0,0.0,-1,0.0,0.0,0.0,0.0,0,0.0,17.859492725710354,5.0,10.0,0.0,1.0,0,0,1,False,0.0,628,Tidak Teranalisis,0,0.0
M0570,Distributor Gadget Mandala,Electronics,gadget,supplier,Jakarta,Cempaka Putih,Ya,QRIS + EDC,950016728.0,3.0,0.182578,0.0014290087099485,0.0037776357827476,15,53.0,0.6666666666666666,0.0608593333333333,31.0,0,7.75,20.671990151877495,12.0,16.0,3.8,3.0,1,0,0,True,0.31607073054352286,339,Rendah,0,0.31607073054352286
M0568,Komputer Sembada Maju,Electronics,computer,retailer,Tangerang,Karawaci,Ya,QRIS,38047417.0,0.0,0.0,0.0,0.0,-1,0.0,0.0,0.0,0.0,0,0.0,17.454343781888035,5.0,16.0,0.0,2.0,0,0,0,False,0.0,628,Tidak Teranalisis,0,0.0
M0567,Komputer Mentari Cemerlang,Electronics,accessories,retailer,Tangerang,Alam Sutera,Ya,QRIS,135866629.0,0.0,0.0,0.0,0.0,-1,0.0,0.0,0.0,0.0,0,0.0,18.727184300772272,10.0,17.0,3.5,1.0,1,0,0,False,0.0,628,Tidak Teranalisis,0,0.0
M0177,UD Sejahtera Horeka Internasional,F&B,restaurant,retailer,Bandung,Buah Batu,Ya,QRIS,73399055.0,3.0,0.201211,0.0014960901368919,0.00214696485623,18,41.0,0.6666666666666666,0.0670703333333333,16.0,0,4.0,18.11142163246662,17.0,33.0,3.6,3.0,1,1,1,True,0.32623201458683515,306,Rendah,0,0.32623201458683515
M0176,Anugerah Horeka Market,F&B,restaurant,retailer,Bekasi,Grand Galaxy,Ya,QRIS,633757936.0,2.0,0.130419,0.0010465380868641,0.0005827476038338,1,29.0,1.0,0.0652095,34.0,0,11.333333333333334,20.26717763665712,18.0,19.0,4.0,3.0,1,1,1,True,0.3338781524267828,285,Rendah,0,0.3338781524267828
M0175,Adikara Rasa House,F&B,restaurant,retailer,Depok,Cimanggis,Ya,QRIS,454162374.0,6.0,0.348297,0.0024325075732054,0.0159795527156549,0,44.0,0.5,0.0580495,38.0,1,5.428571428571429,19.933965346247632,7.0,23.0,3.6,3.0,1,0,0,True,0.4629581132652486,134,Sedang,0,0.4629581132652486
M0459,CV Anugerah Distribusi Nusantara,Grocery,distributor,supplier,Jakarta,Kelapa Gading,Ya,QRIS + EDC,1038453767.0,3.0,0.193866,0.0018556199953564,0.0036345047923322,14,29.0,1.0,0.064622,39.0,0,9.75,20.7609986822346,18.0,45.0,4.4,6.0,1,0,0,True,0.43401721121853526,166,Sedang,0,0.43401721121853526
M0458,Toko Kelontong Mbak Rani,Grocery,toko_kelontong,retailer,Bekasi,Summarecon,Ya,QRIS + EDC,38002667.0,0.0,0.0,0.0,0.0,-1,0.0,0.0,0.0,0.0,0,0.0,17.45316692575233,17.0,19.0,3.8,2.0,1,0,1,False,0.0,628,Tidak Teranalisis,0,0.0
M0457,Toko Sembako Mbak Rani,Grocery,supermarket,retailer,Bogor,Tanah Sareal,Ya,QRIS + EDC,484059382.0,5.0,0.290397,0.0018628138639501,0.0054389776357827,3,76.0,0.6,0.0580794,33.0,0,5.5,19.9977181493036,12.0,24.0,0.0,2.0,0,1,1,True,0.4070215166836565,189,Sedang,0,0.4070215166836565
M0456,Warung Langgeng Mart,Grocery,minimarket,retailer,Depok,Cinere,Ya,QRIS + EDC,58875309.0,3.0,0.204873,0.001409334087961,0.0014517571884984,8,46.0,0.6666666666666666,0.0682909999999999,18.0,0,4.5,17.890932375679775,7.0,19.0,3.8,2.0,1,0,1,True,0.32086058986412397,324,Rendah,0,0.32086058986412397
M0455,Warung Karya Mart,Grocery,supermarket,retailer,Bandung,Buah Batu,Ya,QRIS,66396853.0,4.0,0.2472349999999999,0.001644386812065,0.0072843450479233,4,30.0,0.75,0.06180875,20.0,0,4.0,18.011160233806145,12.0,24.0,3.6,2.0,1,0,0,True,0.39360865511795184,206,Sedang,0,0.39360865511795184
M0672,Ban & Oli Makmur Baru,Automotive,bengkel,retailer,Jakarta,Tebet,Ya,QRIS + EDC,54227787.0,3.0,0.221212,0.001799276530057,0.0016153354632587,0,44.0,0.0,0.0737373333333333,16.0,0,4.0,17.80870402875429,18.0,9.0,3.9,1.0,1,0,0,True,0.187517308210508,552,Rendah,0,0.187517308210508
M0671,PT Mandala Motor Indonesia,Automotive,sparepart,retailer,Depok,Cinere,Ya,QRIS + EDC,2403013934.0,6.0,0.380006,0.0022623948166979,0.0103309904153354,7,67.0,0.5,0.0633343333333333,24.0,1,3.4285714285714284,21.599989592685176,12.0,45.0,0.0,5.0,0,0,1,True,0.4592913402317457,140,Sedang,0,0.4592913402317457
M0669,Supplier Otomotif Nusantara,Automotive,bengkel,supplier,Bogor,Sentul,Ya,QRIS + EDC,704515096.0,7.0,0.422233,0.0024890630597492,0.0195782747603833,3,76.0,0.8571428571428571,0.060319,34.0,1,4.25,20.373020318455943,12.0,50.0,4.1,2.0,1,1,1,True,0.5998358205882608,42,Tinggi,1,0.5998358205882608
M0668,PT Pusaka Distribusi Persada,Automotive,dealer,supplier,Bandung,Braga,Ya,QRIS + EDC,8300037477.0,5.0,0.288074,0.0021196055969959,0.0092268370607028,10,26.0,0.8,0.0576148,44.0,0,7.333333333333333,22.839525867160457,19.0,75.0,0.0,5.0,0,1,0,True,0.4753042824878845,120,Sedang,0,0.4753042824878845
M0667,Bengkel Langgeng Motor,Automotive,sparepart,retailer,Bekasi,Jababeka,Ya,QRIS,96141175.0,2.0,0.133713,0.0011842437863269,0.0013495207667731,1,29.0,1.0,0.0668565,17.0,0,5.666666666666667,18.381328252516703,10.0,19.0,3.9,3.0,1,0,0,True,0.344953049415373,261,Rendah,0,0.344953049415373
M0666,Toko Sparepart Langgeng,Automotive,sparepart,retailer,Bandung,Setiabudhi,Ya,QRIS,30853475.0,1.0,0.050847,0.000580140008014,0.0,13,28.0,0.0,0.050847,16.0,0,8.0,17.24475997619855,1.0,17.0,4.0,1.0,1,0,1,True,0.004491364493117389,616,Rendah,0,0.004491364493117389
M0663,CV Pusaka Distribusi Sejahtera,Automotive,dealer,supplier,Bogor,Cibinong,Ya,QRIS + EDC,3253619833.0,3.0,0.164929,0.0012432322516261,0.0049533546325878,3,76.0,0.6666666666666666,0.0549763333333333,45.0,0,11.25,21.903034008555423,18.0,39.0,0.0,6.0,0,0,0,True,0.29743361299577387,374,Rendah,0,0.29743361299577387
M0421,UD Sejahtera Grosir Utama,Grocery,supermarket,retailer,Bekasi,Kemang Pratama,Ya,QRIS,33354377.0,3.0,0.172276,0.0015376839320943,0.0045290734824281,13,28.0,0.3333333333333333,0.0574253333333333,19.0,0,4.75,17.322699596073,9.0,27.0,0.0,3.0,0,1,0,True,0.237866340113859,478,Rendah,0,0.237866340113859
M0452,PT Harmoni Grosir Persada,Grocery,supermarket,retailer,Jakarta,Kemang,Ya,QRIS + EDC,2775579489.0,3.0,0.171463,0.0012632326277764,0.0015437699680511,15,53.0,0.3333333333333333,0.0571543333333333,39.0,0,9.75,21.74412538756908,18.0,56.0,3.4,5.0,1,1,1,True,0.21740377554247903,500,Rendah,0,0.21740377554247903
M0451,UD Adikara Niaga Persada,Grocery,distributor,retailer,Depok,Cimanggis,Ya,QRIS + EDC,625430318.0,3.0,0.154989,0.0013669458023914,0.0049686900958466,15,53.0,0.0,0.0516629999999999,24.0,0,6.0,20.25395048118613,17.0,53.0,3.9,3.0,1,0,1,True,0.1371059742852385,563,Rendah,0,0.1371059742852385
M0450,Anugerah Sembako Distribusi,Grocery,minimarket,supplier,Bekasi,Kemang Pratama,Ya,QRIS,327410679.0,3.0,0.198051,0.00167743499729,0.003532268370607,9,20.0,0.3333333333333333,0.0660169999999999,25.0,0,6.25,19.606725843016797,20.0,24.0,0.0,4.0,0,0,1,True,0.2553845500869582,453,Rendah,0,0.2553845500869582
M0205,Distribusi Boga Tunas,F&B,warung,supplier,Bandung,Buah Batu,Ya,QRIS,63964514.0,0.0,0.0,0.0,0.0,-1,0.0,0.0,0.0,0.0,0,0.0,17.973839034432974,20.0,37.0,3.8,5.0,1,1,1,False,0.0,628,Tidak Teranalisis,0,0.0
M0204,Buana Kuliner House,F&B,warung,retailer,Depok,Cinere,Ya,QRIS,34051933.0,2.0,0.1659479999999999,0.0014165180941761,0.0022389776357827,10,26.0,0.0,0.0829739999999999,15.0,0,5.0,17.34339738777206,3.0,11.0,3.5,2.0,1,0,1,True,0.12110107629457456,565,Rendah,0,0.12110107629457456
M0203,PT Mentari Sajian Sentosa,F&B,catering,retailer,Bogor,Cibinong,Ya,QRIS + EDC,2180411266.0,3.0,0.171554,0.0011342526326226,0.0017124600638977,3,76.0,1.0,0.0571846666666666,44.0,0,11.0,21.502779350541527,22.0,33.0,3.7,6.0,1,1,1,True,0.37458635543850133,231,Sedang,0,0.37458635543850133
M0202,Kedai Sembada Mandiri,F&B,restaurant,retailer,Bekasi,Grand Galaxy,Ya,QRIS,60229144.0,2.0,0.126724,0.0010142315054773,0.00109392971246,3,76.0,0.5,0.063362,19.0,0,6.333333333333333,17.913666929335548,12.0,21.0,3.6,1.0,1,1,1,True,0.20546197911732403,529,Rendah,0,0.20546197911732403
M0199,Bintang Kuliner Distribusi,F&B,bakery,supplier,Jakarta,Menteng,Ya,QRIS + EDC,570083532.0,1.0,0.068182,0.0009303089903586,0.0,15,53.0,0.0,0.068182,29.0,0,14.5,20.1612934571784,16.0,35.0,4.1,5.0,1,1,1,True,0.03516107845741213,582,Rendah,0,0.03516107845741213
M0198,Bakery Cakrawala Utama,F&B,bakery,retailer,Bogor,Cibinong,Ya,QRIS + EDC,52081811.0,3.0,0.183014,0.0013072475449648,0.0013546325878594,3,76.0,1.0,0.0610046666666666,23.0,0,5.75,17.768326347886067,12.0,28.0,3.8,1.0,1,1,0,True,0.3905487804877038,212,Sedang,0,0.3905487804877038
M0228,Toko Busana Bang Arif,Fashion,clothing,retailer,Bekasi,Summarecon,Ya,QRIS + EDC,41141160.0,3.0,0.215261,0.0016807704119187,0.0027654952076677,1,29.0,1.0,0.0717536666666666,23.0,0,5.75,17.53251966250066,6.0,21.0,3.8,2.0,1,1,1,True,0.42711427238043304,171,Sedang,0,0.42711427238043304
M0227,Supplier Busana Mandala,Fashion,accessories,supplier,Depok,Cimanggis,Ya,QRIS,521354434.0,3.0,0.187171,0.0014238844476884,0.0010632587859424,7,67.0,1.0,0.0623903333333333,33.0,0,8.25,20.071940665924988,7.0,27.0,3.8,4.0,1,0,0,True,0.400311854191724,197,Sedang,0,0.400311854191724
M0193,Grosir Bahan Pangan Gemilang,F&B,catering,supplier,Depok,Sawangan,Ya,QRIS,70985296.0,3.0,0.168903,0.0011821553023808,0.0125648562300319,13,28.0,0.6666666666666666,0.056301,24.0,0,6.0,18.07798332905359,18.0,18.0,0.0,5.0,0,1,0,True,0.2940428108948496,381,Rendah,0,0.2940428108948496
M0191,Kafe Arunika Maju,F&B,bakery,retailer,Bandung,Buah Batu,Ya,QRIS + EDC,93858887.0,0.0,0.0,0.0,0.0,-1,0.0,0.0,0.0,0.0,0,0.0,18.357303020828017,12.0,22.0,4.0,4.0,1,0,1,False,0.0,628,Tidak Teranalisis,0,0.0
M0190,UD Mahardika Boga Internasional,F&B,catering,retailer,Bogor,Tanah Sareal,Ya,QRIS,66082519.0,1.0,0.057692,0.0006068686900327,0.0,7,67.0,1.0,0.057692,21.0,0,10.5,18.006414822043073,20.0,12.0,4.0,4.0,1,1,1,True,0.2583779812004806,443,Rendah,0,0.2583779812004806
M0188,Grosir Bahan Pangan Tunas,F&B,restaurant,supplier,Bogor,Sentul,Ya,QRIS,492035767.0,6.0,0.346494,0.0022398585055046,0.0168843450479233,3,76.0,0.8333333333333334,0.0577489999999999,38.0,1,5.428571428571429,20.01406197100112,4.0,22.0,0.0,4.0,0,1,1,True,0.5315829695553,70,Tinggi,1,0.5315829695553
M0184,Kafe Sinar Asri,F&B,warung,retailer,Jakarta,Kemang,Ya,QRIS,23491414.0,0.0,0.0,0.0,0.0,-1,0.0,0.0,0.0,0.0,0,0.0,16.972145593220155,11.0,18.0,3.7,3.0,1,1,1,False,0.0,628,Tidak Teranalisis,0,0.0
M0183,Bakery Nawasena Cemerlang,F&B,restaurant,retailer,Bogor,Sentul,Ya,QRIS,102098529.0,4.0,0.247345,0.0015271825802094,0.0040383386581469,3,76.0,0.75,0.0618362499999999,31.0,0,6.2,18.441448885381885,12.0,29.0,4.2,3.0,1,1,1,True,0.3849981010286194,221,Sedang,0,0.3849981010286194
M0182,Kafe Mahardika Bersama,F&B,warung,retailer,Depok,Sawangan,Ya,QRIS,32140438.0,1.0,0.071429,0.0007471087317222,0.0,7,67.0,0.0,0.071429,18.0,0,9.0,17.28562557717227,11.0,11.0,3.1,3.0,1,0,1,True,0.022562764686964568,588,Rendah,0,0.022562764686964568
M0564,PT Kencana Gadget Sejahtera,Electronics,service,retailer,Bogor,Tanah Sareal,Ya,QRIS + EDC,8838306707.0,6.0,0.3608449999999999,0.0020739599421183,0.0164753993610223,3,76.0,0.8333333333333334,0.0601408333333333,61.0,1,8.714285714285714,22.90236114637936,13.0,38.0,3.8,5.0,1,0,0,True,0.5233683397357409,74,Tinggi,1,0.5233683397357409
M0563,UD Bintang Teknologi Persada,Electronics,gadget,retailer,Bandung,Cihampelas,Ya,QRIS + EDC,327816271.0,2.0,0.1142239999999999,0.0009540161320668,0.0,10,26.0,0.0,0.0571119999999999,20.0,0,6.666666666666667,19.607963863066384,13.0,13.0,3.7,2.0,1,0,0,True,0.07252357000483903,576,Rendah,0,0.07252357000483903
M0562,PT Sinar Inovasi Sejahtera,Electronics,gadget,retailer,Depok,Sawangan,Ya,QRIS + EDC,1789291822.0,3.0,0.166387,0.0012661393147885,0.0036089456869009,8,46.0,0.6666666666666666,0.0554623333333333,45.0,0,11.25,21.30508574890809,15.0,22.0,3.7,2.0,1,1,1,True,0.2995306257089908,372,Rendah,0,0.2995306257089908
M0561,Servis Elektronik Bang Fajar,Electronics,accessories,retailer,Bandung,Dago,Ya,QRIS + EDC,26010592.0,1.0,0.09375,0.0007903146453928,0.0,13,28.0,1.0,0.09375,10.0,0,5.0,17.074014436088433,8.0,17.0,3.8,2.0,1,0,0,True,0.281996016575317,390,Rendah,0,0.281996016575317
M0560,Toko Elektronik Kencana,Electronics,service,retailer,Tangerang,BSD,Ya,QRIS,38661010.0,2.0,0.102632,0.0008508817848442,0.0036958466453674,0,44.0,0.0,0.051316,22.0,0,7.333333333333333,17.470342182463053,11.0,22.0,3.2,3.0,1,0,1,True,0.06167494292727879,581,Rendah,0,0.06167494292727879
M0558,Langgeng Teknologi Distribusi,Electronics,accessories,supplier,Jakarta,Sudirman,Ya,QRIS + EDC,532539550.0,6.0,0.358478,0.0028956517753787,0.0142722044728434,15,53.0,0.8333333333333334,0.0597463333333333,38.0,1,5.428571428571429,20.09316772696807,19.0,22.0,3.7,4.0,1,1,0,True,0.5832882739107599,45,Tinggi,1,0.5832882739107599
M0557,UD Anugerah Elektronik Mandiri,Electronics,computer,retailer,Bandung,Buah Batu,Ya,QRIS + EDC,706404556.0,5.0,0.283123,0.0021721809820897,0.0122785942492012,13,28.0,0.8,0.0566246,31.0,0,5.166666666666667,20.375698658252468,11.0,32.0,4.1,3.0,1,0,1,True,0.47779480758868204,114,Sedang,0,0.47779480758868204
M0556,Grosir Elektronik Anugerah,Electronics,gadget,supplier,Jakarta,Kemang,Ya,QRIS,41919498.0,0.0,0.0,0.0,0.0,-1,0.0,0.0,0.0,0.0,0,0.0,17.551261646569767,8.0,21.0,4.0,2.0,1,1,1,False,0.0,628,Tidak Teranalisis,0,0.0
M0555,Sinar Komputer House,Electronics,gadget,retailer,Bandung,Cihampelas,Ya,QRIS + EDC,3298469832.0,3.0,0.1691949999999999,0.0012561462678237,0.0040638977635782,9,20.0,0.3333333333333333,0.0563983333333333,54.0,0,13.5,21.916724510913102,14.0,47.0,4.0,3.0,1,0,0,True,0.21624648463947324,504,Rendah,0,0.21624648463947324
M0554,Kencana Teknologi Distribusi,Electronics,accessories,supplier,Bekasi,Kemang Pratama,Ya,QRIS + EDC,7960498366.0,2.0,0.139945,0.0010837782161426,0.0010990415335463,8,46.0,0.5,0.0699725,60.0,0,20.0,22.797757443762443,17.0,47.0,4.1,5.0,1,1,0,True,0.21429018822586773,508,Rendah,0,0.21429018822586773
M0553,Sinar Elektronik Distribusi,Electronics,gadget,supplier,Bekasi,Harapan Indah,Ya,QRIS + EDC,735958044.0,4.0,0.240935,0.0015627332354325,0.0058581469648562,17,39.0,0.25,0.06023375,25.0,0,5.0,20.41668367099227,18.0,29.0,0.0,5.0,0,0,0,True,0.26082503169572324,433,Rendah,0,0.26082503169572324
M0552,CV Lentera Teknologi Utama,Electronics,gadget,retailer,Bogor,Bogor Tengah,Ya,QRIS + EDC,938886973.0,3.0,0.18995,0.0013507515259268,0.0023361022364217,3,76.0,0.6666666666666666,0.0633166666666666,35.0,0,8.75,20.66020566145057,10.0,22.0,3.6,3.0,1,0,0,True,0.3123643600448655,349,Rendah,0,0.3123643600448655
M0551,PT Karya Distribusi Sejahtera,Electronics,computer,supplier,Jakarta,Pluit,Ya,QRIS + EDC,6752031456.0,4.0,0.208816,0.0018242424182959,0.0102185303514377,15,53.0,0.5,0.0522039999999999,59.0,0,11.8,22.63310925314509,14.0,41.0,3.8,5.0,1,0,1,True,0.33361560569573234,288,Rendah,0,0.33361560569573234
M0550,Digital Store Karya,Electronics,computer,retailer,Bandung,Braga,Ya,QRIS + EDC,1121002722.0,2.0,0.125803,0.0011489567266231,0.0004089456869009,15,53.0,0.5,0.0629015,39.0,0,13.0,20.83748941011466,18.0,23.0,4.2,4.0,1,0,1,True,0.21513733539936475,506,Rendah,0,0.21513733539936475
M0209,UD Sembada Boga Sejahtera,F&B,cafe,retailer,Jakarta,Pluit,Ya,QRIS,43108727.0,1.0,0.069767,0.0007061711857082,0.0,9,20.0,1.0,0.069767,17.0,0,8.5,17.57923604037291,14.0,20.0,4.3,4.0,1,0,0,True,0.2690792833205306,404,Rendah,0,0.2690792833205306
M0208,Kafe Adikara Sukses,F&B,warung,retailer,Bogor,Sentul,Ya,QRIS,29552282.0,0.0,0.0,0.0,0.0,-1,0.0,0.0,0.0,0.0,0,0.0,17.201671557715315,4.0,6.0,3.5,1.0,1,0,0,False,0.0,628,Tidak Teranalisis,0,0.0
M0233,CV Mandala Apparel Retailindo,Fashion,textile,retailer,Bekasi,Jababeka,Ya,QRIS + EDC,217200907.0,1.0,0.050847,0.0007448381118695,0.0,12,58.0,0.0,0.050847,19.0,0,9.5,19.196333326494138,17.0,22.0,4.1,5.0,1,0,0,True,0.016634380681695215,593,Rendah,0,0.016634380681695215
M0229,Toko Busana Pak Hendra,Fashion,footwear,retailer,Bekasi,Jababeka,Ya,QRIS,369283855.0,3.0,0.238178,0.0015549778838661,0.0011961661341853,0,44.0,0.0,0.0793926666666666,34.0,0,8.5,19.727076163730512,10.0,17.0,0.0,3.0,0,1,1,True,0.17425427121838272,558,Rendah,0,0.17425427121838272
M0258,Toko Busana Bu Sari,Fashion,accessories,retailer,Bandung,Setiabudhi,Ya,QRIS,46953086.0,2.0,0.115216,0.0009766660000806,0.0014466453674121,17,39.0,0.5,0.057608,20.0,0,6.666666666666667,17.664659512255778,15.0,17.0,3.9,1.0,1,1,1,True,0.19947118496704302,540,Rendah,0,0.19947118496704302
M0257,Pelita Mode House,Fashion,footwear,retailer,Bogor,Dramaga,Ya,QRIS + EDC,2998174849.0,1.0,0.058824,0.0006835104943946,0.0,0,44.0,1.0,0.058824,43.0,0,21.5,21.82126955714095,18.0,49.0,4.2,7.0,1,1,1,True,0.26434555074613886,418,Rendah,0,0.26434555074613886
M0225,UD Sinar Garmen Mandiri,Fashion,textile,retailer,Bogor,Sentul,Ya,QRIS + EDC,3371619479.0,7.0,0.426018,0.0026029255164334,0.0067833865814696,3,76.0,0.7142857142857143,0.0608597142857142,40.0,1,5.0,21.93865902374323,16.0,30.0,4.0,4.0,1,0,1,True,0.5735759275216338,50,Tinggi,1,0.5735759275216338
M0223,Rumah Mode Sentosa,Fashion,clothing,retailer,Tangerang,Alam Sutera,Ya,QRIS,39756697.0,1.0,0.088235,0.0007322974939106,0.0,12,58.0,1.0,0.088235,12.0,0,6.0,17.49828888801421,16.0,23.0,3.8,3.0,1,1,0,True,0.27617480590236754,398,Rendah,0,0.27617480590236754
M0221,UD Cakrawala Distribusi Indonesia,Fashion,footwear,supplier,Jakarta,Senayan,Ya,QRIS + EDC,3672593262.0,3.0,0.153601,0.0015464212158591,0.0052958466453674,14,29.0,0.3333333333333333,0.0512003333333333,65.0,0,16.25,22.02416386065242,17.0,54.0,0.0,6.0,0,0,1,True,0.2332833330993283,480,Rendah,0,0.2332833330993283
M0219,Atelier Kencana,Fashion,accessories,retailer,Depok,Margonda,Ya,QRIS + EDC,3306702692.0,0.0,0.0,0.0,0.0,-1,0.0,0.0,0.0,0.0,0,0.0,21.919217364576216,8.0,24.0,3.9,3.0,1,0,1,False,0.0,628,Tidak Teranalisis,0,0.0
M0217,Rumah Mode Pelita,Fashion,clothing,retailer,Bogor,Tanah Sareal,Ya,QRIS,76989336.0,2.0,0.10961,0.0008601842249526,0.0029546325878594,0,44.0,0.5,0.054805,19.0,0,6.333333333333333,18.159177489709165,14.0,18.0,3.3,4.0,1,1,1,True,0.18931396849984516,551,Rendah,0,0.18931396849984516
M0216,UD Pelita Mode Sejahtera,Fashion,textile,retailer,Tangerang,Karawaci,Ya,QRIS + EDC,519844369.0,5.0,0.281344,0.0019154857510197,0.00589392971246,4,30.0,0.4,0.0562687999999999,29.0,0,4.833333333333333,20.06904003628248,1.0,22.0,0.0,1.0,0,0,1,True,0.35837099265957273,248,Sedang,0,0.35837099265957273
M0215,Kencana Tekstil Market,Fashion,accessories,retailer,Jakarta,Cempaka Putih,Ya,QRIS + EDC,291690792.0,3.0,0.211632,0.0014809966856791,0.0009712460063897,17,39.0,0.3333333333333333,0.070544,18.0,0,4.5,19.491204871089906,19.0,20.0,3.7,5.0,1,1,1,True,0.24470273139568216,474,Rendah,0,0.24470273139568216
M0243,Pusat Tekstil Bu Wati,Fashion,footwear,supplier,Bogor,Sentul,Ya,QRIS + EDC,48908313.0,1.0,0.075,0.0009310740849755,0.0,15,53.0,1.0,0.075,23.0,0,11.5,17.70545796044316,17.0,15.0,4.0,3.0,1,1,1,True,0.2871258700604143,383,Rendah,0,0.2871258700604143
M0242,CV Pelita Distribusi Internasional,Fashion,footwear,supplier,Tangerang,BSD,Ya,QRIS + EDC,651099422.0,3.0,0.178606,0.0012648222264582,0.0031130990415335,6,16.0,0.3333333333333333,0.0595353333333333,29.0,0,7.25,20.2941729120141,17.0,22.0,0.0,4.0,0,1,0,True,0.21952032558808077,496,Rendah,0,0.21952032558808077
M0533,Sentra Gadget Sahabat,Electronics,accessories,retailer,Tangerang,Alam Sutera,Ya,QRIS,35575100.0,0.0,0.0,0.0,0.0,-1,0.0,0.0,0.0,0.0,0,0.0,17.387156541008544,8.0,11.0,0.0,1.0,0,1,0,False,0.0,628,Tidak Teranalisis,0,0.0
M0276,Selaras Apparel House,Fashion,clothing,retailer,Bekasi,Summarecon,Ya,QRIS + EDC,73202022.0,8.0,0.516387,0.0034157733328434,0.0273942492012779,17,39.0,0.125,0.064548375,22.0,1,2.4444444444444446,18.10873361516168,7.0,13.0,4.5,1.0,1,0,0,True,0.5342067758693776,68,Tinggi,1,0.5342067758693776
M0275,Buana Tekstil House,Fashion,accessories,retailer,Bogor,Dramaga,Ya,QRIS,338008724.0,4.0,0.218963,0.0015296110366021,0.0084600638977635,3,76.0,0.75,0.05474075,36.0,0,7.2,19.6385822667236,8.0,36.0,4.2,2.0,1,0,0,True,0.3772329277053114,226,Sedang,0,0.3772329277053114
M0273,Pusaka Kriya House,Fashion,footwear,retailer,Bogor,Dramaga,Ya,QRIS + EDC,59195332.0,4.0,0.260625,0.0017068628169161,0.0091194888178913,3,76.0,0.75,0.06515625,22.0,0,4.4,17.896353262287175,10.0,13.0,0.0,3.0,0,1,1,True,0.4019628522898552,195,Sedang,0,0.4019628522898552
M0272,CV Mitra Distribusi Nusantara,Fashion,textile,supplier,Tangerang,Cipondoh,Ya,QRIS + EDC,1842131364.0,4.0,0.228207,0.0014758909651972,0.0070849840255591,12,58.0,0.25,0.05705175,39.0,0,7.8,21.334189088740427,20.0,63.0,4.1,4.0,1,1,1,True,0.2508596317786092,465,Rendah,0,0.2508596317786092
M0518,PT Harmoni Teknologi Internasional,Electronics,accessories,retailer,Bekasi,Grand Galaxy,Ya,QRIS + EDC,7142110592.0,10.0,0.595051,0.0040094334678491,0.0340600638977635,8,46.0,0.8,0.0595051,45.0,1,4.090909090909091,22.689274170876963,23.0,46.0,0.0,7.0,0,1,0,True,0.8141995803333706,7,Tinggi,1,0.8141995803333706
M0517,Distributor Gadget Karya,Electronics,accessories,supplier,Bogor,Cibinong,Ya,QRIS + EDC,901686912.0,5.0,0.283966,0.0023456926417949,0.0154223642172523,15,53.0,0.8,0.0567932,32.0,0,5.333333333333333,20.619777914668457,9.0,32.0,3.7,1.0,1,1,1,True,0.4908235965262084,102,Sedang,0,0.4908235965262084
M0546,CV Nusantara Gadget Mandiri,Electronics,service,retailer,Bandung,Setiabudhi,Ya,QRIS + EDC,449439714.0,2.0,0.115132,0.0013098182325509,0.0031642172523961,9,20.0,0.5,0.057566,15.0,0,5.0,19.923512287197543,6.0,27.0,4.1,4.0,1,0,1,True,0.22401063316543968,491,Rendah,0,0.22401063316543968
M0545,Sinar Gadget Distribusi,Electronics,service,supplier,Jakarta,Senayan,Ya,QRIS + EDC,4100000000.0,5.0,0.315099,0.002363975046359,0.0140984025559105,18,41.0,0.6,0.0630198,47.0,0,7.833333333333333,22.134252810900577,15.0,47.0,0.0,4.0,0,1,1,True,0.4508857741194404,150,Sedang,0,0.4508857741194404
M0544,Sentra Gadget Sembada,Electronics,accessories,retailer,Bekasi,Grand Galaxy,Ya,QRIS,30269228.0,0.0,0.0,0.0,0.0,-1,0.0,0.0,0.0,0.0,0,0.0,17.225642209910383,6.0,24.0,0.0,2.0,0,1,0,False,0.0,628,Tidak Teranalisis,0,0.0
M0543,Komputer Adikara Baru,Electronics,gadget,retailer,Bekasi,Kemang Pratama,Ya,QRIS + EDC,100293240.0,1.0,0.058824,0.00057247110211,0.0,12,58.0,0.0,0.058824,15.0,0,7.5,18.42360886282501,12.0,14.0,3.0,2.0,1,1,0,True,0.006158734343779181,614,Rendah,0,0.006158734343779181
M0542,CV Jelita Komputer Sentosa,Electronics,service,retailer,Bogor,Tanah Sareal,Ya,QRIS + EDC,2227066387.0,3.0,0.15458,0.0011072315548062,0.0056434504792332,3,76.0,0.3333333333333333,0.0515266666666666,48.0,0,12.0,21.523951035284725,18.0,22.0,4.3,9.0,1,1,1,True,0.20117637159012197,535,Rendah,0,0.20117637159012197
M0539,CV Nusantara Gadget Niaga Raya,Electronics,computer,retailer,Jakarta,Pluit,Ya,QRIS + EDC,2997060216.0,5.0,0.290443,0.0022933655040274,0.0151156549520766,9,20.0,0.6,0.0580886,45.0,0,7.5,21.820897717504845,21.0,38.0,0.0,7.0,0,1,1,True,0.43877850716162714,158,Sedang,0,0.43877850716162714
M0537,Pusat Komponen Arunika Sukses,Electronics,accessories,supplier,Bogor,Tanah Sareal,Ya,QRIS,91466007.0,2.0,0.12779,0.0009456236275852,0.0012779552715654,3,76.0,1.0,0.063895,24.0,0,8.0,18.331477963955784,12.0,25.0,3.7,3.0,1,1,0,True,0.3257019703028409,310,Rendah,0,0.3257019703028409
M0535,PT Pelita Distribusi Internasional,Electronics,computer,supplier,Depok,Cinere,Ya,QRIS + EDC,8969056540.0,6.0,0.348295,0.0022967570286737,0.0079335463258785,7,67.0,0.5,0.0580491666666666,49.0,1,7.0,22.91704632810968,17.0,49.0,0.0,6.0,0,0,1,True,0.4529488100588745,148,Sedang,0,0.4529488100588745
M0238,PT Buana Distribusi Niaga Raya,Fashion,accessories,supplier,Bekasi,Grand Galaxy,Ya,QRIS + EDC,2563941072.0,3.0,0.180888,0.0013725501516425,0.0038287539936102,8,46.0,1.0,0.060296,33.0,0,8.25,21.66481139329144,19.0,42.0,4.0,5.0,1,1,1,True,0.3947683974691065,203,Sedang,0,0.3947683974691065
M0520,Grosir Elektronik Kencana,Electronics,accessories,supplier,Tangerang,BSD,Ya,QRIS,482052048.0,4.0,0.263408,0.0018936300817556,0.0019067092651757,12,58.0,1.0,0.065852,28.0,0,5.6,19.99356265166204,14.0,30.0,3.8,2.0,1,0,1,True,0.4790119756776857,111,Sedang,0,0.4790119756776857
M0519,Komputer Jelita Maju,Electronics,gadget,retailer,Tangerang,Karawaci,Ya,QRIS + EDC,347232938.0,4.0,0.251526,0.0018304491527253,0.0052753993610223,12,58.0,1.0,0.0628815,41.0,0,8.2,19.665506406642265,8.0,21.0,3.8,1.0,1,0,0,True,0.4710278996569341,126,Sedang,0,0.4710278996569341
M0269,Supplier Busana Prima,Fashion,textile,supplier,Bogor,Dramaga,Ya,QRIS,71796558.0,4.0,0.233815,0.0014707645711743,0.0016,3,76.0,1.0,0.05845375,18.0,0,3.6,18.089347108078936,9.0,21.0,0.0,3.0,0,0,1,True,0.4395513669624869,157,Sedang,0,0.4395513669624869
M0266,CV Nusantara Kriya Persada,Fashion,footwear,retailer,Tangerang,Cipondoh,Ya,QRIS + EDC,945132249.0,7.0,0.398406,0.0026011615120011,0.0168536741214057,12,58.0,0.7142857142857143,0.0569151428571428,31.0,1,3.875,20.66683542275628,20.0,26.0,0.0,3.0,0,0,0,True,0.5657171742033629,54,Tinggi,1,0.5657171742033629
M0263,Butik Nusantara Sukses,Fashion,clothing,retailer,Jakarta,Tebet,Ya,QRIS + EDC,578951433.0,5.0,0.291357,0.0024888843673952,0.0106019169329073,14,29.0,0.8,0.0582714,36.0,0,6.0,20.17672915291732,12.0,22.0,3.6,2.0,1,0,1,True,0.5034497369880164,93,Tinggi,1,0.5034497369880164
M0262,Butik Mitra Baru,Fashion,textile,retailer,Tangerang,Karawaci,Ya,QRIS + EDC,50029932.0,2.0,0.103479,0.0008168498588867,0.0012268370607028,12,58.0,1.0,0.0517395,15.0,0,5.0,17.72813204426701,19.0,26.0,0.0,5.0,0,1,1,True,0.3094028834442742,356,Rendah,0,0.3094028834442742
M0261,Butik Mahardika Mandiri,Fashion,textile,retailer,Tangerang,Gading Serpong,Ya,QRIS,52936004.0,0.0,0.0,0.0,0.0,-1,0.0,0.0,0.0,0.0,0,0.0,17.784594289127707,14.0,30.0,0.0,3.0,0,1,1,False,0.0,628,Tidak Teranalisis,0,0.0
M0289,Atelier Prima,Fashion,textile,retailer,Jakarta,Thamrin,Ya,QRIS + EDC,446004304.0,3.0,0.212184,0.0015698439970231,0.0014466453674121,5,19.0,0.6666666666666666,0.070728,39.0,0,9.75,19.91583916240412,26.0,34.0,4.4,5.0,1,1,0,True,0.3347411893110759,283,Rendah,0,0.3347411893110759
M0288,Galeri Fashion Bintang,Fashion,footwear,retailer,Jakarta,Cempaka Putih,Ya,QRIS,36652102.0,2.0,0.110548,0.0008563714683076,0.0061444089456869,15,53.0,0.0,0.055274,23.0,0,7.666666666666667,17.416981365278286,17.0,14.0,3.3,2.0,1,1,1,True,0.06429540747679743,579,Rendah,0,0.06429540747679743
M0256,Arunika Garmen Store,Fashion,footwear,retailer,Tangerang,Gading Serpong,Ya,QRIS,55628256.0,3.0,0.1781039999999999,0.0013234377866182,0.003649840255591,12,58.0,0.3333333333333333,0.059368,16.0,0,4.0,17.83420184954552,12.0,20.0,3.9,3.0,1,1,1,True,0.22370147700199441,492,Rendah,0,0.22370147700199441
M0254,Toko Busana Mas Dimas,Fashion,clothing,retailer,Jakarta,Menteng,Ya,QRIS,31753127.0,0.0,0.0,0.0,0.0,-1,0.0,0.0,0.0,0.0,0,0.0,17.273501798135268,6.0,16.0,0.0,1.0,0,1,1,False,0.0,628,Tidak Teranalisis,0,0.0
M0252,Galeri Fashion Pelita,Fashion,clothing,retailer,Jakarta,Pluit,Ya,QRIS + EDC,381890248.0,1.0,0.066667,0.0006883787859979,0.0,15,53.0,1.0,0.066667,30.0,0,15.0,19.76064381900777,11.0,30.0,0.0,4.0,0,1,0,True,0.26689976777938795,409,Rendah,0,0.26689976777938795
M0250,Toko Busana Pak Surya,Fashion,clothing,retailer,Depok,Margonda,Ya,QRIS,19935313.0,2.0,0.118182,0.0009601729618124,0.0,7,67.0,1.0,0.059091,14.0,0,4.666666666666667,16.808003289864917,7.0,15.0,3.9,2.0,1,1,0,True,0.3240853645302747,315,Rendah,0,0.3240853645302747
M0249,CV Adikara Distribusi Mandiri,Fashion,accessories,supplier,Bogor,Tanah Sareal,Ya,QRIS + EDC,313231133.0,6.0,0.347439,0.0022419180869683,0.0121405750798722,3,76.0,0.6666666666666666,0.0579065,26.0,1,3.7142857142857135,19.56245192327073,13.0,25.0,0.0,2.0,0,0,0,True,0.4903326624388013,103,Sedang,0,0.4903326624388013
M0248,Supplier Busana Kencana,Fashion,clothing,supplier,Depok,Margonda,Ya,QRIS + EDC,1050674116.0,2.0,0.112873,0.0011638336876883,0.0031642172523961,12,58.0,1.0,0.0564365,42.0,0,14.0,20.77269781130209,12.0,37.0,3.8,4.0,1,1,1,True,0.33761504581404916,276,Rendah,0,0.33761504581404916
M0278,Gemilang Apparel Center,Fashion,footwear,retailer,Tangerang,BSD,Ya,QRIS,61586804.0,1.0,0.050847,0.0005376554978253,0.0,12,58.0,0.0,0.050847,15.0,0,7.5,17.935958201013225,14.0,14.0,3.3,2.0,1,0,0,True,0.0013590267010696626,627,Rendah,0,0.0013590267010696626
M0277,Grosir Kain Gemilang,Fashion,accessories,supplier,Bekasi,Jababeka,Ya,QRIS,19424718.0,0.0,0.0,0.0,0.0,-1,0.0,0.0,0.0,0.0,0,0.0,16.782056988218887,18.0,16.0,3.0,5.0,1,0,1,False,0.0,628,Tidak Teranalisis,0,0.0
M0308,PT Harmoni Mode Nusantara,Fashion,clothing,retailer,Tangerang,Gading Serpong,Ya,QRIS + EDC,2617778717.0,8.0,0.477192,0.0031120144026304,0.0246594249201277,0,44.0,0.375,0.059649,46.0,1,5.111111111111111,21.685591977561597,10.0,33.0,3.9,3.0,1,0,1,True,0.5633401354576952,56,Tinggi,1,0.5633401354576952
M0306,Prima Apparel House,Fashion,footwear,retailer,Jakarta,Senayan,Ya,QRIS + EDC,323795754.0,2.0,0.141473,0.0012339391706991,0.0019015974440894,14,29.0,0.5,0.0707365,29.0,0,9.666666666666666,19.595623489177463,19.0,22.0,4.0,3.0,1,1,1,True,0.22578908837546285,488,Rendah,0,0.22578908837546285
M0305,PT Jelita Busana Niaga Raya,Fashion,textile,retailer,Bogor,Cibinong,Ya,QRIS + EDC,2443682650.0,4.0,0.223006,0.0015442433497755,0.0119258785942492,17,39.0,0.5,0.0557515,46.0,0,9.2,21.61677202162508,24.0,39.0,3.7,7.0,1,1,0,True,0.31694340241439384,336,Rendah,0,0.31694340241439384
M0303,UD Sejahtera Garmen Sentosa,Fashion,textile,retailer,Depok,Margonda,Ya,QRIS + EDC,562415605.0,2.0,0.130253,0.0009023405469205,0.0002709265175718,7,67.0,0.5,0.0651265,24.0,0,8.0,20.14775164700888,10.0,22.0,4.0,3.0,1,0,1,True,0.19820015705225008,542,Rendah,0,0.19820015705225008
M0502,Anugerah Teknologi Distribusi,Electronics,computer,supplier,Bandung,Buah Batu,Ya,QRIS,265994939.0,3.0,0.206433,0.0014275806529706,0.0014926517571884,4,30.0,0.6666666666666666,0.068811,25.0,0,6.25,19.39898784400865,14.0,43.0,3.9,3.0,1,1,0,True,0.32264253915670027,322,Rendah,0,0.32264253915670027
M0531,Gadget Corner Jelita,Electronics,service,retailer,Bogor,Tanah Sareal,Ya,QRIS + EDC,48088459.0,3.0,0.213374,0.0018579385473028,0.0108268370607028,0,44.0,0.6666666666666666,0.0711246666666666,21.0,0,5.25,17.688552789451425,20.0,18.0,3.3,2.0,1,0,0,True,0.3563151795253236,249,Sedang,0,0.3563151795253236
M0529,UD Buana Distribusi Indonesia,Electronics,gadget,supplier,Bekasi,Harapan Indah,Ya,QRIS + EDC,486106358.0,1.0,0.052632,0.0006670071687284,0.0,14,29.0,1.0,0.052632,21.0,0,10.5,20.00193800360056,15.0,16.0,4.1,3.0,1,1,1,True,0.2613956156756496,431,Rendah,0,0.2613956156756496
M0527,Komputer Bintang Juara,Electronics,computer,retailer,Bekasi,Jababeka,Ya,QRIS + EDC,388146690.0,2.0,0.1152779999999999,0.0009101033334676,0.0025610223642172,10,26.0,1.0,0.0576389999999999,36.0,0,12.0,19.77689389572488,11.0,22.0,3.4,4.0,1,1,1,True,0.3195809443036864,330,Rendah,0,0.3195809443036864
M0526,Sentra Gadget Makmur,Electronics,accessories,retailer,Tangerang,Gading Serpong,Ya,QRIS,423918348.0,3.0,0.181002,0.0014017100116687,0.0035476038338658,1,29.0,0.6666666666666666,0.060334,37.0,0,9.25,19.865051421538443,11.0,21.0,0.0,4.0,0,0,1,True,0.31361689862792974,347,Rendah,0,0.31361689862792974
M0525,Buana Teknologi Center,Electronics,computer,retailer,Tangerang,Karawaci,Ya,QRIS,951902429.0,1.0,0.060606,0.0006448584241158,0.0,9,20.0,1.0,0.060606,41.0,0,20.5,20.673973098007437,13.0,41.0,0.0,4.0,0,1,1,True,0.2619945626941776,426,Rendah,0,0.2619945626941776
M0523,Nawasena Gadget Distribusi,Electronics,service,supplier,Bekasi,Kemang Pratama,Ya,QRIS + EDC,700848907.0,4.0,0.233143,0.0016831658957715,0.0140370607028753,17,39.0,0.75,0.05828575,25.0,0,5.0,20.367802883964117,11.0,29.0,4.2,3.0,1,0,0,True,0.392523395781974,207,Sedang,0,0.392523395781974
M0522,CV Adikara Distribusi Sentosa,Electronics,service,supplier,Depok,Cinere,Ya,QRIS + EDC,2833209837.0,4.0,0.23564,0.0015790059816535,0.0052753993610223,12,58.0,0.75,0.05891,47.0,0,9.4,21.764676124236413,12.0,57.0,0.0,4.0,0,1,0,True,0.38554271500740844,219,Sedang,0,0.38554271500740844
M0521,Sentra Gadget Sinar,Electronics,service,retailer,Tangerang,BSD,Ya,QRIS,44619151.0,5.0,0.286783,0.0021422752780499,0.0126773162939297,1,29.0,0.6,0.0573565999999999,28.0,0,4.666666666666667,17.61367374185754,11.0,14.0,0.0,1.0,0,0,0,True,0.4266143385784698,172,Sedang,0,0.4266143385784698
M0294,Atelier Sinar,Fashion,textile,retailer,Jakarta,Pluit,Ya,QRIS,19806722.0,2.0,0.100847,0.0008607398499232,0.002811501597444,5,19.0,0.5,0.0504235,15.0,0,5.0,16.801531983486797,10.0,24.0,4.2,1.0,1,1,1,True,0.18690213986198534,553,Rendah,0,0.18690213986198534
M0293,Atelier Nawasena,Fashion,clothing,retailer,Tangerang,Karawaci,Ya,QRIS + EDC,87888305.0,8.0,0.500049,0.0031898117004832,0.0258862619808306,12,58.0,0.25,0.062506125,19.0,1,2.111111111111111,18.291577316262465,11.0,29.0,0.0,3.0,0,0,0,True,0.5442238016151473,65,Tinggi,1,0.5442238016151473
M0324,Grosir Kain Kencana,Fashion,textile,supplier,Jakarta,Thamrin,Ya,QRIS + EDC,48585967.0,4.0,0.271963,0.0019412097199699,0.0031437699680511,18,41.0,0.75,0.06799075,16.0,0,3.2,17.698845322902006,14.0,9.0,3.7,2.0,1,1,0,True,0.42241454619572677,174,Sedang,0,0.42241454619572677
M0323,Sejahtera Busana Distribusi,Fashion,clothing,supplier,Tangerang,Karawaci,Ya,QRIS + EDC,1710666619.0,3.0,0.156269,0.0011239292511956,0.0047284345047923,5,19.0,0.6666666666666666,0.0520896666666666,32.0,0,8.0,21.26014896775188,12.0,33.0,3.9,4.0,1,1,0,True,0.2862135653286133,385,Rendah,0,0.2862135653286133
M0321,Jelita Garmen House,Fashion,textile,retailer,Bogor,Bogor Tengah,Ya,QRIS + EDC,494834145.0,5.0,0.280243,0.0017173574109058,0.0121226837060702,3,76.0,0.8,0.0560486,33.0,0,5.5,20.019733205802435,22.0,31.0,0.0,6.0,0,0,1,True,0.44345502693303634,154,Sedang,0,0.44345502693303634
M0320,Konveksi Nusantara Abadi,Fashion,clothing,supplier,Bogor,Cibinong,Ya,QRIS,320972257.0,5.0,0.329483,0.0019148843772471,0.0022083067092651,3,76.0,0.8,0.0658966,21.0,0,3.5,19.586865253683538,12.0,40.0,3.7,4.0,1,1,1,True,0.471800928080641,125,Sedang,0,0.471800928080641
M0319,PT Buana Mode Sentosa,Fashion,clothing,retailer,Bogor,Sentul,Ya,QRIS + EDC,5931416537.0,7.0,0.391298,0.0025365381925968,0.0209022364217252,3,76.0,0.8571428571428571,0.0558997142857142,51.0,1,6.375,22.503528897989447,23.0,50.0,4.2,6.0,1,0,1,True,0.5946772972451181,44,Tinggi,1,0.5946772972451181
M0318,Konveksi Pelita Abadi,Fashion,textile,supplier,Bekasi,Kemang Pratama,Ya,QRIS + EDC,41415178.0,1.0,0.06,0.0006339865279118,0.0,8,46.0,0.0,0.06,18.0,0,9.0,17.53915801411068,17.0,15.0,0.0,4.0,0,0,0,True,0.011023367825063657,608,Rendah,0,0.011023367825063657
M0286,Langgeng Busana Center,Fashion,footwear,retailer,Tangerang,Gading Serpong,Ya,QRIS + EDC,495547100.0,5.0,0.299914,0.00190534171561,0.0155501597444089,12,58.0,0.6,0.0599828,23.0,0,3.8333333333333335,20.021172964734298,25.0,23.0,0.0,5.0,0,0,0,True,0.4128208915037692,183,Sedang,0,0.4128208915037692
M0285,Grosir Kain Sinar,Fashion,accessories,supplier,Depok,Sawangan,Ya,QRIS,84643763.0,1.0,0.066667,0.0015948963317384,0.0,16,2.0,1.0,0.066667,19.0,0,9.5,18.253961995784906,11.0,13.0,4.3,2.0,1,1,1,True,0.3337363431586322,286,Rendah,0,0.3337363431586322
M0284,Busana Selaras Jaya,Fashion,clothing,retailer,Tangerang,Cipondoh,Ya,QRIS,104212807.0,4.0,0.22815,0.0016813788790833,0.0083833865814696,14,29.0,0.75,0.0570375,30.0,0,6.0,18.46194559719622,7.0,22.0,4.1,1.0,1,0,0,True,0.3909940828184826,211,Sedang,0,0.3909940828184826
M0283,Lentera Apparel House,Fashion,textile,retailer,Tangerang,Alam Sutera,Ya,QRIS + EDC,2816881472.0,5.0,0.315563,0.0020398876076558,0.008858785942492,7,67.0,0.8,0.0631125999999999,43.0,0,7.166666666666667,21.75889624934309,15.0,41.0,3.9,4.0,1,1,0,True,0.47712102685914076,115,Sedang,0,0.47712102685914076
M0282,Selaras Busana Store,Fashion,footwear,retailer,Depok,Cinere,Ya,QRIS,600242272.0,1.0,0.066667,0.0015948963317384,0.0,16,2.0,1.0,0.066667,29.0,0,14.5,20.212843920013185,19.0,18.0,3.7,2.0,1,1,1,True,0.3337363431586322,286,Rendah,0,0.3337363431586322
M0281,Atelier Sembada,Fashion,clothing,retailer,Bandung,Buah Batu,Ya,QRIS,67380897.0,2.0,0.146429,0.001080842361836,0.0006952076677316,10,26.0,0.5,0.0732145,16.0,0,5.333333333333333,18.025872123250725,13.0,16.0,3.7,3.0,1,1,1,True,0.2158886250319609,505,Rendah,0,0.2158886250319609
M0280,Toko Busana Pak Joko,Fashion,footwear,retailer,Bekasi,Harapan Indah,Ya,QRIS + EDC,779830213.0,4.0,0.255205,0.0019368663317525,0.0065277955271565,18,41.0,0.75,0.06380125,31.0,0,6.2,20.47458677959444,17.0,33.0,3.5,3.0,1,0,1,True,0.4174036901244527,177,Sedang,0,0.4174036901244527
M0279,Grosir Kain Berkah,Fashion,accessories,supplier,Depok,Cimanggis,Ya,QRIS,113445313.0,6.0,0.410385,0.002496270273669,0.0050453674121405,7,67.0,0.8333333333333334,0.0683975,31.0,1,4.428571428571429,18.546831463797623,13.0,13.0,3.1,3.0,1,1,0,True,0.5683712505915547,51,Tinggi,1,0.5683712505915547
M0315,Butik Kencana Mandiri,Fashion,clothing,retailer,Tangerang,Cipondoh,Ya,QRIS,43310176.0,6.0,0.408412,0.0024902836927717,0.0051731629392971,12,58.0,0.6666666666666666,0.0680686666666666,29.0,1,4.142857142857143,17.583898199998437,20.0,24.0,3.9,3.0,1,1,0,True,0.5257109500923451,71,Tinggi,1,0.5257109500923451
M0314,Selaras Mode Center,Fashion,footwear,retailer,Depok,Sawangan,Ya,QRIS + EDC,722379135.0,3.0,0.180953,0.00132350125085,0.0063642172523961,17,39.0,1.0,0.0603176666666666,29.0,0,7.25,20.39806067814388,25.0,32.0,4.0,3.0,1,0,1,True,0.3911702678599843,210,Sedang,0,0.3911702678599843
M0313,Atelier Berseri,Fashion,footwear,retailer,Depok,Cinere,Ya,QRIS,53440036.0,3.0,0.194512,0.0013010079831946,0.0004907348242811,7,67.0,0.6666666666666666,0.0648373333333333,20.0,0,5.0,17.794070779557693,4.0,12.0,3.9,2.0,1,1,0,True,0.309973741214936,355,Rendah,0,0.309973741214936
M0312,Butik Mentari Utama,Fashion,clothing,retailer,Bekasi,Grand Galaxy,Ya,QRIS,55914518.0,1.0,0.058824,0.0005461898562589,0.0,3,76.0,1.0,0.058824,20.0,0,10.0,17.839334636064585,12.0,23.0,3.9,5.0,1,1,0,True,0.2542210460137065,457,Rendah,0,0.2542210460137065
M0310,UD Mahardika Distribusi Sentosa,Fashion,clothing,supplier,Bogor,Sentul,Ya,QRIS,19726399.0,4.0,0.270865,0.0017449248696193,0.004820447284345,3,76.0,1.0,0.0677162499999999,17.0,0,3.4,16.797468398096424,7.0,12.0,4.4,1.0,1,1,1,True,0.47013533872100866,129,Sedang,0,0.47013533872100866
M0309,Pusat Tekstil Mas Dimas,Fashion,accessories,supplier,Bogor,Tanah Sareal,Ya,QRIS,63863511.0,7.0,0.412885,0.0026953477660395,0.0220217252396166,3,76.0,0.8571428571428571,0.0589835714285714,26.0,1,3.25,17.972258739040946,17.0,26.0,3.9,4.0,1,0,1,True,0.6124284349665503,35,Tinggi,1,0.6124284349665503
M0339,UD Harmoni Apparel Sejahtera,Fashion,textile,retailer,Bandung,Buah Batu,Ya,QRIS,48903329.0,2.0,0.157894,0.0014797272653549,0.0031642172523961,13,28.0,0.5,0.078947,18.0,0,6.0,17.705356050286035,13.0,16.0,3.8,2.0,1,0,1,True,0.2485070786167007,469,Rendah,0,0.2485070786167007
M0338,PT Harmoni Mode Indonesia,Fashion,clothing,retailer,Bandung,Dago,Ya,QRIS + EDC,2675086874.0,3.0,0.162075,0.0012072226643288,0.0085725239616613,12,58.0,0.3333333333333333,0.054025,42.0,0,10.5,21.70724769340254,11.0,33.0,0.0,4.0,0,1,0,True,0.21064648649650736,515,Rendah,0,0.21064648649650736
M0336,PT Bintang Garmen Niaga Raya,Fashion,textile,retailer,Tangerang,Cipondoh,Ya,QRIS + EDC,1844682008.0,5.0,0.306007,0.0019432352267747,0.0047488817891373,12,58.0,0.6,0.0612014,47.0,0,7.833333333333333,21.335572746738915,12.0,44.0,0.0,5.0,0,1,1,True,0.4173201917763506,178,Sedang,0,0.4173201917763506
M0334,Sinar Tekstil Distribusi,Fashion,accessories,supplier,Bogor,Bogor Tengah,Ya,QRIS + EDC,17971922.0,3.0,0.180119,0.0013141882022328,0.0051373801916932,3,76.0,0.6666666666666666,0.0600396666666666,17.0,0,4.25,16.704321264720544,16.0,14.0,3.8,3.0,1,1,0,True,0.3069168538381207,364,Rendah,0,0.3069168538381207
M0302,Rumah Mode Arunika,Fashion,accessories,retailer,Jakarta,Menteng,Ya,QRIS,32963242.0,1.0,0.05,0.0005580309696414,0.0,18,41.0,1.0,0.05,16.0,0,8.0,17.310903650155662,11.0,11.0,0.0,3.0,0,0,0,True,0.2526242103316171,460,Rendah,0,0.2526242103316171
M0300,UD Gemilang Distribusi Persada,Fashion,footwear,supplier,Bekasi,Jababeka,Ya,QRIS + EDC,843220808.0,2.0,0.129032,0.0010612537293395,0.0005111821086261,17,39.0,0.5,0.064516,29.0,0,9.666666666666666,20.552739414052173,10.0,26.0,3.8,3.0,1,1,0,True,0.20957489496998216,519,Rendah,0,0.20957489496998216
M0299,CV Gemilang Distribusi Retailindo,Fashion,clothing,supplier,Tangerang,Cipondoh,Ya,QRIS,391296751.0,4.0,0.249091,0.0017416533655581,0.0047130990415335,12,58.0,0.5,0.0622727499999999,33.0,0,6.6,19.78497678660952,24.0,23.0,3.8,6.0,1,0,1,True,0.33879951562737104,274,Rendah,0,0.33879951562737104
M0298,Konveksi Prima Cemerlang,Fashion,clothing,supplier,Jakarta,Menteng,Ya,QRIS,69168922.0,0.0,0.0,0.0,0.0,-1,0.0,0.0,0.0,0.0,0,0.0,18.05206223012159,15.0,16.0,4.2,5.0,1,0,1,False,0.0,628,Tidak Teranalisis,0,0.0
M0296,Jelita Busana Store,Fashion,textile,retailer,Tangerang,Cipondoh,Ya,QRIS + EDC,2643850797.0,3.0,0.184005,0.0012838582580797,0.0031948881789137,6,16.0,0.0,0.061335,45.0,0,11.25,21.695502326935124,19.0,39.0,3.9,5.0,1,1,1,True,0.1391016975770636,562,Rendah,0,0.1391016975770636
M0295,UD Cakrawala Distribusi Retailindo,Fashion,footwear,supplier,Depok,Sawangan,Ya,QRIS + EDC,1810019475.0,7.0,0.417447,0.0026816769328087,0.0244907348242811,12,58.0,0.5714285714285714,0.0596352857142857,46.0,1,5.75,21.31660344238725,10.0,31.0,0.0,3.0,0,0,0,True,0.5412688472486207,66,Tinggi,1,0.5412688472486207
M0353,Swalayan Berseri Bersama,Grocery,distributor,retailer,Bekasi,Kemang Pratama,Ya,QRIS + EDC,44721485.0,3.0,0.160998,0.0012780603441229,0.0081226837060702,5,19.0,1.0,0.053666,28.0,0,7.0,17.61596461523937,14.0,22.0,4.1,4.0,1,1,0,True,0.3822344839641156,223,Sedang,0,0.3822344839641156
M0352,Agen Pangan Cakrawala,Grocery,distributor,supplier,Jakarta,Kemang,Ya,QRIS + EDC,347226917.0,4.0,0.281345,0.0021290108311172,0.0066760383386581,8,46.0,1.0,0.07033625,22.0,0,4.4,19.66548906654711,16.0,38.0,3.5,5.0,1,1,1,True,0.5013869770990016,94,Tinggi,1,0.5013869770990016
M0350,PT Sinar Mode Sejahtera,Fashion,footwear,retailer,Jakarta,Thamrin,Ya,QRIS + EDC,2255069889.0,3.0,0.178093,0.0013338536855085,0.0049840255591054,5,19.0,0.6666666666666666,0.0593643333333333,49.0,0,12.25,21.53644680276889,17.0,42.0,4.5,5.0,1,1,1,True,0.3077996845541629,361,Rendah,0,0.3077996845541629
M0486,Buana Pangan Distribusi,Grocery,supermarket,supplier,Bandung,Buah Batu,Ya,QRIS,464924156.0,1.0,0.050847,0.0005788229612424,0.0,9,20.0,0.0,0.050847,23.0,0,11.5,19.957384847023047,18.0,22.0,4.2,5.0,1,1,1,True,0.004394260034145081,617,Rendah,0,0.004394260034145081
M0485,Grosir Sembako Adikara,Grocery,supermarket,supplier,Depok,Cinere,Ya,QRIS,26766603.0,4.0,0.254218,0.0016763207710386,0.0059399361022364,17,39.0,1.0,0.0635545,19.0,0,3.8,17.102665549025716,13.0,16.0,4.0,3.0,1,1,1,True,0.46041767804557754,138,Sedang,0,0.46041767804557754
M0516,Gadget Corner Selaras,Electronics,accessories,retailer,Jakarta,Kemang,Ya,QRIS,27977242.0,0.0,0.0,0.0,0.0,-1,0.0,0.0,0.0,0.0,0,0.0,17.14690198767913,6.0,22.0,4.0,3.0,1,1,1,False,0.0,628,Tidak Teranalisis,0,0.0
M0515,Digital Store Mahardika,Electronics,computer,retailer,Jakarta,Menteng,Ya,QRIS + EDC,2903870786.0,3.0,0.162658,0.0012080416371316,0.0059450479233226,0,44.0,0.3333333333333333,0.0542193333333333,50.0,0,12.5,21.789310438084325,16.0,50.0,3.9,4.0,1,1,0,True,0.21087005222526337,514,Rendah,0,0.21087005222526337
M0514,Toko Elektronik Langgeng,Electronics,computer,retailer,Depok,Cimanggis,Ya,QRIS + EDC,924367516.0,2.0,0.118966,0.0009518983073259,0.0011501597444089,7,67.0,1.0,0.059483,32.0,0,10.666666666666666,20.644620296197115,18.0,27.0,4.1,7.0,1,1,1,True,0.32369472738325034,317,Rendah,0,0.32369472738325034
M0513,Pusat Komponen Berseri Sukses,Electronics,accessories,supplier,Bekasi,Grand Galaxy,Ya,QRIS,89320688.0,1.0,0.061224,0.000676859368751,0.0,17,39.0,1.0,0.061224,15.0,0,7.5,18.307743698744368,6.0,29.0,0.0,2.0,0,1,0,True,0.26452693869420635,417,Rendah,0,0.26452693869420635
M0511,Supplier Komputer Sejahtera,Electronics,computer,supplier,Jakarta,Sudirman,Ya,QRIS + EDC,931391049.0,3.0,0.205357,0.0015511281716751,0.005132268370607,0,44.0,0.3333333333333333,0.0684523333333333,29.0,0,7.25,20.652189779275915,21.0,48.0,3.8,6.0,1,1,0,True,0.248117056941032,470,Rendah,0,0.248117056941032
M0508,Supplier Komputer Langgeng,Electronics,gadget,supplier,Bandung,Dago,Ya,QRIS + EDC,272242060.0,6.0,0.391573,0.0027059871415679,0.0142159744408945,13,28.0,0.8333333333333334,0.0652621666666666,25.0,1,3.571428571428572,19.42220215865428,8.0,22.0,4.3,3.0,1,0,1,True,0.5785679079757046,47,Tinggi,1,0.5785679079757046
M0507,Toko Elektronik Bintang,Electronics,gadget,retailer,Bogor,Sentul,Ya,QRIS + EDC,884787513.0,10.0,0.616874,0.0037393682714527,0.0260651757188498,3,76.0,0.9,0.0616874,33.0,1,3.0,20.60085807696912,25.0,45.0,0.0,3.0,0,0,1,True,0.8253962942216234,6,Tinggi,1,0.8253962942216234
M0506,Grosir Elektronik Mentari,Electronics,accessories,supplier,Tangerang,Alam Sutera,Ya,QRIS + EDC,84249068.0,7.0,0.477453,0.0031386570846003,0.0148140575079872,12,58.0,1.0,0.0682075714285714,25.0,1,3.125,18.249288076690583,10.0,17.0,4.0,2.0,1,0,0,True,0.6989002541721724,16,Tinggi,1,0.6989002541721724
M0504,Distributor Gadget Nawasena,Electronics,service,supplier,Bandung,Setiabudhi,Ya,QRIS,478731389.0,1.0,0.053333,0.000760565508885,0.0,4,30.0,0.0,0.053333,25.0,0,12.5,19.98665022564093,7.0,28.0,4.0,3.0,1,0,1,True,0.0184897850260122,590,Rendah,0,0.0184897850260122
M0503,PT Berseri Distribusi Mandiri,Electronics,accessories,supplier,Bogor,Cibinong,Ya,QRIS + EDC,3188429143.0,12.0,0.7006209999999999,0.0045913969744553,0.0374747603833865,3,76.0,0.8333333333333334,0.0583850833333333,48.0,1,3.692307692307693,21.882794201111068,10.0,22.0,4.3,3.0,1,1,1,True,0.9404444214301575,1,Tinggi,1,0.9404444214301575
M0317,PT Anugerah Busana Persada,Fashion,textile,retailer,Bogor,Cibinong,Ya,QRIS + EDC,6408881389.0,5.0,0.316672,0.0019956840737048,0.0059706070287539,3,76.0,0.8,0.0633343999999999,70.0,0,11.666666666666666,22.58095058250992,12.0,68.0,3.8,6.0,1,1,0,True,0.47417236024134646,123,Sedang,0,0.47417236024134646
M0342,Butik Gemilang Cemerlang,Fashion,clothing,retailer,Bandung,Buah Batu,Ya,QRIS + EDC,107493631.0,2.0,0.1393019999999999,0.0010908934935306,0.0011194888178913,18,41.0,0.5,0.0696509999999999,24.0,0,8.0,18.492942166568096,19.0,22.0,3.9,5.0,1,0,1,True,0.21463481212336527,507,Rendah,0,0.21463481212336527
M0341,Sahabat Garmen House,Fashion,textile,retailer,Bandung,Braga,Ya,QRIS + EDC,447255680.0,6.0,0.389588,0.0026730149859193,0.0129226837060702,10,26.0,0.5,0.0649313333333333,27.0,1,3.857142857142857,19.918640982340627,20.0,31.0,3.8,8.0,1,1,0,True,0.49224796421649464,101,Sedang,0,0.49224796421649464
M0372,Distributor Kelontong Karya,Grocery,supermarket,supplier,Bekasi,Kemang Pratama,Ya,QRIS,27375499.0,1.0,0.068182,0.0006781025969539,0.0,13,28.0,0.0,0.068182,21.0,0,10.5,17.125159010774322,16.0,22.0,3.4,3.0,1,1,0,True,0.01656616906693692,594,Rendah,0,0.01656616906693692
M0370,Pusat Grosir Selaras Baru,Grocery,supermarket,supplier,Bogor,Dramaga,Ya,QRIS,20679830.0,2.0,0.15293,0.0010701217185575,0.0,3,76.0,1.0,0.076465,13.0,0,4.333333333333333,16.84466943542411,10.0,15.0,4.1,3.0,1,0,0,True,0.3419178559786132,271,Rendah,0,0.3419178559786132
M0368,Grosir Sembako Berkah,Grocery,supermarket,supplier,Depok,Sawangan,Ya,QRIS + EDC,53632235.0,5.0,0.359207,0.002263849718173,0.0060575079872204,7,67.0,0.4,0.0718414,18.0,0,3.0,17.797660863172204,13.0,22.0,0.0,3.0,0,1,0,True,0.4058496231707794,190,Sedang,0,0.4058496231707794
M0367,Toko Sembako Kang Dedi,Grocery,supermarket,retailer,Tangerang,BSD,Ya,QRIS + EDC,716891813.0,3.0,0.178555,0.001228782495817,0.0031335463258785,6,16.0,0.3333333333333333,0.0595183333333333,42.0,0,10.5,20.39043550015001,13.0,28.0,3.9,3.0,1,0,1,True,0.21684887946587547,502,Rendah,0,0.21684887946587547
M0366,PT Sahabat Grosir Sejahtera,Grocery,toko_kelontong,retailer,Depok,Margonda,Ya,QRIS,1799993631.0,6.0,0.355896,0.0026351343616853,0.0159642172523961,7,67.0,0.6666666666666666,0.0593159999999999,36.0,1,5.142857142857143,21.311048964064494,12.0,29.0,3.9,5.0,1,1,1,True,0.5216912243497337,79,Tinggi,1,0.5216912243497337
M0365,Langgeng Sembako House,Grocery,distributor,retailer,Bogor,Sentul,Ya,QRIS + EDC,805980707.0,3.0,0.177877,0.0011815704768632,0.0028779552715654,3,76.0,0.6666666666666666,0.0592923333333333,37.0,0,9.25,20.507570364700573,5.0,34.0,0.0,3.0,0,0,1,True,0.2965115462436452,376,Rendah,0,0.2965115462436452
M0333,PT Jelita Distribusi Internasional,Fashion,footwear,supplier,Tangerang,Karawaci,Ya,QRIS + EDC,2441309267.0,4.0,0.238644,0.0015667344381789,0.0023054313099041,12,58.0,0.75,0.059661,33.0,0,6.6,21.61580031758704,13.0,30.0,0.0,6.0,0,0,1,True,0.38547877722859214,220,Sedang,0,0.38547877722859214
M0331,Galeri Fashion Sembada,Fashion,footwear,retailer,Bandung,Setiabudhi,Ya,QRIS,45256015.0,1.0,0.067797,0.0006726620177036,0.0,15,53.0,1.0,0.067797,19.0,0,9.5,17.627846169549347,11.0,18.0,4.1,2.0,1,1,0,True,0.26605727809661617,414,Rendah,0,0.26605727809661617
M0330,Butik Arunika Juara,Fashion,clothing,retailer,Bogor,Dramaga,Ya,QRIS,50759715.0,5.0,0.286844,0.0017769284485511,0.0111284345047923,3,76.0,0.6,0.0573688,22.0,0,3.6666666666666665,17.74261360583815,14.0,23.0,4.2,3.0,1,1,1,True,0.39969477917098173,199,Sedang,0,0.39969477917098173
M0327,Butik Nawasena Pilihan,Fashion,accessories,retailer,Bekasi,Grand Galaxy,Ya,QRIS + EDC,58125197.0,2.0,0.130253,0.0010294655616982,0.0017482428115015,0,44.0,0.5,0.0651265,13.0,0,4.333333333333333,17.878109828317605,8.0,10.0,3.8,1.0,1,0,0,True,0.20757294930839634,523,Rendah,0,0.20757294930839634
M0326,PT Tunas Distribusi Sentosa,Fashion,accessories,supplier,Bekasi,Harapan Indah,Ya,QRIS + EDC,2037292454.0,2.0,0.103571,0.0009806716053895,0.0014517571884984,0,44.0,1.0,0.0517855,44.0,0,14.666666666666666,21.43488753531426,14.0,18.0,0.0,4.0,0,0,0,True,0.32150703785747076,323,Rendah,0,0.32150703785747076
M0356,PT Prima Retail Niaga Raya,Grocery,toko_kelontong,retailer,Bogor,Sentul,Ya,QRIS + EDC,3255358224.0,6.0,0.399899,0.0024306585369923,0.0158364217252396,3,76.0,0.3333333333333333,0.0666498333333333,38.0,1,5.428571428571429,21.903568160314915,16.0,59.0,4.0,5.0,1,0,0,True,0.4355986989770477,164,Sedang,0,0.4355986989770477
M0354,Warung Adikara Mart,Grocery,toko_kelontong,retailer,Depok,Cinere,Ya,QRIS + EDC,915199612.0,4.0,0.22985,0.0015994754568213,0.0052651757188498,8,46.0,0.5,0.0574625,28.0,0,5.6,20.634652755731327,10.0,29.0,0.0,5.0,0,0,0,True,0.32293126645769277,318,Rendah,0,0.32293126645769277
M0469,PT Gemilang Grosir Nusantara,Grocery,toko_kelontong,retailer,Tangerang,Alam Sutera,Ya,QRIS + EDC,2076030914.0,4.0,0.210245,0.0017217332355252,0.0077188498402555,1,29.0,0.5,0.05256125,43.0,0,8.6,21.45372369375767,11.0,28.0,0.0,3.0,0,1,0,True,0.32645769466278357,304,Rendah,0,0.32645769466278357
M0500,Digital Store Nawasena,Electronics,computer,retailer,Depok,Margonda,Ya,QRIS,49493721.0,2.0,0.144164,0.0011043884331426,0.0005827476038338,8,46.0,0.5,0.072082,14.0,0,4.666666666666667,17.717356391212704,7.0,9.0,3.5,3.0,1,1,0,True,0.21699067044605994,501,Rendah,0,0.21699067044605994
M0499,UD Sembada Digital Utama,Electronics,gadget,retailer,Bekasi,Grand Galaxy,Ya,QRIS + EDC,969488465.0,5.0,0.317074,0.0022483265086982,0.0097789137380191,1,29.0,0.8,0.0634148,39.0,0,6.5,20.692279135722163,15.0,30.0,3.4,3.0,1,1,1,True,0.4929119397175068,100,Sedang,0,0.4929119397175068
M0498,Komputer Mitra Cemerlang,Electronics,gadget,retailer,Jakarta,Tebet,Ya,QRIS + EDC,321253426.0,2.0,0.130556,0.0010122287839778,0.0005162939297124,18,41.0,0.5,0.065278,27.0,0,9.0,19.58774086182109,15.0,20.0,4.1,3.0,1,0,0,True,0.2063869107601727,527,Rendah,0,0.2063869107601727
M0497,Komputer Langgeng Asri,Electronics,gadget,retailer,Bandung,Braga,Ya,QRIS,91003110.0,1.0,0.083333,0.0007693807264199,0.0,13,28.0,0.0,0.083333,16.0,0,8.0,18.32640425070996,12.0,10.0,3.6,1.0,1,0,1,True,0.027536826326091297,585,Rendah,0,0.027536826326091297
M0496,UD Langgeng Komputer Nusantara,Electronics,computer,retailer,Tangerang,Cipondoh,Ya,QRIS + EDC,854087560.0,2.0,0.142857,0.0010365157263541,0.000761661341853,12,58.0,1.0,0.0714285,24.0,0,8.0,20.56554427694192,12.0,25.0,0.0,4.0,0,1,1,True,0.3366206540357962,280,Rendah,0,0.3366206540357962
M0495,CV Gemilang Inovasi Utama,Electronics,service,retailer,Jakarta,Kemang,Ya,QRIS,1186367386.0,3.0,0.167627,0.0012765306592245,0.0046977635782747,8,46.0,0.6666666666666666,0.0558756666666666,30.0,0,7.5,20.894161859367685,13.0,22.0,3.7,3.0,1,1,1,True,0.30064384881908734,370,Rendah,0,0.30064384881908734
M0494,Servis Elektronik Pak Surya,Electronics,gadget,retailer,Bandung,Setiabudhi,Ya,QRIS,44527518.0,1.0,0.06,0.0006301460074442,0.0,13,28.0,1.0,0.06,22.0,0,11.0,17.611617960497586,9.0,17.0,3.5,2.0,1,1,1,True,0.2607402103319358,434,Rendah,0,0.2607402103319358
M0493,Sahabat Inovasi House,Electronics,gadget,retailer,Depok,Cimanggis,Ya,QRIS + EDC,59832984.0,0.0,0.0,0.0,0.0,-1,0.0,0.0,0.0,0.0,0,0.0,17.90706765548053,5.0,14.0,0.0,2.0,0,1,0,False,0.0,628,Tidak Teranalisis,0,0.0
M0492,PT Mahardika Teknologi Persada,Electronics,computer,retailer,Bekasi,Grand Galaxy,Ya,QRIS + EDC,3207438647.0,10.0,0.603329,0.0037941763694968,0.0345661341853035,5,19.0,0.6,0.0603329,49.0,1,4.454545454545454,21.888738526601603,14.0,38.0,3.7,2.0,1,0,0,True,0.7506459442889136,12,Tinggi,1,0.7506459442889136
M0490,Distributor Kelontong Nawasena,Grocery,distributor,supplier,Bandung,Braga,Ya,QRIS,76500666.0,3.0,0.191667,0.0013871571613206,0.0059297124600638,18,41.0,0.3333333333333333,0.063889,18.0,0,4.5,18.152810017713,16.0,35.0,3.5,4.0,1,1,0,True,0.23219576981547052,482,Rendah,0,0.23219576981547052
M0488,UD Buana Grosir Nusantara,Grocery,distributor,retailer,Bandung,Cihampelas,Ya,QRIS,832330414.0,2.0,0.101724,0.0008632498449481,0.0016869009584664,18,41.0,1.0,0.050862,31.0,0,10.333333333333334,20.53974005336234,11.0,41.0,3.9,3.0,1,0,1,True,0.31233267448813895,350,Rendah,0,0.31233267448813895
M0487,UD Nawasena Pangan Persada,Grocery,distributor,retailer,Bandung,Setiabudhi,Ya,QRIS + EDC,433223834.0,3.0,0.178455,0.0012543348421232,0.0039667731629392,12,58.0,0.6666666666666666,0.059485,29.0,0,7.25,19.886765092353144,18.0,39.0,3.8,3.0,1,0,1,True,0.3020381697914391,368,Rendah,0,0.3020381697914391
M0346,CV Nawasena Distribusi Utama,Fashion,textile,supplier,Tangerang,Karawaci,Ya,QRIS,46352966.0,0.0,0.0,0.0,0.0,-1,0.0,0.0,0.0,0.0,0,0.0,17.65179586087238,9.0,19.0,3.5,3.0,1,1,0,False,0.0,628,Tidak Teranalisis,0,0.0
M0344,CV Sinar Apparel Persada,Fashion,accessories,retailer,Bogor,Dramaga,Ya,QRIS + EDC,483413341.0,5.0,0.336007,0.0019488811421303,0.0064741214057507,3,76.0,0.8,0.0672014,33.0,0,5.5,19.996382626183763,18.0,22.0,4.2,5.0,1,0,1,True,0.4761335637944597,117,Sedang,0,0.4761335637944597
M0343,Busana Harmoni Bersama,Fashion,clothing,retailer,Tangerang,Cipondoh,Ya,QRIS,36137783.0,5.0,0.396703,0.0023724780440926,0.0051782747603833,7,67.0,0.6,0.0793406,17.0,0,2.833333333333333,17.40284952414822,15.0,23.0,4.2,3.0,1,1,1,True,0.4743539354459803,122,Sedang,0,0.4743539354459803
M0397,PT Sentosa Sembako Sejahtera,Grocery,distributor,retailer,Tangerang,BSD,Ya,QRIS + EDC,7550371390.0,2.0,0.1063949999999999,0.0009238008017381,0.003220447284345,0,44.0,0.5,0.0531974999999999,52.0,0,17.333333333333332,22.74486258985844,16.0,62.0,4.2,6.0,1,1,1,True,0.19310446138905377,547,Rendah,0,0.19310446138905377
M0396,Buana Mart Center,Grocery,supermarket,retailer,Bekasi,Jababeka,Ya,QRIS + EDC,948842109.0,4.0,0.229062,0.0015674306450442,0.0054287539936102,17,39.0,0.5,0.0572655,29.0,0,5.8,20.67075296760061,11.0,42.0,0.0,3.0,0,1,0,True,0.32034807258672804,327,Rendah,0,0.32034807258672804
M0395,UD Pelita Niaga Niaga Raya,Grocery,toko_kelontong,retailer,Jakarta,Kuningan,Ya,QRIS,44674320.0,0.0,0.0,0.0,0.0,-1,0.0,0.0,0.0,0.0,0,0.0,17.614909420237296,14.0,34.0,3.6,4.0,1,1,0,False,0.0,628,Tidak Teranalisis,0,0.0
M0364,Warung Cakrawala Mart,Grocery,minimarket,retailer,Bekasi,Kemang Pratama,Ya,QRIS,40632325.0,2.0,0.131081,0.0009692211828961,0.0,5,19.0,1.0,0.0655405,14.0,0,4.666666666666667,17.520074514663953,6.0,23.0,3.5,1.0,1,1,0,True,0.3283629553642924,299,Rendah,0,0.3283629553642924
M0362,Minimarket Mandala Jaya,Grocery,toko_kelontong,retailer,Bekasi,Summarecon,Ya,QRIS,42855540.0,1.0,0.068182,0.0007182426573224,0.0,15,53.0,1.0,0.068182,15.0,0,7.5,17.57334550619997,9.0,17.0,4.0,2.0,1,0,1,True,0.26952565306496057,403,Rendah,0,0.26952565306496057
M0361,Toko Sembako Mbak Ayu,Grocery,distributor,retailer,Bandung,Setiabudhi,Ya,QRIS,130586895.0,2.0,0.1366959999999999,0.0010645048593139,0.0005776357827476,18,41.0,0.0,0.0683479999999999,24.0,0,8.0,18.687549432865936,21.0,28.0,3.8,3.0,1,0,0,True,0.0869597776701525,569,Rendah,0,0.0869597776701525
M0360,Sembada Niaga Store,Grocery,toko_kelontong,retailer,Bandung,Braga,Ya,QRIS,38333775.0,1.0,0.068182,0.0006231972584359,0.0,4,30.0,1.0,0.068182,13.0,0,6.5,17.461841945418826,14.0,22.0,0.0,3.0,0,0,0,True,0.2625180568005785,422,Rendah,0,0.2625180568005785
M0358,Minimarket Lentera Baru,Grocery,supermarket,retailer,Bogor,Sentul,Ya,QRIS + EDC,1130204135.0,5.0,0.311962,0.0018998850959492,0.0051936102236421,3,76.0,0.6,0.0623923999999999,38.0,0,6.333333333333333,20.84566410468261,13.0,46.0,3.8,4.0,1,0,1,True,0.4157908579732066,180,Sedang,0,0.4157908579732066
M0357,PT Cakrawala Pangan Niaga Raya,Grocery,supermarket,retailer,Depok,Cimanggis,Ya,QRIS + EDC,4059787213.0,5.0,0.291866,0.0023093485143271,0.0077801916932907,8,46.0,0.6,0.0583732,34.0,0,5.666666666666667,22.124396398841757,12.0,84.0,3.8,5.0,1,1,0,True,0.44035522019267137,156,Sedang,0,0.44035522019267137
M0388,UD Kencana Mart Persada,Grocery,toko_kelontong,retailer,Jakarta,Menteng,Ya,QRIS,100052005.0,1.0,0.090909,0.0007320750477283,0.0,12,58.0,1.0,0.090909,17.0,0,8.5,18.42120066876803,18.0,19.0,0.0,3.0,0,1,1,True,0.276906867112045,396,Rendah,0,0.276906867112045
M0387,UD Mentari Sembako Sentosa,Grocery,distributor,retailer,Jakarta,Kemang,Ya,QRIS,23050930.0,0.0,0.0,0.0,0.0,-1,0.0,0.0,0.0,0.0,0,0.0,16.95321671704679,9.0,43.0,3.8,3.0,1,0,0,False,0.0,628,Tidak Teranalisis,0,0.0
M0385,Toko Sembako Bu Wati,Grocery,minimarket,retailer,Depok,Cimanggis,Ya,QRIS,69520472.0,0.0,0.0,0.0,0.0,-1,0.0,0.0,0.0,0.0,0,0.0,18.05713184269573,17.0,23.0,0.0,2.0,0,1,0,False,0.0,628,Tidak Teranalisis,0,0.0
M0382,UD Sejahtera Distribusi Internasional,Grocery,toko_kelontong,supplier,Depok,Cinere,Ya,QRIS + EDC,528049948.0,6.0,0.327694,0.002082316236042,0.0190619808306709,4,30.0,0.3333333333333333,0.0546156666666666,26.0,1,3.7142857142857135,20.08470143757499,13.0,22.0,0.0,4.0,0,1,1,True,0.3897053598342944,213,Sedang,0,0.3897053598342944
M0381,Pusat Grosir Mitra Bersama,Grocery,minimarket,supplier,Jakarta,Pluit,Ya,QRIS + EDC,1961620134.0,1.0,0.067416,0.0007021362868777,0.0,15,53.0,1.0,0.067416,57.0,0,28.5,21.39703656823342,11.0,22.0,3.6,3.0,1,0,1,True,0.26812374141396317,405,Rendah,0,0.26812374141396317
M0470,CV Buana Sembako Indonesia,Grocery,minimarket,retailer,Jakarta,Sudirman,Ya,QRIS + EDC,597435388.0,4.0,0.215874,0.0016922525166578,0.0098964856230031,10,26.0,0.5,0.0539684999999999,29.0,0,5.8,20.20815670035801,17.0,24.0,4.1,4.0,1,0,0,True,0.32585968932812814,309,Rendah,0,0.32585968932812814
M0419,Swalayan Prima Asri,Grocery,toko_kelontong,retailer,Tangerang,BSD,Ya,QRIS,32312385.0,4.0,0.271485,0.0017714000928646,0.0046619808306709,12,58.0,0.5,0.06787125,19.0,0,3.8,17.290961182180276,10.0,12.0,3.9,1.0,1,0,0,True,0.3472608689615865,256,Rendah,0,0.3472608689615865
M0418,UD Kencana Distribusi Sejahtera,Grocery,minimarket,supplier,Bogor,Bogor Tengah,Ya,QRIS + EDC,3018459694.0,6.0,0.35698,0.0021579093023237,0.0123501597444089,3,76.0,0.6666666666666666,0.0594966666666666,49.0,1,7.0,21.828012503453003,17.0,45.0,4.2,5.0,1,0,1,True,0.48680934320612673,107,Sedang,0,0.48680934320612673
M0416,CV Selaras Grosir Internasional,Grocery,distributor,retailer,Bekasi,Summarecon,Ya,QRIS,481144929.0,6.0,0.352652,0.0023619213729273,0.0173699680511182,8,46.0,0.5,0.0587753333333333,24.0,1,3.4285714285714284,19.99167909245667,12.0,22.0,4.2,3.0,1,1,1,True,0.4589728474196486,141,Sedang,0,0.4589728474196486
M0413,CV Prima Distribusi Sejahtera,Grocery,supermarket,supplier,Bogor,Dramaga,Ya,QRIS,1894605078.0,1.0,0.054054,0.0005877383527772,0.0,18,41.0,1.0,0.054054,47.0,0,23.5,21.36227625217906,17.0,31.0,3.8,3.0,1,1,1,True,0.2559492328685957,450,Rendah,0,0.2559492328685957
M0411,Warung Harmoni Mart,Grocery,distributor,retailer,Depok,Margonda,Ya,QRIS,51877618.0,2.0,0.132479,0.0009659497642382,0.0,7,67.0,0.0,0.0662395,19.0,0,6.333333333333333,17.764398021987713,21.0,9.0,3.9,2.0,1,0,0,True,0.07851306222087359,573,Rendah,0,0.07851306222087359
M0380,Swalayan Tunas Utama,Grocery,toko_kelontong,retailer,Jakarta,Cempaka Putih,Ya,QRIS + EDC,224451731.0,1.0,0.058824,0.0006315427225877,0.0,10,26.0,1.0,0.058824,25.0,0,12.5,19.22917123980312,19.0,21.0,4.2,4.0,1,0,0,True,0.2605140221519228,436,Rendah,0,0.2605140221519228
M0379,Pusat Grosir Selaras Pilihan,Grocery,minimarket,supplier,Bandung,Braga,Ya,QRIS,248509144.0,0.0,0.0,0.0,0.0,-1,0.0,0.0,0.0,0.0,0,0.0,19.33099020362865,13.0,22.0,3.5,4.0,1,1,1,False,0.0,628,Tidak Teranalisis,0,0.0
M0378,Pusat Grosir Makmur Jaya,Grocery,toko_kelontong,supplier,Depok,Sawangan,Ya,QRIS,137906731.0,3.0,0.205099,0.0015834022163327,0.0006287539936102,7,67.0,1.0,0.0683663333333333,26.0,0,6.5,18.74208815955602,16.0,46.0,3.5,3.0,1,0,1,True,0.4170910395255756,179,Sedang,0,0.4170910395255756
M0375,Warung Mitra Mart,Grocery,distributor,retailer,Depok,Cimanggis,Ya,QRIS,20306842.0,2.0,0.129167,0.0010037555509966,0.0012319488817891,7,67.0,1.0,0.0645835,17.0,0,5.666666666666667,16.826468480804795,10.0,22.0,3.7,1.0,1,0,1,True,0.33037340234954543,294,Rendah,0,0.33037340234954543
M0374,Swalayan Anugerah Sukses,Grocery,toko_kelontong,retailer,Bandung,Dago,Ya,QRIS,40774272.0,7.0,0.485334,0.0028872887865045,0.0149367412140575,4,30.0,0.7142857142857143,0.0693334285714285,25.0,1,3.125,17.52356187675998,13.0,15.0,3.8,1.0,1,0,1,True,0.6111444846286797,36,Tinggi,1,0.6111444846286797
M0373,Warung Prima Mart,Grocery,distributor,retailer,Bogor,Sentul,Ya,QRIS,62948868.0,0.0,0.0,0.0,0.0,-1,0.0,0.0,0.0,0.0,0,0.0,17.957833351653036,16.0,19.0,3.8,4.0,1,0,1,False,0.0,628,Tidak Teranalisis,0,0.0
M0403,Distributor Kelontong Sentosa,Grocery,supermarket,supplier,Jakarta,Kuningan,Ya,QRIS + EDC,97502154.0,1.0,0.096774,0.0015948963317384,0.0,2,2.0,0.0,0.096774,20.0,0,10.0,18.39538503828792,12.0,28.0,4.5,6.0,1,1,0,True,0.09216339751029176,568,Rendah,0,0.09216339751029176
M0401,UD Mentari Distribusi Internasional,Grocery,supermarket,supplier,Bogor,Tanah Sareal,Ya,QRIS + EDC,552751076.0,0.0,0.0,0.0,0.0,-1,0.0,0.0,0.0,0.0,0,0.0,20.13041832613955,12.0,48.0,4.0,3.0,1,1,1,False,0.0,628,Tidak Teranalisis,0,0.0
M0399,Agen Pangan Buana,Grocery,distributor,supplier,Bekasi,Grand Galaxy,Ya,QRIS,28478352.0,2.0,0.1370029999999999,0.0011701531680361,0.0009865814696485,17,39.0,0.0,0.0685014999999999,24.0,0,8.0,17.16465481277965,14.0,22.0,0.0,1.0,0,1,1,True,0.09483504558124563,566,Rendah,0,0.09483504558124563
M0425,Pusat Grosir Nawasena Maju,Grocery,toko_kelontong,supplier,Jakarta,Pluit,Ya,QRIS,83284610.0,1.0,0.09375,0.0008424286473659,0.0,8,46.0,1.0,0.09375,13.0,0,6.5,18.237774348173428,10.0,23.0,0.0,2.0,0,0,1,True,0.2858383265643023,387,Rendah,0,0.2858383265643023
M0424,Anugerah Pangan Center,Grocery,distributor,retailer,Bandung,Setiabudhi,Ya,QRIS + EDC,800175990.0,7.0,0.454879,0.0028810542468873,0.0104996805111821,4,30.0,0.5714285714285714,0.0649827142857142,31.0,1,3.875,20.500342250188226,14.0,49.0,3.7,3.0,1,0,0,True,0.56644607216733,53,Tinggi,1,0.56644607216733
M0662,PT Pusaka Distribusi Mandiri,Automotive,dealer,supplier,Bogor,Sentul,Ya,QRIS + EDC,1967110610.0,5.0,0.297239,0.0020641181028103,0.0059297124600638,3,76.0,1.0,0.0594478,42.0,0,7.0,21.39983160812258,9.0,25.0,3.9,3.0,1,0,0,True,0.523778563981977,73,Tinggi,1,0.523778563981977
M0661,PT Mahardika Distribusi Internasional,Automotive,bengkel,supplier,Bandung,Dago,Ya,QRIS + EDC,7036963476.0,3.0,0.165076,0.0012412716103823,0.0039667731629392,4,30.0,0.3333333333333333,0.0550253333333333,71.0,0,17.75,22.67444258977951,14.0,36.0,4.0,5.0,1,0,1,True,0.21399686947984195,510,Rendah,0,0.21399686947984195
M0483,Warung Kencana Mart,Grocery,minimarket,retailer,Jakarta,Sudirman,Ya,QRIS + EDC,35521631.0,1.0,0.061224,0.0006517085800169,0.0,15,53.0,1.0,0.061224,18.0,0,9.0,17.385652420978708,10.0,23.0,3.7,2.0,1,0,0,True,0.26267259776614305,420,Rendah,0,0.26267259776614305
M0479,UD Mitra Sembako Internasional,Grocery,toko_kelontong,retailer,Depok,Cinere,Ya,QRIS + EDC,356379562.0,7.0,0.422958,0.0026364641040149,0.0139348242811501,7,67.0,0.7142857142857143,0.0604225714285714,30.0,1,3.75,19.691506909043586,14.0,42.0,3.8,3.0,1,0,1,True,0.575192187268629,48,Tinggi,1,0.575192187268629
M0478,Toko Pangan Sejahtera,Grocery,toko_kelontong,retailer,Tangerang,BSD,Ya,QRIS,123701429.0,2.0,0.11438,0.0011233249526824,0.0007003194888178,17,39.0,0.5,0.05719,20.0,0,6.666666666666667,18.63338139752225,17.0,20.0,3.8,3.0,1,1,1,True,0.21005019438510508,518,Rendah,0,0.21005019438510508
M0476,PT Makmur Distribusi Utama,Grocery,supermarket,supplier,Tangerang,Cipondoh,Ya,QRIS + EDC,1982157807.0,7.0,0.372828,0.002455787636114,0.0218530351437699,6,16.0,0.5714285714285714,0.0532611428571428,40.0,1,5.0,21.407451890269925,20.0,28.0,3.8,5.0,1,1,1,True,0.5121252556459037,90,Tinggi,1,0.5121252556459037
M0475,UD Gemilang Pangan Niaga Raya,Grocery,toko_kelontong,retailer,Bekasi,Jababeka,Ya,QRIS + EDC,3265494561.0,3.0,0.187362,0.0013424308196853,0.0023514376996805,8,46.0,0.6666666666666666,0.062454,54.0,0,13.5,21.90667706201697,14.0,25.0,4.0,4.0,1,1,1,True,0.31102649298503793,353,Rendah,0,0.31102649298503793
M0474,Toko Sembako Pak Darto,Grocery,supermarket,retailer,Tangerang,Karawaci,Ya,QRIS,96837740.0,4.0,0.301141,0.0019805016916168,0.001211501597444,12,58.0,0.75,0.07528525,19.0,0,3.8,18.388547362624504,6.0,22.0,3.5,2.0,1,0,1,True,0.4334785255236097,167,Sedang,0,0.4334785255236097
M0473,Agen Pangan Sejahtera,Grocery,distributor,supplier,Bandung,Dago,Ya,QRIS,73677518.0,3.0,0.191995,0.0014389458482861,0.0031386581469648,7,67.0,0.6666666666666666,0.0639983333333333,18.0,0,4.5,18.115208276705957,13.0,14.0,3.6,1.0,1,0,1,True,0.3194392363524423,331,Rendah,0,0.3194392363524423
M0392,Minimarket Sinar Juara,Grocery,distributor,retailer,Bekasi,Summarecon,Ya,QRIS + EDC,50575491.0,3.0,0.187486,0.0014999865665191,0.0026785942492012,1,29.0,0.6666666666666666,0.0624953333333333,21.0,0,5.25,17.73897766909731,8.0,16.0,3.7,1.0,1,0,0,True,0.3226776188125657,321,Rendah,0,0.3226776188125657
M0389,Toko Pangan Nusantara,Grocery,toko_kelontong,retailer,Jakarta,Thamrin,Ya,QRIS,46156474.0,1.0,0.053571,0.0005762019933645,0.0,18,41.0,0.0,0.053571,21.0,0,10.5,17.64754781243015,16.0,24.0,3.8,3.0,1,1,0,True,0.004963475962345934,615,Rendah,0,0.004963475962345934
M0420,Toko Sembako Kang Asep,Grocery,minimarket,retailer,Bandung,Braga,Ya,QRIS + EDC,901521063.0,6.0,0.392692,0.0026032648112948,0.0118083067092651,4,30.0,0.5,0.0654486666666666,34.0,1,4.857142857142857,20.619593965836614,14.0,21.0,3.7,2.0,1,1,1,True,0.48797417838888596,104,Sedang,0,0.48797417838888596
M0448,Prima Grosir Store,Grocery,toko_kelontong,retailer,Bekasi,Jababeka,Ya,QRIS + EDC,366633315.0,0.0,0.0,0.0,0.0,-1,0.0,0.0,0.0,0.0,0,0.0,19.71987276758221,8.0,18.0,0.0,2.0,0,0,1,False,0.0,628,Tidak Teranalisis,0,0.0
M0446,Mahardika Grosir Market,Grocery,supermarket,retailer,Jakarta,Tebet,Ya,QRIS + EDC,29695438.0,0.0,0.0,0.0,0.0,-1,0.0,0.0,0.0,0.0,0,0.0,17.20650402295643,12.0,15.0,3.9,1.0,1,0,0,False,0.0,628,Tidak Teranalisis,0,0.0
M0445,Sembada Niaga Distribusi,Grocery,supermarket,supplier,Depok,Cimanggis,Ya,QRIS + EDC,595890993.0,6.0,0.463589,0.0028352662916048,0.0091194888178913,7,67.0,0.1666666666666666,0.0772648333333333,27.0,1,3.857142857142857,20.20556831232896,11.0,36.0,3.9,5.0,1,0,0,True,0.44159038535261963,155,Sedang,0,0.44159038535261963
M0443,Kencana Retail Distribusi,Grocery,supermarket,supplier,Jakarta,Senayan,Ya,QRIS + EDC,987806339.0,4.0,0.233699,0.0016475973093455,0.011338019169329,0,44.0,0.25,0.05842475,45.0,0,9.0,20.710997224353505,13.0,22.0,3.6,3.0,1,0,1,True,0.26505658804010723,416,Rendah,0,0.26505658804010723
M0441,Agen Pangan Arunika,Grocery,supermarket,supplier,Depok,Sawangan,Ya,QRIS + EDC,117904042.0,0.0,0.0,0.0,0.0,-1,0.0,0.0,0.0,0.0,0,0.0,18.585381656692338,20.0,14.0,0.0,3.0,0,1,1,False,0.0,628,Tidak Teranalisis,0,0.0
M0440,PT Prima Distribusi Retailindo,Grocery,minimarket,supplier,Jakarta,Menteng,Ya,QRIS + EDC,3247608074.0,6.0,0.334666,0.0026533870333973,0.0177124600638977,15,53.0,0.5,0.0557776666666666,34.0,1,4.857142857142857,21.90118458540101,17.0,40.0,4.0,5.0,1,1,0,True,0.4754279566957018,119,Sedang,0,0.4754279566957018
M0408,UD Karya Grosir Nusantara,Grocery,toko_kelontong,retailer,Bekasi,Kemang Pratama,Ya,QRIS,730387455.0,2.0,0.123271,0.0010027693102617,0.0026070287539936,5,19.0,1.0,0.0616355,31.0,0,10.333333333333334,20.409085712946407,15.0,33.0,0.0,3.0,0,0,0,True,0.32865037689536697,298,Rendah,0,0.32865037689536697
M0406,PT Sentosa Pangan Nusantara,Grocery,toko_kelontong,retailer,Tangerang,Alam Sutera,Ya,QRIS + EDC,6773135270.0,4.0,0.215916,0.0016492495389743,0.0142568690095846,18,41.0,0.25,0.053979,43.0,0,8.6,22.636229929074823,14.0,38.0,4.0,6.0,1,0,1,True,0.2602008814251635,437,Rendah,0,0.2602008814251635
M0405,Minimarket Sinar Maju,Grocery,toko_kelontong,retailer,Depok,Cinere,Ya,QRIS,35620026.0,1.0,0.068182,0.0008708416237525,0.0,7,67.0,0.0,0.068182,14.0,0,7.0,17.388418593826625,14.0,20.0,0.0,3.0,0,0,1,True,0.030776612707742547,583,Rendah,0,0.030776612707742547
M0436,CV Prima Mart Utama,Grocery,minimarket,retailer,Bekasi,Summarecon,Ya,QRIS + EDC,502826767.0,6.0,0.367144,0.0024650945802753,0.0119309904153354,8,46.0,0.6666666666666666,0.0611906666666666,41.0,1,5.857142857142857,20.03575627113122,15.0,26.0,0.0,3.0,0,1,1,True,0.5123027263985315,89,Tinggi,1,0.5123027263985315
M0435,PT Mitra Pangan Mandiri,Grocery,minimarket,retailer,Bogor,Bogor Tengah,Ya,QRIS + EDC,6183053398.0,4.0,0.270079,0.0017148053193374,0.005561661341853,3,76.0,0.5,0.06751975,62.0,0,12.4,22.545078063908,20.0,51.0,4.6,7.0,1,1,0,True,0.34269465214127504,266,Rendah,0,0.34269465214127504
M0434,Minimarket Selaras Abadi,Grocery,distributor,retailer,Depok,Sawangan,Ya,QRIS,35579588.0,0.0,0.0,0.0,0.0,-1,0.0,0.0,0.0,0.0,0,0.0,17.387282688701855,15.0,12.0,3.8,2.0,1,0,0,False,0.0,628,Tidak Teranalisis,0,0.0
M0430,PT Sahabat Distribusi Retailindo,Grocery,toko_kelontong,supplier,Jakarta,Senayan,Ya,QRIS + EDC,3170354606.0,4.0,0.211393,0.0017969335381064,0.0101265175718849,14,29.0,0.75,0.05284825,41.0,0,8.2,21.877109281986296,16.0,41.0,3.7,6.0,1,1,1,True,0.39482346226972326,202,Sedang,0,0.39482346226972326
M0027,CV Anugerah Horeka Nusantara,F&B,restaurant,retailer,Bekasi,Kemang Pratama,Ya,QRIS,535299206.0,4.0,0.223756,0.001677408241938,0.0063130990415335,7,67.0,0.75,0.055939,34.0,0,6.8,20.09833641395022,10.0,28.0,3.5,3.0,1,0,1,True,0.3894714360290877,214,Sedang,0,0.3894714360290877
M0691,Toko Sparepart Mitra,Automotive,sparepart,retailer,Bandung,Dago,Ya,QRIS + EDC,44277268.0,1.0,0.073171,0.0015948963317384,0.0,11,2.0,0.0,0.073171,22.0,0,11.0,17.605981988202597,7.0,12.0,3.8,2.0,1,0,1,True,0.08555683545288915,570,Rendah,0,0.08555683545288915
M0689,Ban & Oli Sahabat Sukses,Automotive,accessories,retailer,Tangerang,Cipondoh,Ya,QRIS + EDC,670076717.0,1.0,0.071429,0.0006657876888746,0.0,10,26.0,1.0,0.071429,20.0,0,10.0,20.32290276827176,14.0,22.0,3.6,3.0,1,1,1,True,0.2665670506097897,410,Rendah,0,0.2665670506097897
M0688,Grosir Ban & Oli Gemilang,Automotive,dealer,supplier,Tangerang,BSD,Ya,QRIS + EDC,56797643.0,1.0,0.05,0.0005469029917533,0.0,12,58.0,0.0,0.05,19.0,0,9.5,17.85500540395787,14.0,19.0,3.8,3.0,1,0,1,True,0.0018037563465494039,625,Rendah,0,0.0018037563465494039
M0685,PT Pusaka Otomotif Utama,Automotive,bengkel,retailer,Bekasi,Harapan Indah,Ya,QRIS,3513415626.0,6.0,0.366778,0.0030910779468849,0.0096306709265175,17,39.0,0.8333333333333334,0.0611296666666666,37.0,1,5.285714285714286,21.97985451436198,24.0,45.0,3.9,7.0,1,1,1,True,0.6000200368364872,41,Tinggi,1,0.6000200368364872
M0684,Toko Sparepart Sentosa,Automotive,bengkel,retailer,Jakarta,Menteng,Ya,QRIS,71090539.0,3.0,0.201182,0.0014104490226332,0.0058479233226837,4,30.0,0.6666666666666666,0.0670606666666666,14.0,0,3.5,18.07946483388188,12.0,14.0,3.9,1.0,1,1,0,True,0.31990966903385143,329,Rendah,0,0.31990966903385143
M0681,Mandala Sparepart House,Automotive,sparepart,retailer,Jakarta,Cempaka Putih,Ya,QRIS + EDC,2547124380.0,4.0,0.266143,0.0022706852365139,0.006323322683706,15,53.0,0.25,0.06653575,49.0,0,9.8,21.65823086606625,16.0,67.0,3.6,2.0,1,1,1,True,0.32007738762127425,328,Rendah,0,0.32007738762127425
M0680,Auto Service Mandala,Automotive,bengkel,retailer,Jakarta,Kelapa Gading,Ya,QRIS + EDC,2566656567.0,4.0,0.276006,0.0021277303185097,0.0055974440894568,5,19.0,0.5,0.0690015,52.0,0,10.4,21.665869942584745,16.0,30.0,0.0,3.0,0,1,0,True,0.37479816153587764,230,Sedang,0,0.37479816153587764
M0693,CV Berseri Motor Indonesia,Automotive,dealer,retailer,Bogor,Dramaga,Ya,QRIS + EDC,686466482.0,6.0,0.352461,0.002066421052228,0.0083884984025559,3,76.0,0.8333333333333334,0.0587435,29.0,1,4.142857142857143,20.347067958965123,11.0,23.0,3.8,2.0,1,0,1,True,0.520465794540878,81,Tinggi,1,0.520465794540878
M0019,Sinar Sajian House,F&B,catering,retailer,Depok,Sawangan,Ya,QRIS,655938145.0,4.0,0.218841,0.0015518585098132,0.0059654952076677,8,46.0,0.5,0.05471025,28.0,0,5.6,20.30157705282867,12.0,24.0,0.0,3.0,0,0,1,True,0.3163390620392438,338,Rendah,0,0.3163390620392438
M0018,Nusantara Sajian House,F&B,warung,retailer,Bekasi,Jababeka,Ya,QRIS + EDC,1713607502.0,5.0,0.280054,0.0025417771403371,0.0131118210862619,15,53.0,0.4,0.0560107999999999,43.0,0,7.166666666666667,21.261866636149573,19.0,43.0,4.2,4.0,1,0,0,True,0.40418571579371027,193,Sedang,0,0.40418571579371027
M0017,Dapur Pak Joko,F&B,restaurant,retailer,Bogor,Cibinong,Ya,QRIS + EDC,86430138.0,3.0,0.17821,0.0011531691165105,0.002458785942492,3,76.0,0.6666666666666666,0.0594033333333333,20.0,0,5.0,18.27484700396541,12.0,22.0,3.9,3.0,1,0,1,True,0.29451075198613863,380,Rendah,0,0.29451075198613863
M0015,Bakery Nawasena Juara,F&B,warung,retailer,Depok,Sawangan,Ya,QRIS,17530932.0,0.0,0.0,0.0,0.0,-1,0.0,0.0,0.0,0.0,0,0.0,16.67947747852733,10.0,11.0,3.5,1.0,1,0,0,False,0.0,628,Tidak Teranalisis,0,0.0
M0014,Sembada Pangan Distribusi,F&B,catering,supplier,Bandung,Cihampelas,Ya,QRIS + EDC,3185683936.0,5.0,0.282477,0.0021084426666916,0.010908626198083,17,39.0,0.4,0.0564954,47.0,0,7.833333333333333,21.88193283980955,25.0,40.0,3.6,6.0,1,1,1,True,0.3729146316688281,234,Sedang,0,0.3729146316688281
M0013,CV Sembada Distribusi Internasional,F&B,restaurant,supplier,Tangerang,Karawaci,Ya,QRIS,775217347.0,6.0,0.406577,0.00248165260864,0.0094364217252396,6,16.0,0.5,0.0677628333333333,33.0,1,4.714285714285714,20.4686539970314,21.0,29.0,4.1,3.0,1,0,0,True,0.4828942998612405,109,Sedang,0,0.4828942998612405
M0043,Warung Kang Dedi,F&B,restaurant,retailer,Tangerang,Karawaci,Ya,QRIS,78235628.0,2.0,0.186773,0.0012828706863966,5.111821086261981e-05,7,67.0,0.5,0.0933865,18.0,0,6.0,18.175235715565822,11.0,36.0,3.6,3.0,1,0,0,True,0.2420763850973109,476,Rendah,0,0.2420763850973109
M0041,CV Langgeng Horeka Sejahtera,F&B,restaurant,retailer,Bandung,Buah Batu,Ya,QRIS + EDC,2627857244.0,5.0,0.309408,0.002039168571425,0.012605750798722,18,41.0,0.4,0.0618816,42.0,0,7.0,21.689434615317094,12.0,23.0,4.1,4.0,1,1,1,True,0.3753452071053946,229,Sedang,0,0.3753452071053946
M0040,Kedai Sembada Juara,F&B,cafe,retailer,Bandung,Cihampelas,Ya,QRIS,487853055.0,2.0,0.103265,0.0008357228491619,0.0019373801916932,4,30.0,0.5,0.0516325,29.0,0,9.666666666666666,20.00552480371917,13.0,22.0,0.0,4.0,0,1,1,True,0.1857344696160646,555,Rendah,0,0.1857344696160646
M0629,Pusat Suku Cadang Nawasena Utama,Automotive,bengkel,supplier,Bogor,Sentul,Ya,QRIS + EDC,471377580.0,3.0,0.159035,0.0011180689697975,0.0058274760383386,3,76.0,0.6666666666666666,0.0530116666666666,31.0,0,7.75,19.971169988998504,12.0,37.0,0.0,5.0,0,1,1,True,0.2865557060596235,384,Rendah,0,0.2865557060596235
M0659,PT Kencana Garage Mandiri,Automotive,dealer,retailer,Bogor,Tanah Sareal,Ya,QRIS + EDC,3142706190.0,12.0,0.764532,0.0043521132734668,0.0240920127795527,3,76.0,0.6666666666666666,0.063711,40.0,1,3.076923076923077,21.868350109959565,21.0,42.0,4.1,3.0,1,0,0,True,0.899024533656347,3,Tinggi,1,0.899024533656347
M0657,Supplier Otomotif Mentari,Automotive,bengkel,supplier,Bandung,Buah Batu,Ya,QRIS + EDC,38656848.0,2.0,0.127797,0.0009304463398842,0.0033584664536741,3,76.0,1.0,0.0638985,23.0,0,7.666666666666667,17.47023452299074,10.0,27.0,4.0,2.0,1,1,1,True,0.3245849243325016,311,Rendah,0,0.3245849243325016
M0654,Nawasena Auto Distribusi,Automotive,dealer,supplier,Depok,Cinere,Ya,QRIS + EDC,556211553.0,5.0,0.287903,0.0019369014676288,0.0107654952076677,10,26.0,0.6,0.0575805999999999,27.0,0,4.5,20.13665927265158,15.0,63.0,4.3,3.0,1,0,0,True,0.41178583767492555,186,Sedang,0,0.41178583767492555
M0653,PT Langgeng Otomotif Retailindo,Automotive,dealer,retailer,Tangerang,Cipondoh,Ya,QRIS + EDC,7750222415.0,4.0,0.218576,0.001745206551752,0.0076728434504792,0,44.0,0.25,0.054644,47.0,0,9.4,22.77098737873857,19.0,82.0,3.6,6.0,1,1,0,True,0.26802023329453667,406,Rendah,0,0.26802023329453667
M0652,Auto Service Harmoni,Automotive,dealer,retailer,Bogor,Sentul,Ya,QRIS,90682560.0,6.0,0.35512,0.0023162293140246,0.0219092651757188,3,76.0,0.5,0.0591866666666666,24.0,1,3.4285714285714284,18.32287562537507,12.0,22.0,0.0,3.0,0,0,1,True,0.45629482228080376,142,Sedang,0,0.45629482228080376
M0649,Selaras Otomotif Store,Automotive,dealer,retailer,Bogor,Dramaga,Ya,QRIS + EDC,3368662547.0,1.0,0.053191,0.0005761667157782,0.0,4,30.0,1.0,0.053191,53.0,0,26.5,21.937781632507257,8.0,31.0,3.6,4.0,1,0,1,True,0.25485451165746886,455,Rendah,0,0.25485451165746886
M0677,Ban & Oli Pelita Cemerlang,Automotive,bengkel,retailer,Jakarta,Cempaka Putih,Ya,QRIS,116171005.0,3.0,0.173746,0.0013633225045239,0.0058479233226837,15,53.0,0.6666666666666666,0.0579153333333333,27.0,0,6.75,18.57057385317498,16.0,17.0,3.9,3.0,1,1,1,True,0.3087556487986281,358,Rendah,0,0.3087556487986281
M0036,Kafe Buana Mulia,F&B,cafe,retailer,Bekasi,Summarecon,Ya,QRIS,66018669.0,0.0,0.0,0.0,0.0,-1,0.0,0.0,0.0,0.0,0,0.0,18.005448138775918,12.0,14.0,0.0,2.0,0,1,1,False,0.0,628,Tidak Teranalisis,0,0.0
M0035,Kedai Cakrawala Baru,F&B,restaurant,retailer,Jakarta,Thamrin,Ya,QRIS,120750905.0,1.0,0.055556,0.0006217216141507,0.0,1,29.0,1.0,0.055556,21.0,0,10.5,18.6092403535744,18.0,26.0,3.3,4.0,1,0,1,True,0.25887519765984457,440,Rendah,0,0.25887519765984457
M0028,Kafe Lentera Utama,F&B,catering,retailer,Jakarta,Pluit,Ya,QRIS,22368603.0,3.0,0.195233,0.0015675241063845,0.0071923322683706,13,28.0,0.6666666666666666,0.0650776666666666,18.0,0,4.5,16.923168926512332,9.0,20.0,3.6,2.0,1,0,0,True,0.3298255021926818,295,Rendah,0,0.3298255021926818
M0033,CV Jelita Distribusi Niaga Raya,F&B,restaurant,supplier,Bandung,Unknown,Ya,QRIS + EDC,583626245.0,5.0,0.286256,0.0019746571636607,0.0154683706070287,13,28.0,0.4,0.0572512,24.0,0,4.0,20.18477134618563,20.0,26.0,3.9,6.0,1,0,1,True,0.36410852397720517,243,Sedang,0,0.36410852397720517
M0042,Distribusi Boga Selaras,F&B,warung,supplier,Tangerang,Gading Serpong,Ya,QRIS,52318039.5,2.0,0.149627,0.0010885975850245,0.0015488817891373,12,58.0,1.0,0.0748135,22.0,0,7.333333333333333,17.77285181219474,17.0,22.0,3.8,5.0,1,0,1,True,0.3423555407556336,268,Rendah,0,0.3423555407556336
M0683,Auto Service Langgeng,Automotive,accessories,retailer,Tangerang,Unknown,Ya,QRIS + EDC,41878340.0,0.0,0.0,0.0,0.0,-1,0.0,0.0,0.0,0.0,0,0.0,17.550279330001473,5.0,16.0,3.5,1.0,1,1,0,False,0.0,628,Tidak Teranalisis,0,0.0
M0426,Sejahtera Pangan Market,Grocery,distributor,retailer,Bandung,Unknown,Ya,QRIS,21479816.0,1.0,0.052632,0.0005385209580363,0.0,13,28.0,0.0,0.052632,21.0,0,10.5,16.882624308015576,12.0,16.0,3.6,2.0,1,1,1,True,0.0019224638911454013,624,Rendah,0,0.0019224638911454013
M0429,Toko Pangan Prima,Grocery,supermarket,retailer,Bogor,Unknown,Ya,QRIS,33733337.0,2.0,0.108328,0.0008238991020311,0.0014619808306709,3,76.0,0.5,0.054164,16.0,0,5.333333333333333,17.333997164489443,12.0,22.0,3.9,2.0,1,1,1,True,0.18627986867026805,554,Rendah,0,0.18627986867026805
M0449,CV Sinar Pangan Niaga Raya,Grocery,supermarket,retailer,Tangerang,Alam Sutera,Ya,QRIS + EDC,2376462342.0,1.0,0.054054,0.0006031692079968,0.0,15,53.0,0.0,0.054054,42.0,0,21.0,21.588878808321574,15.0,33.0,3.6,4.0,1,1,0,True,0.0070869334270647925,613,Rendah,0,0.0070869334270647925
M0472,Swalayan Mandala Sukses,Grocery,minimarket,retailer,Jakarta,Unknown,Ya,QRIS,1762617041.0,6.0,0.328104,0.0024635611651888,0.0197929712460063,15,53.0,0.6666666666666666,0.054684,35.0,1,5.0,21.29006549725437,12.0,29.0,4.1,3.0,1,1,1,True,0.501262237112245,95,Sedang,0,0.501262237112245
M0484,CV Makmur Niaga Indonesia,Grocery,supermarket,retailer,Depok,Unknown,Ya,QRIS + EDC,620305582.0,2.0,0.125768,0.0009462154531564,0.0017942492012779,10,26.0,0.5,0.062884,36.0,0,12.0,20.24572279038648,15.0,30.0,0.0,6.0,0,1,0,True,0.20017964011801206,537,Rendah,0,0.20017964011801206
M0398,Grosir Sembako Sahabat,Grocery,toko_kelontong,supplier,Bekasi,Unknown,Ya,QRIS,101800537.0,1.0,0.098039,0.0008295900221919,0.0,1,29.0,1.0,0.098039,17.0,0,8.5,18.43852594693903,8.0,11.0,3.3,3.0,1,0,1,True,0.2860922544380926,386,Rendah,0,0.2860922544380926
M0404,Swalayan Pusaka Mulia,Grocery,supermarket,retailer,Bekasi,Summarecon,Ya,QRIS,40703298.5,3.0,0.179054,0.0013186955590121,0.0032869009584664,9,20.0,0.3333333333333333,0.0596846666666666,24.0,0,6.0,17.521819715922994,9.0,23.0,0.0,3.0,0,0,0,True,0.2236177459145147,493,Rendah,0,0.2236177459145147
M0363,Minimarket Arunika Mulia,Grocery,toko_kelontong,retailer,Tangerang,Unknown,Ya,QRIS,319863357.0,6.0,0.367969,0.0024207451813234,0.0124830670926517,7,67.0,0.8333333333333334,0.0613281666666666,27.0,1,3.857142857142857,19.58340445631492,19.0,28.0,0.0,2.0,0,1,0,True,0.5509304793849292,62,Tinggi,1,0.5509304793849292
M0355,Toko Pangan Selaras,Grocery,distributor,retailer,Bandung,Unknown,Ya,QRIS,25298029.0,2.0,0.135626,0.0010973597302719,0.0003782747603833,7,67.0,0.5,0.067813,14.0,0,4.666666666666667,17.046237085053416,13.0,21.0,0.0,3.0,0,0,1,True,0.21408263566067737,509,Rendah,0,0.21408263566067737
M0528,Distributor Gadget Sentosa,Electronics,gadget,supplier,Bogor,Unknown,Ya,QRIS + EDC,52789290.0,1.0,0.05,0.0005537400065021,0.0,18,41.0,0.0,0.05,25.0,0,12.5,17.781818906135637,12.0,21.0,0.0,3.0,0,1,0,True,0.0023078421789465065,623,Rendah,0,0.0023078421789465065
M0271,Supplier Busana Tunas,Fashion,accessories,supplier,Bogor,Unknown,Ya,QRIS + EDC,146033143.0,1.0,0.066667,0.0009243955567751,0.0,0,44.0,1.0,0.066667,16.0,0,8.0,18.79934416760753,15.0,17.0,0.0,6.0,0,0,1,True,0.28430103349667807,388,Rendah,0,0.28430103349667807
M0547,Prima Inovasi House,Electronics,service,retailer,Depok,Unknown,Ya,QRIS + EDC,3989768374.0,8.0,0.459856,0.0030538353148084,0.0157392971246006,8,46.0,0.75,0.057482,35.0,1,3.888888888888889,22.10699901478469,15.0,31.0,0.0,3.0,0,1,1,True,0.6479482462437441,25,Tinggi,1,0.6479482462437441
M0234,Grosir Kain Karya,Fashion,textile,supplier,Jakarta,Unknown,Ya,QRIS,71643517.0,1.0,0.085106,0.0007667851067862,0.0,17,39.0,1.0,0.085106,17.0,0,8.5,18.087213240595425,13.0,11.0,0.0,3.0,0,1,1,True,0.27784172293509957,393,Rendah,0,0.27784172293509957
M0236,Supplier Busana Adikara,Fashion,footwear,supplier,Bandung,Cihampelas,Ya,QRIS,48747140.0,3.0,0.204406,0.0015009965859601,0.002673482428115,10,26.0,0.6666666666666666,0.0681353333333333,16.0,0,4.0,17.702157107534532,13.0,22.0,0.0,1.0,0,1,0,True,0.3274880535112661,301,Rendah,0,0.3274880535112661
M0201,Supplier Horeka Nawasena,F&B,restaurant,supplier,Bekasi,Unknown,Ya,QRIS,322717474.0,4.0,0.231068,0.0016535260302043,0.0087463258785942,1,29.0,0.5,0.057767,39.0,0,7.8,19.592287808019588,12.0,25.0,0.0,3.0,0,0,0,True,0.32725728024886286,302,Rendah,0,0.32725728024886286
M0174,Pusaka Kuliner Distribusi,F&B,restaurant,supplier,Bogor,Unknown,Ya,QRIS + EDC,2674679566.0,6.0,0.325806,0.0021424244700755,0.0083936102236421,3,76.0,0.8333333333333334,0.0543009999999999,40.0,1,5.714285714285714,21.70709542208184,20.0,37.0,3.9,5.0,1,1,1,True,0.5186086182706439,84,Tinggi,1,0.5186086182706439
M0566,Digital Store Berkah,Electronics,computer,retailer,Bandung,Setiabudhi,Ya,QRIS,40726421.0,1.0,0.050847,0.0005613189176254,0.0,4,30.0,1.0,0.050847,16.0,0,8.0,17.522387628969867,12.0,18.0,0.0,5.0,0,0,1,True,0.25310370549811173,459,Rendah,0,0.25310370549811173
M0608,Garasi Mas Bima,Automotive,sparepart,retailer,Bogor,Unknown,Ya,QRIS,81323094.0,5.0,0.319918,0.0020431245946846,0.008858785942492,3,76.0,0.8,0.0639836,23.0,0,3.8333333333333335,18.21394060551813,14.0,28.0,4.0,3.0,1,1,0,True,0.47857866616894323,112,Sedang,0,0.47857866616894323
M0114,Bakery Karya Juara,F&B,restaurant,retailer,Bogor,Tanah Sareal,Ya,QRIS,38661828.5,1.0,0.052632,0.0005405904959233,0.0,8,46.0,1.0,0.052632,15.0,0,7.5,17.470363353439048,11.0,16.0,0.0,2.0,0,0,0,True,0.2520750487204569,461,Rendah,0,0.2520750487204569
M0126,Rumah Makan Prima,F&B,warung,retailer,Bekasi,Kemang Pratama,Ya,QRIS,38661828.5,0.0,0.0,0.0,0.0,-1,0.0,0.0,0.0,0.0,0,0.0,17.470363353439048,12.0,11.0,0.0,3.0,0,0,0,False,0.0,628,Tidak Teranalisis,0,0.0
M0090,Supplier Horeka Cakrawala,F&B,restaurant,supplier,Bogor,Dramaga,Ya,QRIS + EDC,465057342.0,2.0,0.112237,0.0009896464216184,0.0008281150159744,8,46.0,0.5,0.0561185,30.0,0,10.0,19.95767127422813,12.0,21.0,4.0,4.0,1,0,1,True,0.19959438515943514,539,Rendah,0,0.19959438515943514
M0634,Distributor Sparepart Prima,Automotive,bengkel,supplier,Bogor,Unknown,Ya,QRIS + EDC,619226749.0,4.0,0.247973,0.0016059429276509,0.0022594249201277,3,76.0,1.0,0.06199325,29.0,0,5.8,20.24398208021105,18.0,35.0,3.7,5.0,1,1,1,True,0.45348079714577094,147,Sedang,0,0.45348079714577094
M0633,PT Mitra Distribusi Utama,Automotive,sparepart,supplier,Tangerang,Cipondoh,Ya,QRIS + EDC,7151873650.0,5.0,0.279101,0.0018921826506404,0.0199667731629392,12,58.0,0.4,0.0558202,45.0,0,7.5,22.69064020841437,21.0,66.0,0.0,6.0,0,1,0,True,0.35602505630410164,250,Sedang,0,0.35602505630410164
M0637,PT Mahardika Distribusi Sejahtera,Automotive,dealer,supplier,Jakarta,Thamrin,Ya,QRIS + EDC,2580134114.0,5.0,0.320913,0.0024135068038988,0.0084651757188498,15,53.0,0.6,0.0641825999999999,44.0,0,7.333333333333333,21.67110721708703,24.0,78.0,3.9,3.0,1,0,1,True,0.4561650568569149,143,Sedang,0,0.4561650568569149
M0640,Anugerah Motor Distribusi,Automotive,dealer,supplier,Bekasi,Unknown,Ya,QRIS,35977764.0,2.0,0.140395,0.0011294117338207,0.001405750798722,15,53.0,0.5,0.0701975,14.0,0,4.666666666666667,17.398411666714022,19.0,22.0,4.3,6.0,1,0,0,True,0.21778065556413895,499,Rendah,0,0.21778065556413895
M0466,Mentari Grosir Distribusi,Grocery,distributor,supplier,Depok,Cimanggis,Ya,QRIS + EDC,453622669.0,4.0,0.261324,0.0015981775253897,0.0041303514376996,7,67.0,0.75,0.065331,23.0,0,4.6,19.932776287083104,19.0,33.0,3.8,3.0,1,0,0,True,0.39414525377392773,205,Sedang,0,0.39414525377392773
M0074,Dapur Mas Dimas,F&B,bakery,retailer,Depok,Unknown,Ya,QRIS,55215327.0,1.0,0.057692,0.0006516128769525,0.0,17,39.0,1.0,0.057692,18.0,0,9.0,17.826751153860467,7.0,22.0,0.0,2.0,0,0,1,True,0.2616769225567732,430,Rendah,0,0.2616769225567732
M0045,UD Makmur Pangan Persada,F&B,catering,retailer,Depok,Unknown,Ya,QRIS,35237984.0,3.0,0.166231,0.0012685518325497,0.0075654952076677,14,29.0,0.3333333333333333,0.0554103333333333,25.0,0,6.25,17.377635178055794,7.0,36.0,0.0,1.0,0,0,0,True,0.21633149980231509,503,Rendah,0,0.21633149980231509
M0021,Sejahtera Rasa Center,F&B,restaurant,retailer,Bogor,Cibinong,Ya,QRIS + EDC,398655052.0,3.0,0.191791,0.0012334011872416,0.000255591054313,3,76.0,1.0,0.0639303333333333,20.0,0,5.0,19.803607072111514,11.0,49.0,4.3,4.0,1,0,0,True,0.38756087992751187,216,Sedang,0,0.38756087992751187
M0024,Warung Mbak Rani,F&B,cafe,retailer,Bogor,Unknown,Ya,QRIS + EDC,624534076.0,7.0,0.425196,0.0026241568893526,0.0127539936102236,3,76.0,0.7142857142857143,0.0607422857142857,30.0,1,3.75,20.25251645289467,17.0,22.0,3.5,4.0,1,0,1,True,0.5749112134182617,49,Tinggi,1,0.5749112134182617
M0165,CV Berkah Boga Retailindo,F&B,restaurant,retailer,Jakarta,Unknown,Ya,QRIS + EDC,398655052.0,4.0,0.260876,0.0021881103356933,0.0056025559105431,14,29.0,0.75,0.065219,22.0,0,4.4,19.803607072111514,7.0,19.0,4.0,2.0,1,1,1,True,0.43751497625008173,159,Sedang,0,0.43751497625008173
M0054,UD Sinar Rasa Nusantara,F&B,cafe,retailer,Tangerang,Unknown,Ya,QRIS + EDC,2123341937.0,1.0,0.068966,0.0006732420851716,0.0,7,67.0,1.0,0.068966,26.0,0,13.0,21.47625707028744,19.0,22.0,4.1,7.0,1,1,0,True,0.2664272530336151,411,Rendah,0,0.2664272530336151
M0006,CV Prima Distribusi Internasional,F&B,restaurant,supplier,Bandung,Unknown,Ya,QRIS,465057342.0,8.0,0.508734,0.0032905699064047,0.0190773162939297,18,41.0,0.625,0.06359175,30.0,1,3.333333333333333,19.95767127422813,18.0,30.0,4.1,3.0,1,1,0,True,0.6478335588761442,26,Tinggi,1,0.6478335588761442
M0002,Pusaka Sajian Distribusi,F&B,restaurant,supplier,Jakarta,Pluit,Tidak,,2791232371.0,2.0,0.113287,0.0010249421172402,0.0031284345047923,14,29.0,0.5,0.0566435,51.0,0,17.0,21.74974904564863,19.0,28.0,3.7,4.0,1,1,1,True,0.20249059795606153,532,Rendah,0,0.20249059795606153
M0690,CV Makmur Distribusi Persada,Automotive,accessories,supplier,Bekasi,Jababeka,Tidak,,1954724973.0,3.0,0.174612,0.0011940955386419,0.0045341853035143,4,30.0,0.3333333333333333,0.058204,58.0,0,14.5,21.39351534222676,12.0,26.0,0.0,2.0,0,0,0,True,0.21318778751359896,511,Rendah,0,0.21318778751359896
M0687,PT Langgeng Sparepart Retailindo,Automotive,dealer,retailer,Tangerang,BSD,Tidak,,2896748338.0,2.0,0.123055,0.0009581263274739,0.0006031948881789,12,58.0,0.5,0.0615275,43.0,0,14.333333333333334,21.78685468244005,14.0,15.0,0.0,3.0,0,0,0,True,0.20029843805850311,536,Rendah,0,0.20029843805850311
M0686,PT Mitra Distribusi Indonesia,Automotive,accessories,supplier,Tangerang,Cipondoh,Tidak,,2355430195.0,5.0,0.274061,0.0019836182157481,0.0107757188498402,12,58.0,1.0,0.0548122,44.0,0,7.333333333333333,21.57998922119275,15.0,19.0,3.5,3.0,1,0,1,True,0.5113557897738371,91,Tinggi,1,0.5113557897738371
M0682,Cakrawala Garage Market,Automotive,accessories,retailer,Depok,Sawangan,Tidak,,340534895.0,5.0,0.297135,0.0019853981214281,0.011123322683706,10,26.0,0.8,0.0594269999999999,27.0,0,4.5,19.646028162884157,3.0,22.0,3.3,1.0,1,1,0,True,0.46794551343986573,131,Sedang,0,0.46794551343986573
M0679,Bengkel Mitra Motor,Automotive,sparepart,retailer,Bogor,Cibinong,Tidak,,85680350.0,0.0,0.0,0.0,0.0,-1,0.0,0.0,0.0,0.0,0,0.0,18.26613408073403,5.0,12.0,0.0,1.0,0,0,1,False,0.0,628,Tidak Teranalisis,0,0.0
M0020,UD Mandala Rasa Internasional,F&B,bakery,retailer,Jakarta,Tebet,Tidak,,1958963967.0,4.0,0.235306,0.0020586150307048,0.0063795527156549,14,29.0,0.75,0.0588265,38.0,0,7.6,21.395681582681977,12.0,25.0,3.6,3.0,1,0,1,True,0.4208102927945602,175,Sedang,0,0.4208102927945602
M0016,PT Mentari Distribusi Persada,F&B,bakery,supplier,Bandung,Setiabudhi,Tidak,,5305077368.0,8.0,0.494148,0.0031274637148882,0.0237904153354632,18,41.0,0.875,0.0617685,48.0,1,5.333333333333333,22.39193019307189,19.0,27.0,3.8,4.0,1,1,0,True,0.6942252403981573,19,Tinggi,1,0.6942252403981573
M0009,Warung Bu Lestari,F&B,bakery,retailer,Tangerang,Cipondoh,Tidak,,285659865.0,4.0,0.225232,0.0016144925046979,0.0142926517571885,12,58.0,0.5,0.056308,24.0,0,4.8,19.47031238130952,8.0,26.0,0.0,2.0,0,0,1,True,0.32274586312699466,320,Rendah,0,0.32274586312699466
M0437,Grosir Sembako Tunas,Grocery,minimarket,supplier,Depok,Sawangan,Tidak,,530410873.0,0.0,0.0,0.0,0.0,-1,0.0,0.0,0.0,0.0,0,0.0,20.08916249813407,11.0,17.0,4.3,3.0,1,0,0,False,0.0,628,Tidak Teranalisis,0,0.0
M0464,Prima Sembako Distribusi,Grocery,toko_kelontong,supplier,Bandung,Cihampelas,Tidak,,453622669.0,7.0,0.420225,0.0030069214422318,0.0102900958466453,10,26.0,0.7142857142857143,0.0600321428571428,31.0,1,3.875,19.932776287083104,11.0,22.0,3.8,3.0,1,0,1,True,0.6017406369301131,39,Tinggi,1,0.6017406369301131
M0454,Anugerah Pangan House,Grocery,distributor,retailer,Bekasi,Harapan Indah,Tidak,,284356601.0,6.0,0.362678,0.002456655865004,0.0130300319488817,9,20.0,0.6666666666666666,0.0604463333333333,26.0,1,3.7142857142857135,19.46573964931286,10.0,27.0,3.5,2.0,1,0,1,True,0.5104304999054714,92,Tinggi,1,0.5104304999054714
M0676,Pusat Suku Cadang Berkah Mandiri,Automotive,bengkel,supplier,Bandung,Buah Batu,Tidak,,1723593202.0,3.0,0.183478,0.0014098813766292,0.0019118210862619,4,30.0,0.6666666666666666,0.0611593333333333,32.0,0,8.0,21.267677020207813,8.0,15.0,0.0,1.0,0,1,1,True,0.31491240572300055,344,Rendah,0,0.31491240572300055
M0675,Langgeng Motor Distribusi,Automotive,dealer,supplier,Jakarta,Senayan,Tidak,,2611166261.0,11.0,0.636472,0.0045064530879551,0.0356191693290734,15,53.0,0.9090909090909092,0.0578610909090909,48.0,1,4.0,21.683062802154268,18.0,34.0,4.0,4.0,1,1,1,True,0.9124381912186182,2,Tinggi,1,0.9124381912186182
M0674,PT Prima Sparepart Sejahtera,Automotive,dealer,retailer,Jakarta,Kelapa Gading,Tidak,,3477150827.0,4.0,0.231059,0.0018143249470579,0.0071156549520766,1,29.0,0.5,0.05776475,59.0,0,11.8,21.96947906780611,9.0,33.0,4.1,3.0,1,1,0,True,0.3391102943916746,273,Rendah,0,0.3391102943916746
M0673,Garasi Bang Fajar,Automotive,sparepart,retailer,Jakarta,Pluit,Tidak,,532126632.0,4.0,0.237259,0.0018155114491471,0.0081226837060702,15,53.0,0.75,0.05931475,25.0,0,5.0,20.092392050935693,10.0,20.0,3.9,1.0,1,0,1,True,0.4034331755634475,194,Sedang,0,0.4034331755634475
M0670,Sembada Mobilitas Market,Automotive,dealer,retailer,Depok,Sawangan,Tidak,,541201432.0,5.0,0.267451,0.0020705739370029,0.0160051118210862,8,46.0,0.8,0.0534902,35.0,0,5.833333333333333,20.109302102077063,19.0,16.0,3.8,3.0,1,0,0,True,0.4659167806384289,132,Sedang,0,0.4659167806384289
M0665,PT Sejahtera Distribusi Mandiri,Automotive,bengkel,supplier,Tangerang,Gading Serpong,Tidak,,4079496113.0,11.0,0.65647,0.0043721085599041,0.0356856230031948,12,58.0,0.7272727272727273,0.0596790909090909,39.0,1,3.25,22.12923931626496,12.0,49.0,3.8,4.0,1,0,1,True,0.8626760764443215,4,Tinggi,1,0.8626760764443215
M0664,Toko Sparepart Karya,Automotive,bengkel,retailer,Tangerang,Alam Sutera,Tidak,,107294572.0,2.0,0.115428,0.0009731486291284,0.0014722044728434,1,29.0,1.0,0.057714,19.0,0,6.333333333333333,18.491088628502627,12.0,22.0,3.3,2.0,1,0,1,True,0.3242711924840327,314,Rendah,0,0.3242711924840327
M0423,Minimarket Gemilang Sukses,Grocery,toko_kelontong,retailer,Depok,Cinere,Tidak,,23445862.0,4.0,0.255154,0.0017213203106875,0.0055974440894568,7,67.0,0.75,0.0637885,15.0,0,3.0,16.970204619382645,12.0,18.0,3.7,3.0,1,1,0,True,0.40149743595321125,196,Sedang,0,0.40149743595321125
M0422,Minimarket Berkah Baru,Grocery,distributor,retailer,Depok,Cimanggis,Tidak,,354992152.0,2.0,0.11383,0.0013352343919049,0.0031642172523961,15,53.0,0.5,0.056915,31.0,0,10.333333333333334,19.687606242970038,3.0,17.0,3.7,1.0,1,1,1,True,0.22552010524428612,489,Rendah,0,0.22552010524428612
M0447,Minimarket Mahardika Sukses,Grocery,minimarket,retailer,Bekasi,Grand Galaxy,Tidak,,21262952.0,1.0,0.065217,0.0006156620933863,0.0,8,46.0,1.0,0.065217,17.0,0,8.5,16.872476820573944,6.0,11.0,3.8,1.0,1,0,0,True,0.261132583242654,432,Rendah,0,0.261132583242654
M0444,Toko Sembako Pak Wahyu,Grocery,toko_kelontong,retailer,Bekasi,Summarecon,Tidak,,239723363.0,1.0,0.0625,0.0006830300225915,0.0,7,67.0,0.0,0.0625,24.0,0,12.0,19.294996166494343,8.0,13.0,3.6,1.0,1,0,1,True,0.0153390512972289,598,Rendah,0,0.0153390512972289
M0442,Warung Sinar Mart,Grocery,distributor,retailer,Bekasi,Grand Galaxy,Tidak,,53558537.0,1.0,0.06383,0.0008754589041639,0.0,15,53.0,0.0,0.06383,19.0,0,9.5,17.796285781924773,5.0,22.0,3.4,2.0,1,1,1,True,0.029898899900806294,584,Rendah,0,0.029898899900806294
M0407,CV Lentera Distribusi Indonesia,Grocery,supermarket,supplier,Bandung,Buah Batu,Tidak,,2702170644.0,7.0,0.418725,0.0028019652267016,0.019767412140575,13,28.0,0.4285714285714285,0.0598178571428571,39.0,1,4.875,21.71732122956054,14.0,19.0,3.6,5.0,1,0,0,True,0.5147810062836604,85,Tinggi,1,0.5147810062836604
M0433,PT Buana Mart Niaga Raya,Grocery,distributor,retailer,Bekasi,Kemang Pratama,Tidak,,2376462342.0,3.0,0.167951,0.0012741050537393,0.0088536741214057,17,39.0,0.6666666666666666,0.0559836666666666,35.0,0,8.75,21.588878808321574,8.0,42.0,4.2,4.0,1,0,1,True,0.3005557002346448,371,Rendah,0,0.3005557002346448
M0432,Minimarket Prima Maju,Grocery,toko_kelontong,retailer,Bandung,Setiabudhi,Tidak,,657667149.0,5.0,0.30132,0.0019101309479274,0.0091399361022364,13,28.0,0.6,0.060264,31.0,0,5.166666666666667,20.30420951023995,11.0,25.0,3.8,3.0,1,1,1,True,0.41356754081940217,181,Sedang,0,0.41356754081940217
M0431,Prima Pangan Market,Grocery,toko_kelontong,retailer,Jakarta,Tebet,Tidak,,873666426.0,2.0,0.127009,0.0010464437380185,0.0019067092651757,8,46.0,1.0,0.0635045,42.0,0,14.0,20.58820919829676,18.0,32.0,4.3,4.0,1,1,1,True,0.3329167252882178,289,Rendah,0,0.3329167252882178
M0427,CV Buana Grosir Internasional,Grocery,toko_kelontong,retailer,Depok,Cimanggis,Tidak,,1972602223.0,7.0,0.439208,0.0027208573828447,0.0145329073482428,7,67.0,0.4285714285714285,0.062744,37.0,1,4.625,21.40261943392954,9.0,22.0,3.7,1.0,1,1,1,True,0.5145342743123826,86,Tinggi,1,0.5145342743123826
M0482,Toko Pangan Pusaka,Grocery,supermarket,retailer,Tangerang,Gading Serpong,Tidak,,392349688.0,7.0,0.493201,0.0030118251815162,0.0072843450479233,6,16.0,0.4285714285714285,0.0704572857142857,22.0,1,2.75,19.787664063877827,3.0,22.0,3.7,1.0,1,0,0,True,0.5510998500217237,60,Tinggi,1,0.5510998500217237
M0481,Pusat Grosir Mentari Cemerlang,Grocery,toko_kelontong,supplier,Tangerang,BSD,Tidak,,740105546.0,4.0,0.245596,0.0019286492914628,0.0095284345047923,9,20.0,1.0,0.0613989999999999,39.0,0,7.8,20.422303365072725,15.0,25.0,4.0,3.0,1,0,0,True,0.47660826384688254,116,Sedang,0,0.47660826384688254
M0480,Sejahtera Retail Distribusi,Grocery,distributor,supplier,Depok,Cinere,Tidak,,1846061985.0,7.0,0.456266,0.0030618648197392,0.0135361022364217,7,67.0,0.7142857142857143,0.0651808571428571,43.0,1,5.375,21.336320551011536,13.0,18.0,3.9,3.0,1,0,1,True,0.6158795554277684,32,Tinggi,1,0.6158795554277684
M0477,Sahabat Retail Distribusi,Grocery,toko_kelontong,supplier,Bekasi,Harapan Indah,Tidak,,3312777340.0,0.0,0.0,0.0,0.0,-1,0.0,0.0,0.0,0.0,0,0.0,21.921052750338863,10.0,41.0,3.3,1.0,1,1,1,False,0.0,628,Tidak Teranalisis,0,0.0
M0471,Toko Sembako Mas Dimas,Grocery,distributor,retailer,Bekasi,Harapan Indah,Tidak,,38116397.0,5.0,0.301722,0.0020990233795457,0.0074581469648562,17,39.0,0.6,0.0603444,21.0,0,3.5,17.456155141204913,8.0,13.0,0.0,2.0,0,1,0,True,0.4276069002876569,170,Sedang,0,0.4276069002876569
M0394,Mandala Niaga Distribusi,Grocery,distributor,supplier,Bekasi,Summarecon,Tidak,,361953661.0,6.0,0.335015,0.0021605907005858,0.0203706070287539,8,46.0,0.8333333333333334,0.0558358333333333,32.0,1,4.571428571428571,19.707026756071777,3.0,27.0,0.0,1.0,0,1,0,True,0.5225256263754294,75,Tinggi,1,0.5225256263754294
M0393,PT Harmoni Pangan Utama,Grocery,minimarket,retailer,Depok,Cinere,Tidak,,3472477988.0,5.0,0.316272,0.0021622529949546,0.0070900958466453,7,67.0,0.6,0.0632544,54.0,0,9.0,21.968134293911778,17.0,22.0,4.0,5.0,1,1,0,True,0.43634134841275923,163,Sedang,0,0.43634134841275923
M0391,Toko Pangan Berkah,Grocery,supermarket,retailer,Jakarta,Thamrin,Tidak,,42169441.0,2.0,0.105264,0.0010385188748703,0.0011194888178913,15,53.0,1.0,0.052632,21.0,0,7.0,17.557206393479635,12.0,22.0,4.1,1.0,1,0,1,True,0.3262459321749578,305,Rendah,0,0.3262459321749578
M0390,Grosir Sembako Cakrawala,Grocery,minimarket,supplier,Tangerang,Alam Sutera,Tidak,,346467996.0,1.0,0.061224,0.0005852253627938,0.0,18,41.0,1.0,0.061224,17.0,0,8.5,19.663301011578355,4.0,20.0,3.4,2.0,1,0,1,True,0.25777086080554545,445,Rendah,0,0.25777086080554545
M0417,Pelita Grosir House,Grocery,minimarket,retailer,Bekasi,Kemang Pratama,Tidak,,555604328.0,2.0,0.113856,0.0009103265930392,0.0011706070287539,18,41.0,1.0,0.056928,36.0,0,12.0,20.135566960390783,12.0,8.0,3.8,1.0,1,1,1,True,0.3191993822329125,333,Rendah,0,0.3191993822329125
M0414,Toko Sembako Bu Maya,Grocery,toko_kelontong,retailer,Tangerang,BSD,Tidak,,249613872.0,4.0,0.267318,0.0018034410234685,0.0032102236421725,6,16.0,0.75,0.0668295,16.0,0,3.2,19.33542577384447,6.0,18.0,0.0,1.0,0,1,0,True,0.41095685488840833,187,Sedang,0,0.41095685488840833
M0412,PT Jelita Niaga Niaga Raya,Grocery,supermarket,retailer,Bekasi,Summarecon,Tidak,,2327537368.0,3.0,0.168616,0.0012110487033223,0.0049226837060702,8,46.0,0.6666666666666666,0.0562053333333333,47.0,0,11.75,21.568076622410885,10.0,25.0,3.8,2.0,1,1,1,True,0.2960927583426314,377,Rendah,0,0.2960927583426314
M0410,Adikara Grosir Center,Grocery,minimarket,retailer,Bogor,Cibinong,Tidak,,684374893.0,1.0,0.057143,0.0006102904143733,0.0,18,41.0,1.0,0.057143,31.0,0,15.5,20.34401641608328,8.0,11.0,0.0,2.0,0,1,0,True,0.2584765942845657,442,Rendah,0,0.2584765942845657
M0376,Sejahtera Mart Distribusi,Grocery,supermarket,supplier,Bogor,Cibinong,Tidak,,3577117553.0,4.0,0.217375,0.0014902552273697,0.0101162939297124,3,76.0,1.0,0.0543437499999999,52.0,0,10.4,21.99782316053568,11.0,37.0,3.6,5.0,1,0,0,True,0.43638677896923317,162,Sedang,0,0.43638677896923317
M0400,Toko Pangan Adikara,Grocery,minimarket,retailer,Bekasi,Kemang Pratama,Tidak,,44116509.0,2.0,0.135551,0.001165800979901,0.0009252396166134,1,29.0,1.0,0.0677755,20.0,0,6.666666666666667,17.60234464677294,9.0,12.0,4.0,1.0,1,1,1,True,0.3441077435082625,263,Rendah,0,0.3441077435082625
M0359,Harmoni Pangan Distribusi,Grocery,minimarket,supplier,Bekasi,Grand Galaxy,Tidak,,2647373036.0,7.0,0.408621,0.002780729403232,0.0139603833865814,8,46.0,0.5714285714285714,0.0583744285714285,44.0,1,5.5,21.696833678482555,7.0,13.0,3.5,1.0,1,0,0,True,0.5461014524431271,63,Tinggi,1,0.5461014524431271
M0386,Minimarket Arunika Pilihan,Grocery,supermarket,retailer,Bekasi,Summarecon,Tidak,,25786238.0,1.0,0.078947,0.0008071564864669,0.0,9,20.0,1.0,0.078947,16.0,0,8.0,17.06535153550533,2.0,11.0,3.7,1.0,1,0,0,True,0.2790943362697547,392,Rendah,0,0.2790943362697547
M0384,CV Sembada Distribusi Utama,Grocery,supermarket,supplier,Bogor,Bogor Tengah,Tidak,,381079599.0,5.0,0.317481,0.0019613373455404,0.0049431309904153,3,76.0,1.0,0.0634962,29.0,0,4.833333333333333,19.758518835153936,9.0,18.0,0.0,2.0,0,1,1,True,0.5218664543935444,78,Tinggi,1,0.5218664543935444
M0383,PT Selaras Retail Retailindo,Grocery,minimarket,retailer,Jakarta,Senayan,Tidak,,2552483759.0,1.0,0.0625,0.0008437306027514,0.0,9,20.0,1.0,0.0625,36.0,0,18.0,21.66033274559304,7.0,11.0,0.0,2.0,0,0,1,True,0.27718733431151055,395,Rendah,0,0.27718733431151055
M0491,Digital Store Tunas,Electronics,accessories,retailer,Depok,Cinere,Tidak,,116531075.0,3.0,0.172207,0.0012925224490575,0.00534696485623,8,46.0,0.6666666666666666,0.0574023333333333,26.0,0,6.5,18.57366854218055,8.0,21.0,3.8,1.0,1,0,0,True,0.30310486447143986,367,Rendah,0,0.30310486447143986
M0489,PT Bintang Distribusi Mandiri,Grocery,supermarket,supplier,Bandung,Dago,Tidak,,2466381784.0,4.0,0.256336,0.0018590363830674,0.0040741214057507,18,41.0,0.5,0.064084,33.0,0,6.6,21.62601804925108,12.0,15.0,3.9,3.0,1,0,0,True,0.34948194155660417,254,Rendah,0,0.34948194155660417
M0348,CV Sejahtera Distribusi Internasional,Fashion,accessories,supplier,Depok,Cinere,Tidak,,1808210488.0,7.0,0.407164,0.0027721205026322,0.0183463258785942,7,67.0,0.5714285714285714,0.0581662857142857,38.0,1,4.75,21.315603513047087,14.0,12.0,3.9,4.0,1,0,1,True,0.5450589079658704,64,Tinggi,1,0.5450589079658704
M0347,CV Makmur Apparel Nusantara,Fashion,footwear,retailer,Bekasi,Grand Galaxy,Tidak,,1874385726.0,7.0,0.37965,0.0025654708915854,0.0281916932907348,5,19.0,0.7142857142857143,0.0542357142857142,34.0,1,4.25,21.35154683042549,9.0,20.0,3.9,2.0,1,1,1,True,0.5578358728401938,58,Tinggi,1,0.5578358728401938
M0345,Konveksi Buana Sukses,Fashion,clothing,supplier,Jakarta,Kelapa Gading,Tidak,,29432100.0,0.0,0.0,0.0,0.0,-1,0.0,0.0,0.0,0.0,0,0.0,17.19759650739989,6.0,13.0,3.7,2.0,1,1,1,False,0.0,628,Tidak Teranalisis,0,0.0
M0371,PT Sembada Distribusi Sentosa,Grocery,minimarket,supplier,Bandung,Setiabudhi,Tidak,,3158326679.0,2.0,0.102581,0.0008658131743925,0.0019271565495207,3,76.0,0.0,0.0512905,52.0,0,17.333333333333332,21.873308192648267,14.0,28.0,4.2,3.0,1,1,0,True,0.0627615433345835,580,Rendah,0,0.0627615433345835
M0369,CV Sentosa Distribusi Retailindo,Grocery,supermarket,supplier,Bogor,Dramaga,Tidak,,2982121856.0,10.0,0.553055,0.0035023593730581,0.0387731629392971,3,76.0,0.8,0.0553055,59.0,1,5.363636363636363,21.81590091663915,6.0,26.0,0.0,3.0,0,0,1,True,0.7650587192071778,11,Tinggi,1,0.7650587192071778
M0332,Grosir Kain Nawasena,Fashion,textile,supplier,Depok,Sawangan,Tidak,,427517913.0,2.0,0.121753,0.0013283850814985,0.0031642172523961,7,67.0,0.5,0.0608765,33.0,0,11.0,19.873506749556704,10.0,20.0,3.9,3.0,1,0,0,True,0.22723278821166043,486,Rendah,0,0.22723278821166043
M0328,PT Selaras Busana Nusantara,Fashion,textile,retailer,Bekasi,Kemang Pratama,Tidak,,3889863346.0,7.0,0.399753,0.0026318391244991,0.0240460063897763,17,39.0,0.8571428571428571,0.0571075714285714,37.0,1,4.625,22.081639864653805,15.0,19.0,3.7,3.0,1,1,1,True,0.604070317689061,38,Tinggi,1,0.604070317689061
M0325,Butik Sembada Sejati,Fashion,clothing,retailer,Bekasi,Jababeka,Tidak,,33322441.0,2.0,0.145614,0.0011235256451813,0.0,17,39.0,0.5,0.072807,19.0,0,6.333333333333333,17.32174166189311,9.0,11.0,3.3,3.0,1,1,0,True,0.21880749681386719,498,Rendah,0,0.21880749681386719
M0351,CV Selaras Niaga Sejahtera,Grocery,minimarket,retailer,Jakarta,Thamrin,Tidak,,618436567.0,4.0,0.230891,0.0016000991792859,0.0064,4,30.0,0.75,0.05772275,30.0,0,6.0,20.242705186736277,14.0,14.0,0.0,3.0,0,0,0,True,0.3857686323845757,218,Sedang,0,0.3857686323845757
M0349,PT Adikara Apparel Indonesia,Fashion,textile,retailer,Bogor,Sentul,Tidak,,2190927440.0,5.0,0.302203,0.0021221192627375,0.0097738019169329,3,76.0,0.8,0.0604406,52.0,0,8.666666666666666,21.507590780169743,18.0,43.0,0.0,4.0,0,1,1,True,0.4794443687919774,110,Sedang,0,0.4794443687919774
M0512,Langgeng Gadget House,Electronics,gadget,retailer,Depok,Sawangan,Tidak,,725546654.0,3.0,0.173612,0.0014504291302569,0.0053623003194888,7,67.0,0.6666666666666666,0.0578706666666666,27.0,0,6.75,20.40243593559511,12.0,24.0,3.5,2.0,1,1,1,True,0.31514042068660314,343,Rendah,0,0.31514042068660314
M0510,Toko Elektronik Gemilang,Electronics,gadget,retailer,Bekasi,Summarecon,Tidak,,308199689.0,2.0,0.115663,0.0009944302559446,0.0011297124600638,8,46.0,1.0,0.0578315,25.0,0,8.333333333333334,19.54625847500942,6.0,10.0,3.9,4.0,1,0,0,True,0.3259060415352521,308,Rendah,0,0.3259060415352521
M0509,CV Tunas Gadget Sentosa,Electronics,gadget,retailer,Bandung,Buah Batu,Tidak,,2720908510.0,4.0,0.234223,0.0018465821508913,0.0078926517571884,13,28.0,0.5,0.05855575,46.0,0,9.2,21.724231672881988,15.0,21.0,4.2,3.0,1,1,0,True,0.3423741983937839,267,Rendah,0,0.3423741983937839
M0505,Toko Elektronik Berseri,Electronics,gadget,retailer,Bekasi,Harapan Indah,Tidak,,40726421.0,1.0,0.061224,0.0006506819114587,0.0,8,46.0,1.0,0.061224,18.0,0,9.0,17.522387628969867,7.0,15.0,4.0,1.0,1,0,1,True,0.262596902584288,421,Rendah,0,0.262596902584288
M0316,Rumah Mode Berkah,Fashion,accessories,retailer,Jakarta,Kelapa Gading,Tidak,,752619590.0,1.0,0.050847,0.0006080526099741,0.0,14,29.0,1.0,0.050847,26.0,0,13.0,20.439070466877023,8.0,16.0,0.0,3.0,0,0,0,True,0.2565493309756228,448,Rendah,0,0.2565493309756228
M0311,CV Arunika Apparel Sejahtera,Fashion,accessories,retailer,Depok,Sawangan,Tidak,,2813251924.0,3.0,0.158424,0.0016093035963892,0.0052447284345047,10,26.0,0.3333333333333333,0.052808,43.0,0,10.75,21.75760691985612,19.0,21.0,0.0,3.0,0,0,0,True,0.23926955872559308,477,Rendah,0,0.23926955872559308
M0340,Toko Busana Mas Bima,Fashion,clothing,retailer,Bekasi,Grand Galaxy,Tidak,,603240191.0,3.0,0.187191,0.001427355173458,0.0035067092651757,0,44.0,0.6666666666666666,0.062397,32.0,0,8.0,20.21782600373799,9.0,24.0,0.0,1.0,0,0,1,True,0.31724001185116535,335,Rendah,0,0.31724001185116535
M0337,Berseri Garmen Distribusi,Fashion,clothing,supplier,Depok,Cinere,Tidak,,194843413.0,2.0,0.115151,0.0010592827812909,0.0015948881789137,8,46.0,0.0,0.0575755,21.0,0,7.0,19.087706788818497,6.0,8.0,3.5,1.0,1,1,1,True,0.08054423873004143,571,Rendah,0,0.08054423873004143
M0335,Atelier Cakrawala,Fashion,footwear,retailer,Depok,Sawangan,Tidak,,227581488.0,7.0,0.389487,0.0025148595841234,0.0148447284345047,7,67.0,0.7142857142857143,0.0556409999999999,31.0,1,3.875,19.24301892562593,8.0,27.0,3.7,2.0,1,0,0,True,0.5568577655447611,59,Tinggi,1,0.5568577655447611
M0301,Butik Pusaka Jaya,Fashion,accessories,retailer,Bandung,Setiabudhi,Tidak,,61625535.0,7.0,0.467538,0.0034963236084257,0.0183974440894568,13,28.0,0.7142857142857143,0.0667911428571428,23.0,1,2.875,17.936586888058066,11.0,13.0,3.5,1.0,1,0,1,True,0.6510668123915702,24,Tinggi,1,0.6510668123915702
M0297,CV Lentera Busana Sentosa,Fashion,accessories,retailer,Bekasi,Summarecon,Tidak,,235934857.0,4.0,0.25232,0.0019614943011257,0.0074581469648562,17,39.0,0.5,0.06308,29.0,0,5.8,19.279066299464127,6.0,19.0,3.9,1.0,1,0,1,True,0.35591196257002244,251,Sedang,0,0.35591196257002244
M0307,Atelier Gemilang,Fashion,clothing,retailer,Bekasi,Summarecon,Tidak,,217327303.0,3.0,0.16114,0.0010839387765498,0.0062466453674121,8,46.0,0.3333333333333333,0.0537133333333333,28.0,0,7.0,19.196915088506703,10.0,6.0,3.8,2.0,1,1,0,True,0.2012951866899085,534,Rendah,0,0.2012951866899085
M0304,PT Anugerah Kriya Indonesia,Fashion,accessories,retailer,Tangerang,Karawaci,Tidak,,7766960961.0,8.0,0.428248,0.0029568667165279,0.0223284345047923,12,58.0,0.625,0.053531,47.0,1,5.222222222222222,22.773144800235077,11.0,39.0,0.0,3.0,0,0,0,True,0.6007016650425756,40,Tinggi,1,0.6007016650425756
M0501,Digital Store Buana,Electronics,service,retailer,Bandung,Braga,Tidak,,28756553.0,0.0,0.0,0.0,0.0,-1,0.0,0.0,0.0,0.0,0,0.0,17.174376264444902,11.0,13.0,3.9,1.0,1,0,1,False,0.0,628,Tidak Teranalisis,0,0.0
M0532,PT Sembada Distribusi Mandiri,Electronics,service,supplier,Jakarta,Kelapa Gading,Tidak,,5955973609.0,3.0,0.161126,0.0012223213764238,0.0079642172523961,17,39.0,0.6666666666666666,0.0537086666666666,56.0,0,14.0,22.5076605209323,17.0,32.0,3.8,5.0,1,1,1,True,0.29482740341734553,379,Rendah,0,0.29482740341734553
M0530,Arunika Elektronik Center,Electronics,gadget,retailer,Depok,Sawangan,Tidak,,356274913.0,6.0,0.337731,0.002389502974334,0.0161533546325878,0,44.0,0.6666666666666666,0.0562885,38.0,1,5.428571428571429,19.69121322113695,11.0,10.0,0.0,2.0,0,0,0,True,0.4984966362862402,98,Sedang,0,0.4984966362862402
M0524,Komputer Sejahtera Asri,Electronics,service,retailer,Bekasi,Grand Galaxy,Tidak,,32989401.0,0.0,0.0,0.0,0.0,-1,0.0,0.0,0.0,0.0,0,0.0,17.31169691633541,2.0,4.0,0.0,1.0,0,1,0,False,0.0,628,Tidak Teranalisis,0,0.0
M0270,PT Makmur Mode Sejahtera,Fashion,footwear,retailer,Bekasi,Grand Galaxy,Tidak,,2400429001.0,9.0,0.500905,0.0030986454983497,0.0261060702875399,17,39.0,0.5555555555555556,0.0556561111111111,35.0,1,3.5,21.598913309159617,1.0,17.0,3.8,2.0,1,0,1,True,0.6368579734083007,29,Tinggi,1,0.6368579734083007
M0268,UD Nawasena Mode Internasional,Fashion,textile,retailer,Tangerang,BSD,Tidak,,26940304.0,1.0,0.051724,0.0007292731192675,0.0,12,58.0,0.0,0.051724,16.0,0,8.0,17.10913405033749,3.0,12.0,3.9,2.0,1,0,1,True,0.015732265676652375,597,Rendah,0,0.015732265676652375
M0267,PT Bintang Kriya Internasional,Fashion,footwear,retailer,Depok,Cinere,Tidak,,1636963579.0,6.0,0.344641,0.0022364030155444,0.0145431309904153,7,67.0,0.3333333333333333,0.0574401666666666,37.0,1,5.285714285714286,21.216108887073258,14.0,22.0,4.1,4.0,1,1,0,True,0.40580953878671816,191,Sedang,0,0.40580953878671816
M0264,PT Sahabat Apparel Persada,Fashion,footwear,retailer,Bandung,Braga,Tidak,,2612880459.0,7.0,0.387414,0.0026538809172621,0.018264536741214,9,20.0,0.7142857142857143,0.0553448571428571,35.0,1,4.375,21.68371907425624,7.0,27.0,0.0,3.0,0,1,0,True,0.5665274207793302,52,Tinggi,1,0.5665274207793302
M0292,PT Sahabat Kriya Utama,Fashion,clothing,retailer,Bogor,Tanah Sareal,Tidak,,2857347275.0,3.0,0.173905,0.0011546714712019,0.0075450479233226,3,76.0,0.3333333333333333,0.0579683333333333,44.0,0,11.0,21.773159505485754,8.0,12.0,3.8,3.0,1,1,0,True,0.21008320114645868,517,Rendah,0,0.21008320114645868
M0291,Sejahtera Tekstil House,Fashion,accessories,retailer,Tangerang,Alam Sutera,Tidak,,755814576.0,10.0,0.598931,0.0036032848160969,0.0234581469648562,12,58.0,0.8,0.0598931,34.0,1,3.090909090909091,20.443306635542047,20.0,17.0,3.9,4.0,1,1,0,True,0.7853406973528237,9,Tinggi,1,0.7853406973528237
M0290,Toko Busana Bu Wati,Fashion,accessories,retailer,Jakarta,Tebet,Tidak,,46764699.0,1.0,0.052632,0.0005842300569227,0.0,5,19.0,1.0,0.052632,8.0,0,4.0,17.660639202776217,10.0,11.0,3.8,1.0,1,0,0,True,0.25529254718141714,454,Rendah,0,0.25529254718141714
M0287,Grosir Kain Anugerah,Fashion,textile,supplier,Jakarta,Sudirman,Tidak,,62770018.0,1.0,0.069767,0.0007316352430594,0.0,14,29.0,1.0,0.069767,22.0,0,11.0,17.954988112986037,6.0,11.0,0.0,1.0,0,1,1,True,0.27095672121085257,402,Rendah,0,0.27095672121085257
M0255,CV Harmoni Mode Utama,Fashion,accessories,retailer,Depok,Cinere,Tidak,,2666823686.0,4.0,0.247638,0.0017347592471626,0.0072178913738019,8,46.0,0.25,0.0619095,49.0,0,9.8,21.704153970849624,11.0,12.0,3.6,3.0,1,1,0,True,0.2753845198338619,399,Rendah,0,0.2753845198338619
M0253,UD Berkah Garmen Niaga Raya,Fashion,footwear,retailer,Jakarta,Kemang,Tidak,,1520796583.0,3.0,0.152581,0.0011639426919272,0.0077546325878594,8,46.0,0.3333333333333333,0.0508603333333333,36.0,0,9.0,21.142500102949757,16.0,31.0,0.0,2.0,0,0,1,True,0.20479809639356816,530,Rendah,0,0.20479809639356816
M0251,Rumah Mode Mahardika,Fashion,textile,retailer,Bandung,Dago,Tidak,,400392523.0,7.0,0.458727,0.0027078358016719,0.0157495207667731,4,30.0,0.4285714285714285,0.0655324285714285,26.0,1,3.25,19.80795593390236,3.0,22.0,0.0,1.0,0,0,1,True,0.5190376431764782,83,Tinggi,1,0.5190376431764782
M0246,Atelier Tunas,Fashion,accessories,retailer,Bekasi,Summarecon,Tidak,,337539091.0,2.0,0.127196,0.0009606275915621,0.0012268370607028,0,44.0,0.5,0.063598,22.0,0,7.333333333333333,19.63719188971745,16.0,22.0,4.0,4.0,1,0,1,True,0.20164193395097119,533,Rendah,0,0.20164193395097119
M0245,Busana Cakrawala Bersama,Fashion,textile,retailer,Jakarta,Thamrin,Tidak,,78465604.0,0.0,0.0,0.0,0.0,-1,0.0,0.0,0.0,0.0,0,0.0,18.17817093386938,3.0,12.0,4.0,1.0,1,0,1,False,0.0,628,Tidak Teranalisis,0,0.0
M0274,PT Sejahtera Distribusi Sentosa,Fashion,textile,supplier,Bogor,Sentul,Tidak,,3898867038.0,10.0,0.5788530000000001,0.0032341629560395,0.0203706070287539,3,76.0,0.9,0.0578853,56.0,1,5.090909090909091,22.08395184505738,18.0,21.0,0.0,4.0,0,0,0,True,0.7775058325830612,10,Tinggi,1,0.7775058325830612
M0548,Gemilang Komputer Store,Electronics,service,retailer,Bekasi,Grand Galaxy,Tidak,,6273507539.0,2.0,0.106338,0.0011072185496486,0.0005060702875399,5,19.0,0.5,0.053169,43.0,0,14.333333333333334,22.559601451444237,16.0,33.0,4.0,4.0,1,1,1,True,0.2066117025433693,526,Rendah,0,0.2066117025433693
M0541,Sejahtera Teknologi Market,Electronics,computer,retailer,Bandung,Setiabudhi,Tidak,,662368342.0,2.0,0.114935,0.0009234562526798,0.0033635782747603,9,20.0,0.5,0.0574675,28.0,0,9.333333333333334,20.311332368528547,14.0,14.0,3.8,2.0,1,1,1,True,0.19546943395152888,544,Rendah,0,0.19546943395152888
M0540,Sembada Inovasi Distribusi,Electronics,service,supplier,Tangerang,Gading Serpong,Tidak,,3002796001.0,8.0,0.426545,0.0029624847741214,0.0247054313099041,18,41.0,0.875,0.053318125,41.0,1,4.555555555555555,21.82280969223823,8.0,24.0,3.8,2.0,1,0,1,True,0.6631392028169414,23,Tinggi,1,0.6631392028169414
M0538,Toko Elektronik Sembada,Electronics,service,retailer,Depok,Margonda,Tidak,,399154672.0,4.0,0.237982,0.0017630563043195,0.0078517571884984,8,46.0,0.75,0.0594955,27.0,0,5.4,19.80485955136573,7.0,18.0,4.0,1.0,1,0,0,True,0.3997680836970465,198,Sedang,0,0.3997680836970465
M0534,PT Kencana Gadget Mandiri,Electronics,computer,retailer,Jakarta,Senayan,Tidak,,2104267677.0,5.0,0.279177,0.0022036448235621,0.0151565495207667,9,20.0,0.6,0.0558354,62.0,0,10.333333333333334,21.467233347113694,17.0,34.0,3.3,1.0,1,1,0,True,0.4290101040181852,169,Sedang,0,0.4290101040181852
M0241,Atelier Pusaka,Fashion,textile,retailer,Jakarta,Kelapa Gading,Tidak,,435854265.0,1.0,0.057971,0.0006596319661777,0.0,15,53.0,1.0,0.057971,24.0,0,12.0,19.892818493144983,14.0,23.0,0.0,4.0,0,0,0,True,0.26234625455774774,424,Rendah,0,0.26234625455774774
M0240,Harmoni Kriya House,Fashion,clothing,retailer,Bogor,Sentul,Tidak,,491158473.0,2.0,0.110847,0.0008758051828715,0.0004242811501597,3,76.0,1.0,0.0554235,27.0,0,9.0,20.012277391321227,11.0,12.0,3.9,2.0,1,0,0,True,0.31581192574456546,341,Rendah,0,0.31581192574456546
M0239,CV Makmur Apparel Sejahtera,Fashion,accessories,retailer,Bandung,Setiabudhi,Tidak,,2920593411.0,6.0,0.315132,0.0021514078516639,0.0207437699680511,10,26.0,0.5,0.0525219999999999,36.0,1,5.142857142857143,21.795052655867217,21.0,23.0,4.1,5.0,1,0,1,True,0.432949930271514,168,Sedang,0,0.432949930271514
M0237,CV Sentosa Distribusi Nusantara,Fashion,textile,supplier,Bandung,Braga,Tidak,,677757721.0,5.0,0.302283,0.0020128155222668,0.0097584664536741,18,41.0,0.4,0.0604565999999999,29.0,0,4.833333333333333,20.334300439859845,12.0,19.0,0.0,4.0,0,1,0,True,0.37140791243269,237,Sedang,0,0.37140791243269
M0232,Sentosa Tekstil Market,Fashion,accessories,retailer,Tangerang,BSD,Tidak,,830216551.0,10.0,0.600134,0.0040490431175945,0.0326952076677316,12,58.0,0.7,0.0600133999999999,32.0,1,2.909090909090909,20.53719713074896,8.0,23.0,3.7,2.0,1,0,0,True,0.7935427071557632,8,Tinggi,1,0.7935427071557632
M0231,UD Buana Apparel Indonesia,Fashion,textile,retailer,Depok,Cimanggis,Tidak,,3348840247.0,8.0,0.476066,0.0029418560050894,0.0151054313099041,7,67.0,0.625,0.05950825,52.0,1,5.777777777777778,21.931879928217327,13.0,21.0,3.7,5.0,1,0,1,True,0.6129793662888836,34,Tinggi,1,0.6129793662888836
M0230,Toko Busana Bu Ningsih,Fashion,accessories,retailer,Bogor,Dramaga,Tidak,,21491987.0,1.0,0.060606,0.0006007215274998,0.0,3,76.0,0.0,0.060606,18.0,0,9.0,16.883190772483402,12.0,22.0,4.1,1.0,1,0,1,True,0.008740396206675695,611,Rendah,0,0.008740396206675695
M0260,CV Buana Kriya Nusantara,Fashion,textile,retailer,Bekasi,Kemang Pratama,Tidak,,2800081798.0,1.0,0.061224,0.0006336962610041,0.0,18,41.0,0.0,0.061224,41.0,0,20.5,21.752914467629424,18.0,18.0,0.0,4.0,0,1,0,True,0.011344568625272325,606,Rendah,0,0.011344568625272325
M0259,PT Sinar Tekstil Sentosa,Fashion,footwear,retailer,Bandung,Cihampelas,Tidak,,1637492080.0,5.0,0.265983,0.0020308512420273,0.0077239616613418,17,39.0,1.0,0.0531966,41.0,0,6.833333333333333,21.21643168943145,13.0,27.0,0.0,3.0,0,1,1,True,0.5125771702250715,88,Tinggi,1,0.5125771702250715
M0224,PT Pelita Kriya Sentosa,Fashion,textile,retailer,Depok,Cinere,Tidak,,3476882469.0,5.0,0.28729,0.0019194698548257,0.0143488817891373,0,44.0,0.8,0.0574579999999999,37.0,0,6.166666666666667,21.96940188727256,12.0,31.0,3.9,4.0,1,0,0,True,0.4603290425469092,139,Sedang,0,0.4603290425469092
M0222,Grosir Kain Selaras,Fashion,textile,supplier,Bogor,Sentul,Tidak,,445364710.0,0.0,0.0,0.0,0.0,-1,0.0,0.0,0.0,0.0,0,0.0,19.914404079742983,11.0,10.0,3.7,2.0,1,0,1,False,0.0,628,Tidak Teranalisis,0,0.0
M0220,PT Pusaka Distribusi Indonesia,Fashion,accessories,supplier,Tangerang,Karawaci,Tidak,,2336451768.0,4.0,0.2489299999999999,0.0017236844999227,0.0037265175718849,6,16.0,1.0,0.0622325,28.0,0,5.6,21.57189927747783,11.0,22.0,4.1,2.0,1,0,1,True,0.4624296257960687,135,Sedang,0,0.4624296257960687
M0218,Grosir Kain Pelita,Fashion,accessories,supplier,Jakarta,Kemang,Tidak,,43511656.0,1.0,0.096774,0.0015948963317384,0.0,2,2.0,1.0,0.096774,14.0,0,7.0,17.58853943717098,11.0,10.0,3.9,2.0,1,1,1,True,0.34216339751029173,270,Rendah,0,0.34216339751029173
M0214,Langgeng Tekstil Distribusi,Fashion,textile,supplier,Bekasi,Grand Galaxy,Tidak,,530631245.0,6.0,0.396403,0.0025130807741333,0.0122172523961661,0,44.0,0.6666666666666666,0.0660671666666666,35.0,1,5.0,20.089577885985346,7.0,24.0,0.0,1.0,0,1,1,True,0.524030393674164,72,Tinggi,1,0.524030393674164
M0213,Adikara Tekstil Store,Fashion,footwear,retailer,Depok,Sawangan,Tidak,,276266521.0,5.0,0.306091,0.0023363934166653,0.0136894568690095,7,67.0,0.2,0.0612182,26.0,0,4.333333333333333,19.4368766171526,7.0,22.0,4.0,3.0,1,0,1,True,0.3463308392390382,257,Rendah,0,0.3463308392390382
M0244,PT Sejahtera Garmen Mandiri,Fashion,textile,retailer,Tangerang,BSD,Tidak,,2811180413.0,1.0,0.065789,0.0006575245312347,0.0,4,30.0,0.0,0.065789,47.0,0,23.5,21.75687030824136,11.0,16.0,4.0,4.0,1,0,1,True,0.014379161097933673,600,Rendah,0,0.014379161097933673
M0559,Toko Elektronik Arunika,Electronics,service,retailer,Bogor,Bogor Tengah,Tidak,,707574347.0,0.0,0.0,0.0,0.0,-1,0.0,0.0,0.0,0.0,0,0.0,20.377353267472937,20.0,19.0,3.8,3.0,1,1,0,False,0.0,628,Tidak Teranalisis,0,0.0
M0207,Supplier Horeka Mandala,F&B,bakery,supplier,Tangerang,Cipondoh,Tidak,,41821965.0,0.0,0.0,0.0,0.0,-1,0.0,0.0,0.0,0.0,0,0.0,17.5489322618593,15.0,10.0,3.9,2.0,1,0,0,False,0.0,628,Tidak Teranalisis,0,0.0
M0206,Kafe Berkah Cemerlang,F&B,bakery,retailer,Bandung,Braga,Tidak,,43101310.0,2.0,0.13,0.001053763311625,0.0008536741214057,0,44.0,1.0,0.065,16.0,0,5.333333333333333,17.57906397224478,12.0,9.0,3.4,3.0,1,1,0,True,0.3342935810088519,284,Rendah,0,0.3342935810088519
M0200,Grosir Bahan Pangan Nawasena,F&B,warung,supplier,Tangerang,Alam Sutera,Tidak,,256981739.0,4.0,0.240307,0.0016789516494014,0.0047386581469648,6,16.0,0.75,0.06007675,29.0,0,5.8,19.364515589751623,13.0,13.0,3.6,2.0,1,0,1,True,0.3942179124723567,204,Sedang,0,0.3942179124723567
M0197,CV Arunika Sajian Internasional,F&B,warung,retailer,Bekasi,Grand Galaxy,Tidak,,1545986691.0,5.0,0.30732,0.0019154679987923,0.0211680511182108,17,39.0,0.4,0.061464,38.0,0,6.333333333333333,21.15892817905389,8.0,16.0,0.0,3.0,0,0,1,True,0.3656404568441668,241,Sedang,0,0.3656404568441668
M0226,Pusat Tekstil Mbak Rani,Fashion,textile,supplier,Bogor,Dramaga,Tidak,,41689060.0,0.0,0.0,0.0,0.0,-1,0.0,0.0,0.0,0.0,0,0.0,17.54574932621642,7.0,17.0,3.6,1.0,1,1,1,False,0.0,628,Tidak Teranalisis,0,0.0
M0192,PT Kencana Pangan Sejahtera,F&B,cafe,retailer,Tangerang,Karawaci,Tidak,,2497272661.0,8.0,0.485449,0.0028964747514399,0.020820447284345,12,58.0,0.875,0.060681125,39.0,1,4.333333333333333,21.63846503811762,17.0,19.0,3.8,2.0,1,0,0,True,0.6747597891194443,22,Tinggi,1,0.6747597891194443
M0189,CV Sejahtera Boga Internasional,F&B,catering,retailer,Tangerang,Karawaci,Tidak,,23023655.0,1.0,0.071429,0.000641288289142,0.0,6,16.0,0.0,0.071429,16.0,0,8.0,16.952032767066466,13.0,26.0,3.7,1.0,1,0,1,True,0.014760735900639067,599,Rendah,0,0.014760735900639067
M0187,CV Prima Distribusi Mandiri,F&B,warung,supplier,Bandung,Dago,Tidak,,2403913844.0,4.0,0.230129,0.0015981379386434,0.0046364217252396,18,41.0,0.5,0.05753225,42.0,0,8.4,21.600364014790813,12.0,22.0,3.4,3.0,1,0,1,True,0.32291074573719525,319,Rendah,0,0.32291074573719525
M0186,Mentari Boga Store,F&B,restaurant,retailer,Bogor,Tanah Sareal,Tidak,,332976811.0,2.0,0.1062029999999999,0.0008647148857003,0.0,1,29.0,1.0,0.0531014999999999,27.0,0,9.0,19.62358341188655,10.0,22.0,3.2,1.0,1,1,1,True,0.3136943781145133,346,Rendah,0,0.3136943781145133
M0185,Arunika Horeka Store,F&B,warung,retailer,Tangerang,Karawaci,Tidak,,308321502.0,1.0,0.076923,0.0006511231422484,0.0,7,67.0,1.0,0.076923,24.0,0,12.0,19.546653637423844,6.0,22.0,3.5,1.0,1,1,0,True,0.2670236389397175,408,Rendah,0,0.2670236389397175
M0181,Arunika Rasa House,F&B,cafe,retailer,Bekasi,Harapan Indah,Tidak,,39604233.0,3.0,0.182738,0.0012978428045753,0.001523322683706,17,39.0,0.6666666666666666,0.0609126666666666,30.0,0,7.5,17.49444658970118,8.0,17.0,3.9,1.0,1,0,0,True,0.30644479227591687,365,Rendah,0,0.30644479227591687
M0212,Busana Berseri Bersama,Fashion,textile,retailer,Bogor,Tanah Sareal,Tidak,,29970109.0,1.0,0.069767,0.000668010807094,0.0,1,29.0,1.0,0.069767,11.0,0,5.5,17.215711109623115,6.0,5.0,3.8,1.0,1,1,1,True,0.26626575915463585,413,Rendah,0,0.26626575915463585
M0549,Buana Komputer Store,Electronics,accessories,retailer,Bogor,Cibinong,Tidak,,719846408.0,4.0,0.251979,0.001823687287928,0.0110670926517571,3,76.0,0.5,0.06299475,29.0,0,5.8,20.394548426384915,7.0,19.0,0.0,2.0,0,1,0,True,0.34565615083124895,259,Rendah,0,0.34565615083124895
M0580,PT Buana Komputer Sentosa,Electronics,service,retailer,Bandung,Setiabudhi,Tidak,,9000000000.0,2.0,0.103333,0.0011887344078933,0.0031642172523961,4,30.0,1.0,0.0516665,54.0,0,18.0,22.920490414393743,14.0,53.0,3.8,2.0,1,1,0,True,0.33678067016748386,279,Rendah,0,0.33678067016748386
M0576,UD Gemilang Elektronik Persada,Electronics,gadget,retailer,Bandung,Setiabudhi,Tidak,,4080318426.0,6.0,0.328357,0.0023898092239531,0.0145329073482428,9,20.0,0.5,0.0547261666666666,54.0,1,7.714285714285714,22.1294408681504,12.0,22.0,3.5,2.0,1,0,1,True,0.4542287337700863,145,Sedang,0,0.4542287337700863
M0575,Toko Elektronik Sahabat,Electronics,service,retailer,Jakarta,Kuningan,Tidak,,28394703.0,0.0,0.0,0.0,0.0,-1,0.0,0.0,0.0,0.0,0,0.0,17.16171320686885,9.0,6.0,4.0,2.0,1,0,1,False,0.0,628,Tidak Teranalisis,0,0.0
M0574,Buana Inovasi Market,Electronics,accessories,retailer,Tangerang,Alam Sutera,Tidak,,2953529821.0,2.0,0.104356,0.0011634781348293,0.0031642172523961,12,58.0,0.5,0.052178,45.0,0,15.0,21.806266841833438,8.0,22.0,0.0,3.0,0,1,1,True,0.2102048932613953,516,Rendah,0,0.2102048932613953
M0569,Servis Elektronik Bu Rina,Electronics,service,retailer,Bekasi,Jababeka,Tidak,,422637246.0,4.0,0.277621,0.001869072521103,0.0036038338658146,8,46.0,0.75,0.06940525,30.0,0,6.0,19.862024796981213,10.0,7.0,3.8,2.0,1,0,0,True,0.418679641118798,176,Sedang,0,0.418679641118798
M0173,PT Mitra Boga Retailindo,F&B,cafe,retailer,Tangerang,Cipondoh,Tidak,,5516739014.0,3.0,0.164054,0.0013409451558667,0.0036038338658146,1,29.0,1.0,0.0546846666666666,42.0,0,10.5,22.43105276451689,24.0,28.0,0.0,5.0,0,0,0,True,0.38772629937563075,215,Sedang,0,0.38772629937563075
M0171,Warung Pak Rahmat,F&B,catering,retailer,Jakarta,Cempaka Putih,Tidak,,24276426.0,1.0,0.051948,0.000683432509092,0.0,14,29.0,1.0,0.051948,16.0,0,8.0,17.00501635517189,8.0,7.0,4.0,1.0,1,0,1,True,0.2624151845803776,423,Rendah,0,0.2624151845803776
M0170,Mandala Rasa Center,F&B,cafe,retailer,Depok,Cimanggis,Tidak,,5788802825.0,5.0,0.300278,0.0021049537301618,0.0142364217252396,8,46.0,0.4,0.0600556,45.0,0,7.5,22.47919134134921,14.0,27.0,3.4,3.0,1,0,0,True,0.3776399580984582,225,Sedang,0,0.3776399580984582
M0168,Cakrawala Kuliner Center,F&B,warung,retailer,Bandung,Braga,Tidak,,193126836.0,1.0,0.073171,0.0007772019862182,0.0,1,29.0,0.0,0.073171,23.0,0,11.5,19.078857717545155,8.0,15.0,4.0,3.0,1,0,1,True,0.02526910024209452,587,Rendah,0,0.02526910024209452
M0195,Grosir Bahan Pangan Jelita,F&B,restaurant,supplier,Tangerang,Alam Sutera,Tidak,,278679643.0,1.0,0.052632,0.0005559486826916,0.0,12,58.0,0.0,0.052632,27.0,0,13.5,19.445573450674537,12.0,22.0,0.0,2.0,0,0,0,True,0.0032073915112293323,620,Rendah,0,0.0032073915112293323
M0194,Kedai Tunas Asri,F&B,restaurant,retailer,Tangerang,Gading Serpong,Tidak,,313961385.0,3.0,0.168495,0.0015436958889417,0.0044063897763578,14,29.0,0.6666666666666666,0.056165,31.0,0,7.75,19.564780561788247,11.0,22.0,4.5,3.0,1,0,1,True,0.32058461354427226,325,Rendah,0,0.32058461354427226
M0160,Rumah Makan Mahardika,F&B,warung,retailer,Depok,Cimanggis,Tidak,,27456211.0,2.0,0.15608,0.0014423997114438,0.0011041533546325,10,26.0,0.5,0.07804,17.0,0,5.666666666666667,17.128103002685236,12.0,7.0,3.5,1.0,1,0,0,True,0.2452472128016553,472,Rendah,0,0.2452472128016553
M0158,PT Mahardika Pangan Indonesia,F&B,cafe,retailer,Tangerang,Karawaci,Tidak,,2546121380.0,3.0,0.154761,0.0018139442840353,0.006323322683706,12,58.0,0.3333333333333333,0.051587,43.0,0,10.75,21.65783701112195,14.0,19.0,3.9,6.0,1,1,1,True,0.2533322126927239,458,Rendah,0,0.2533322126927239
M0156,Dapur Bang Fajar,F&B,warung,retailer,Bogor,Cibinong,Tidak,,58116884.0,0.0,0.0,0.0,0.0,-1,0.0,0.0,0.0,0.0,0,0.0,17.87796679922178,9.0,14.0,3.7,1.0,1,0,0,False,0.0,628,Tidak Teranalisis,0,0.0
M0155,Grosir Bahan Pangan Arunika,F&B,bakery,supplier,Jakarta,Thamrin,Tidak,,285733835.0,5.0,0.329359,0.0025791600935055,0.0075552715654952,0,44.0,0.6,0.0658718,32.0,0,5.333333333333333,19.47057129211009,8.0,19.0,0.0,1.0,0,0,1,True,0.4707425627463782,128,Sedang,0,0.4707425627463782
M0151,Makmur Sajian Market,F&B,catering,retailer,Jakarta,Tebet,Tidak,,2200849561.0,6.0,0.327761,0.0022699540461874,0.0256920127795527,15,53.0,0.6666666666666666,0.0546268333333333,50.0,1,7.142857142857143,21.5121092873138,15.0,33.0,3.8,3.0,1,0,1,True,0.48689178305894226,106,Sedang,0,0.48689178305894226
M0150,Distribusi Boga Mitra,F&B,warung,supplier,Depok,Cinere,Tidak,,801036140.0,2.0,0.112374,0.0008510265386571,0.0011348242811501,7,67.0,0.5,0.056187,41.0,0,13.666666666666666,20.50141662386495,10.0,15.0,0.0,2.0,0,0,1,True,0.18941243526462362,550,Rendah,0,0.18941243526462362
M0180,Prima Horeka Center,F&B,catering,retailer,Jakarta,Menteng,Tidak,,672623998.0,9.0,0.48757,0.0036103755132211,0.0303795527156549,18,41.0,0.6666666666666666,0.0541744444444444,38.0,1,3.8,20.32669703757353,17.0,23.0,4.2,3.0,1,0,0,True,0.6986325483872249,17,Tinggi,1,0.6986325483872249
M0178,PT Gemilang Sajian Sejahtera,F&B,warung,retailer,Bandung,Setiabudhi,Tidak,,3541317453.0,5.0,0.2910129999999999,0.0020492997789665,0.0069980830670926,18,41.0,0.4,0.0582026,44.0,0,7.333333333333333,21.987764657003837,14.0,57.0,3.5,4.0,1,1,0,True,0.37094334558673003,238,Sedang,0,0.37094334558673003
M0565,Toko Elektronik Nawasena,Electronics,computer,retailer,Bekasi,Harapan Indah,Tidak,,675901966.0,5.0,0.381579,0.0023835361058167,0.0038798722044728,8,46.0,0.6,0.0763158,27.0,0,4.5,20.331558604260163,12.0,19.0,0.0,2.0,0,0,0,True,0.47093597421474565,127,Sedang,0,0.47093597421474565
M0596,CV Sinar Auto Retailindo,Automotive,sparepart,retailer,Bogor,Dramaga,Tidak,,292841697.0,5.0,0.292189,0.0019162667582903,0.0171654952076677,3,76.0,0.8,0.0584378,30.0,0,5.0,19.495142741114105,12.0,7.0,3.6,2.0,1,1,0,True,0.46146412883694143,136,Sedang,0,0.46146412883694143
M0145,PT Sejahtera Rasa Niaga Raya,F&B,cafe,retailer,Bandung,Braga,Tidak,,6734337678.0,6.0,0.320028,0.0021838715713779,0.0196856230031948,18,41.0,0.6666666666666666,0.0533379999999999,52.0,1,7.428571428571429,22.630485301809703,12.0,24.0,0.0,3.0,0,1,1,True,0.47838051998014974,113,Sedang,0,0.47838051998014974
M0142,PT Nawasena Pangan Sejahtera,F&B,catering,retailer,Depok,Cimanggis,Tidak,,1736060788.0,3.0,0.175386,0.0013810093269681,0.0045904153354632,0,44.0,0.3333333333333333,0.058462,38.0,0,9.5,21.274884469276568,10.0,19.0,0.0,2.0,0,1,0,True,0.22718538781245035,487,Rendah,0,0.22718538781245035
M0141,Selaras Sajian Distribusi,F&B,restaurant,supplier,Bekasi,Harapan Indah,Tidak,,299080234.0,5.0,0.325724,0.0024699953359227,0.0123961661341853,13,28.0,1.0,0.0651448,26.0,0,4.333333333333333,19.516222439838625,11.0,28.0,3.5,3.0,1,0,0,True,0.5616765119850684,57,Tinggi,1,0.5616765119850684
M0140,Anugerah Pangan Market,F&B,restaurant,retailer,Bandung,Cihampelas,Tidak,,365319940.0,5.0,0.269451,0.0018293068837673,0.0100549520766773,18,41.0,0.2,0.0538902,28.0,0,4.666666666666667,19.716284078285494,12.0,12.0,3.6,3.0,1,0,0,True,0.2986882241530002,373,Rendah,0,0.2986882241530002
M0139,Supplier Horeka Tunas,F&B,cafe,supplier,Tangerang,Karawaci,Tidak,,55456760.0,6.0,0.354342,0.0023849660122214,0.014849840255591,12,58.0,0.5,0.059057,23.0,1,3.2857142857142856,17.8311141939942,14.0,17.0,0.0,2.0,0,1,0,True,0.4611449410843793,137,Sedang,0,0.4611449410843793
M0164,PT Mentari Boga Nusantara,F&B,cafe,retailer,Jakarta,Menteng,Tidak,,2067441519.0,2.0,0.102632,0.000759543757527,0.0,3,76.0,0.5,0.051316,40.0,0,13.333333333333334,21.44957769909328,17.0,33.0,3.8,3.0,1,1,0,True,0.17994068722923734,557,Rendah,0,0.17994068722923734
M0607,PT Selaras Motor Persada,Automotive,bengkel,retailer,Tangerang,Gading Serpong,Tidak,,6409605284.0,2.0,0.112015,0.0010926936430858,0.0014108626198083,17,39.0,1.0,0.0560075,52.0,0,17.333333333333332,22.581063527979868,13.0,21.0,4.0,3.0,1,1,0,True,0.33212980872532727,290,Rendah,0,0.33212980872532727
M0606,Lentera Otomotif Store,Automotive,accessories,retailer,Bandung,Cihampelas,Tidak,,331352936.0,3.0,0.183357,0.0012876330315058,0.0082249201277955,4,30.0,0.3333333333333333,0.061119,27.0,0,6.75,19.61869464019848,10.0,12.0,3.3,1.0,1,0,1,True,0.22253196348296653,494,Rendah,0,0.22253196348296653
M0605,Arunika Mobilitas Market,Automotive,sparepart,retailer,Jakarta,Pluit,Tidak,,554312268.0,2.0,0.152632,0.0013197177673232,0.0005214057507987,0,44.0,1.0,0.076316,28.0,0,9.333333333333334,20.13323874836842,7.0,24.0,0.0,3.0,0,1,0,True,0.3602368961928103,244,Sedang,0,0.3602368961928103
M0601,PT Cakrawala Garage Persada,Automotive,dealer,retailer,Jakarta,Senayan,Tidak,,2709252282.0,6.0,0.416994,0.0029779483775263,0.0067476038338658,15,53.0,0.5,0.0694989999999999,49.0,1,7.0,21.71993852343566,9.0,33.0,4.2,3.0,1,0,1,True,0.5224014141836851,76,Tinggi,1,0.5224014141836851
M0598,Bengkel Sahabat Motor,Automotive,sparepart,retailer,Tangerang,Alam Sutera,Tidak,,633187084.0,4.0,0.215519,0.0014730921608017,0.0064102236421725,12,58.0,0.75,0.05387975,34.0,0,6.8,20.26627648936388,3.0,20.0,4.0,3.0,1,0,0,True,0.3721018634326015,235,Sedang,0,0.3721018634326015
M0128,Sinar Pangan Store,F&B,restaurant,retailer,Jakarta,Sudirman,Tidak,,295723551.0,3.0,0.181529,0.0013641350688844,0.0083169329073482,13,28.0,0.3333333333333333,0.0605096666666666,24.0,0,6.0,19.504935629943137,9.0,14.0,3.6,3.0,1,0,1,True,0.22766071382920322,484,Rendah,0,0.22766071382920322
M0127,Kafe Harmoni Baru,F&B,catering,retailer,Tangerang,Cipondoh,Tidak,,45387636.0,0.0,0.0,0.0,0.0,-1,0.0,0.0,0.0,0.0,0,0.0,17.63075031315239,8.0,7.0,0.0,3.0,0,0,0,False,0.0,628,Tidak Teranalisis,0,0.0
M0125,PT Berseri Pangan Sejahtera,F&B,bakery,retailer,Bekasi,Harapan Indah,Tidak,,782521768.0,1.0,0.06,0.0007698622687157,0.0,12,58.0,1.0,0.06,30.0,0,15.0,20.478032299799924,16.0,17.0,0.0,2.0,0,0,1,True,0.2710413418125745,401,Rendah,0,0.2710413418125745
M0122,Kedai Sahabat Mandiri,F&B,restaurant,retailer,Jakarta,Tebet,Tidak,,411685191.0,8.0,0.483457,0.0032095770605107,0.0176357827476038,17,39.0,0.875,0.0604321249999999,24.0,1,2.6666666666666665,19.83576951815545,11.0,17.0,3.6,4.0,1,1,0,True,0.697286921913163,18,Tinggi,1,0.697286921913163
M0121,CV Jelita Sajian Nusantara,F&B,restaurant,retailer,Jakarta,Thamrin,Tidak,,216072099.0,1.0,0.050633,0.0006152057338759,0.0,15,53.0,1.0,0.050633,24.0,0,12.0,19.191122706247143,8.0,22.0,3.9,1.0,1,0,0,True,0.25701682385326685,446,Rendah,0,0.25701682385326685
M0119,Langgeng Boga Distribusi,F&B,restaurant,supplier,Tangerang,Karawaci,Tidak,,265794778.0,3.0,0.204819,0.0013596506607384,0.0028063897763578,6,16.0,0.0,0.068273,18.0,0,4.5,19.39823506146209,12.0,20.0,4.0,2.0,1,0,1,True,0.15051570211366952,559,Rendah,0,0.15051570211366952
M0118,Bakery Adikara Cemerlang,F&B,restaurant,retailer,Jakarta,Menteng,Tidak,,25029970.0,1.0,0.051724,0.0005505169136429,0.0,15,53.0,0.0,0.051724,13.0,0,6.5,17.03558450479762,6.0,8.0,3.9,1.0,1,0,1,True,0.002552760582818978,621,Rendah,0,0.002552760582818978
M0117,PT Makmur Rasa Nusantara,F&B,warung,retailer,Jakarta,Pluit,Tidak,,2112432862.0,3.0,0.173905,0.0013653500526101,0.0032971246006389,0,44.0,0.0,0.0579683333333333,37.0,0,9.25,21.47110613586218,10.0,14.0,4.0,3.0,1,0,0,True,0.14228297575267346,561,Rendah,0,0.14228297575267346
M0147,Distribusi Boga Sembada,F&B,restaurant,supplier,Bandung,Cihampelas,Tidak,,50588351.0,2.0,0.141667,0.0011177248897148,0.0005367412140575,10,26.0,1.0,0.0708335,22.0,0,7.333333333333333,17.739231910129696,12.0,12.0,3.5,2.0,1,1,0,True,0.34227503420504596,269,Rendah,0,0.34227503420504596
M0110,Mahardika Horeka House,F&B,restaurant,retailer,Bekasi,Harapan Indah,Tidak,,33644825.0,1.0,0.055556,0.0005604662523676,0.0,8,46.0,0.0,0.055556,13.0,0,6.5,17.331369842946064,10.0,8.0,3.9,1.0,1,0,1,True,0.00435890492570368,618,Rendah,0,0.00435890492570368
M0107,Kafe Mitra Juara,F&B,warung,retailer,Bandung,Dago,Tidak,,422485997.0,4.0,0.236875,0.0017421790559603,0.0074581469648562,18,41.0,0.5,0.0592187499999999,29.0,0,5.8,19.86166686338393,14.0,15.0,3.6,3.0,1,0,1,True,0.3354189731971185,282,Rendah,0,0.3354189731971185
M0105,Prima Kuliner Market,F&B,bakery,retailer,Bandung,Buah Batu,Tidak,,21349205.0,3.0,0.183351,0.0013373937492631,0.0020396166134185,18,41.0,0.0,0.061117,19.0,0,4.75,16.876525107251805,6.0,9.0,4.1,2.0,1,1,0,True,0.1428657555730586,560,Rendah,0,0.1428657555730586
M0102,Bakery Makmur Bersama,F&B,bakery,retailer,Bandung,Dago,Tidak,,324394162.0,0.0,0.0,0.0,0.0,-1,0.0,0.0,0.0,0.0,0,0.0,19.597469886825404,6.0,10.0,4.0,3.0,1,0,1,False,0.0,628,Tidak Teranalisis,0,0.0
M0627,Grosir Ban & Oli Bintang,Automotive,dealer,supplier,Bekasi,Jababeka,Tidak,,2580134114.0,3.0,0.1664209999999999,0.0015182291021594,0.002167412140575,17,39.0,0.6666666666666666,0.0554736666666666,41.0,0,10.25,21.67110721708703,9.0,15.0,3.5,3.0,1,1,1,True,0.31812645457913524,334,Rendah,0,0.31812645457913524
M0625,Grosir Ban & Oli Makmur,Automotive,accessories,supplier,Depok,Margonda,Tidak,,342940685.0,0.0,0.0,0.0,0.0,-1,0.0,0.0,0.0,0.0,0,0.0,19.653068063062893,4.0,9.0,3.2,1.0,1,1,1,False,0.0,628,Tidak Teranalisis,0,0.0
M0624,PT Buana Distribusi Persada,Automotive,sparepart,supplier,Bandung,Setiabudhi,Tidak,,5431158542.0,7.0,0.409393,0.0025423301431788,0.0164089456869009,4,30.0,0.7142857142857143,0.0584847142857142,54.0,1,6.75,22.415418307802828,11.0,28.0,4.0,3.0,1,0,1,True,0.5644548995311651,55,Tinggi,1,0.5644548995311651
M0623,Buana Sparepart Distribusi,Automotive,sparepart,supplier,Jakarta,Kelapa Gading,Tidak,,2316994705.0,4.0,0.230204,0.0015945895310374,0.0119309904153354,15,53.0,1.0,0.0575509999999999,37.0,0,7.4,21.56353679754294,9.0,22.0,3.6,2.0,1,0,1,True,0.4476701181766489,153,Sedang,0,0.4476701181766489
M0621,Motor Care Jelita,Automotive,sparepart,retailer,Bandung,Dago,Tidak,,291370020.0,1.0,0.073171,0.0015948963317384,0.0,11,2.0,1.0,0.073171,22.0,0,11.0,19.490104567229107,4.0,16.0,3.4,1.0,1,1,0,True,0.3355568354528891,281,Rendah,0,0.3355568354528891
M0620,Sahabat Garage Distribusi,Automotive,dealer,supplier,Bogor,Cibinong,Tidak,,3419413756.0,5.0,0.305788,0.0019122054579372,0.0103361022364217,3,76.0,0.4,0.0611576,44.0,0,7.333333333333333,21.95273495724564,17.0,31.0,3.6,5.0,1,1,0,True,0.36497110102813357,242,Sedang,0,0.36497110102813357
M0619,Bengkel Sembada Motor,Automotive,bengkel,retailer,Jakarta,Kelapa Gading,Tidak,,809062926.0,6.0,0.324252,0.0021993507722961,0.0224817891373801,7,67.0,0.8333333333333334,0.054042,28.0,1,4.0,20.51138725568133,8.0,22.0,3.5,1.0,1,0,1,True,0.5223707640209767,77,Tinggi,1,0.5223707640209767
M0615,Garasi Mbak Rani,Automotive,accessories,retailer,Depok,Cimanggis,Tidak,,803209230.0,3.0,0.188474,0.0015766177946607,0.0033584664536741,7,67.0,1.0,0.0628246666666666,27.0,0,6.75,20.50412579961458,8.0,17.0,4.1,1.0,1,1,1,True,0.41193743581561704,185,Sedang,0,0.41193743581561704
M0100,Agen Bahan Kue Pak Surya,F&B,warung,supplier,Tangerang,Gading Serpong,Tidak,,347625918.0,3.0,0.187302,0.0014022697072163,0.0039667731629392,15,53.0,0.6666666666666666,0.062434,28.0,0,7.0,19.666637514168272,15.0,27.0,3.8,2.0,1,0,1,True,0.31542155636836455,342,Rendah,0,0.31542155636836455
M0096,Kedai Mitra Mulia,F&B,restaurant,retailer,Bekasi,Grand Galaxy,Tidak,,24264379.0,4.0,0.241032,0.0016421406647811,0.0103872204472843,12,58.0,0.5,0.060258,19.0,0,3.8,17.004519989289577,8.0,7.0,3.9,2.0,1,0,0,True,0.32920680772148797,296,Rendah,0,0.32920680772148797
M0094,Rumah Makan Sinar,F&B,bakery,retailer,Bandung,Buah Batu,Tidak,,58224966.0,0.0,0.0,0.0,0.0,-1,0.0,0.0,0.0,0.0,0,0.0,17.879824806967665,7.0,11.0,0.0,1.0,0,1,0,False,0.0,628,Tidak Teranalisis,0,0.0
M0093,Kedai Berseri Utama,F&B,catering,retailer,Bogor,Tanah Sareal,Tidak,,61258503.0,1.0,0.0625,0.0005981581667006,0.0,5,19.0,0.0,0.0625,17.0,0,8.5,17.930613238567943,7.0,16.0,3.8,2.0,1,0,1,True,0.009081539547475828,610,Rendah,0,0.009081539547475828
M0092,Rumah Makan Sahabat,F&B,catering,retailer,Tangerang,Gading Serpong,Tidak,,358879323.0,3.0,0.2161259999999999,0.0014449612453805,0.0017277955271565,6,16.0,0.6666666666666666,0.072042,27.0,0,6.75,19.698496745096413,10.0,12.0,4.2,2.0,1,0,0,True,0.32663709628797466,303,Rendah,0,0.32663709628797466
M0091,Grosir Bahan Pangan Mitra,F&B,catering,supplier,Tangerang,BSD,Tidak,,460808744.0,4.0,0.223507,0.0016453801193846,0.0101520766773162,14,29.0,0.5,0.05587675,23.0,0,4.6,19.94849364503046,11.0,9.0,3.7,1.0,1,0,0,True,0.3245403406175725,312,Rendah,0,0.3245403406175725
M0089,Anugerah Sajian Store,F&B,cafe,retailer,Depok,Cimanggis,Tidak,,363929137.0,5.0,0.269191,0.001807064696673,0.0069111821086261,7,67.0,0.6,0.0538381999999999,37.0,0,6.166666666666667,19.71246973082504,13.0,15.0,3.8,3.0,1,1,1,True,0.3969755564259387,201,Sedang,0,0.3969755564259387
M0087,UD Pusaka Boga Internasional,F&B,restaurant,retailer,Bogor,Bogor Tengah,Tidak,,37719424.0,3.0,0.183346,0.0015839365208867,0.0085571884984025,1,29.0,0.3333333333333333,0.0611153333333333,21.0,0,5.25,17.445685771710902,11.0,11.0,0.0,3.0,0,1,1,True,0.2443750259636814,475,Rendah,0,0.2443750259636814
M0086,Rumah Makan Tunas,F&B,bakery,retailer,Jakarta,Tebet,Tidak,,94678351.0,2.0,0.106269,0.001054589918616,0.0011654952076677,8,46.0,0.5,0.0531345,37.0,0,12.333333333333334,18.365995936459417,13.0,7.0,3.7,1.0,1,0,0,True,0.2027121361599133,531,Rendah,0,0.2027121361599133
M0116,Rumah Makan Jelita,F&B,restaurant,retailer,Bekasi,Grand Galaxy,Tidak,,37179898.0,0.0,0.0,0.0,0.0,-1,0.0,0.0,0.0,0.0,0,0.0,17.43127882373963,9.0,10.0,3.7,2.0,1,0,0,False,0.0,628,Tidak Teranalisis,0,0.0
M0613,Pusaka Motor Store,Automotive,bengkel,retailer,Jakarta,Sudirman,Tidak,,1878255531.0,2.0,0.104545,0.0009623212155196,0.0013955271565495,14,29.0,1.0,0.0522725,36.0,0,12.0,21.35360927450403,3.0,27.0,3.8,2.0,1,1,0,True,0.32042670911009685,326,Rendah,0,0.32042670911009685
M0643,UD Prima Garage Indonesia,Automotive,bengkel,retailer,Bekasi,Grand Galaxy,Tidak,,699621959.0,5.0,0.332215,0.002487829242967,0.0103974440894568,0,44.0,0.6,0.066443,32.0,0,5.333333333333333,20.36605068998144,9.0,22.0,4.2,3.0,1,0,1,True,0.46480824054997905,133,Sedang,0,0.46480824054997905
M0638,Prima Garage Store,Automotive,accessories,retailer,Depok,Cimanggis,Tidak,,603420300.0,3.0,0.155051,0.0011582506947471,0.0058121405750798,7,67.0,1.0,0.0516836666666666,34.0,0,8.5,20.218124528471968,12.0,22.0,3.9,3.0,1,1,0,True,0.3717364597749929,236,Sedang,0,0.3717364597749929
M0631,Nawasena Sparepart House,Automotive,accessories,retailer,Tangerang,Karawaci,Tidak,,345445815.0,4.0,0.275244,0.0019744253802347,0.0044421725239616,7,67.0,0.75,0.068811,29.0,0,5.8,19.660346361087417,4.0,13.0,0.0,2.0,0,0,0,True,0.42578186488031,173,Sedang,0,0.42578186488031
M0630,Garasi Bu Lestari,Automotive,dealer,retailer,Depok,Sawangan,Tidak,,442357854.0,5.0,0.361801,0.0021629591403647,0.0038236421725239,7,67.0,0.8,0.0723602,21.0,0,3.5,19.907629739167906,7.0,15.0,3.5,3.0,1,0,0,True,0.49913713772678153,97,Sedang,0,0.49913713772678153
M0078,Langgeng Pangan Center,F&B,restaurant,retailer,Jakarta,Kemang,Tidak,,49982119.0,3.0,0.163519,0.0012938830719224,0.0072945686900958,1,29.0,0.6666666666666666,0.0545063333333333,23.0,0,5.75,17.727175899438294,12.0,8.0,3.6,1.0,1,0,1,True,0.3007733802346294,369,Rendah,0,0.3007733802346294
M0072,Sinar Rasa Center,F&B,restaurant,retailer,Bekasi,Summarecon,Tidak,,32524817.0,1.0,0.051724,0.0006834230338054,0.0,13,28.0,0.0,0.051724,18.0,0,9.0,17.29751398665157,4.0,12.0,3.8,2.0,1,0,0,True,0.012351787595967034,603,Rendah,0,0.012351787595967034
M0070,Warung Bu Sari,F&B,warung,retailer,Bandung,Setiabudhi,Tidak,,829267423.0,3.0,0.176312,0.0013919073189252,0.0031846645367412,8,46.0,0.6666666666666666,0.0587706666666666,35.0,0,8.75,20.536053247328304,12.0,23.0,3.8,2.0,1,1,1,True,0.3115814091436129,352,Rendah,0,0.3115814091436129
M0056,Supplier Horeka Sinar,F&B,restaurant,supplier,Depok,Margonda,Tidak,,500891868.0,4.0,0.246788,0.0017069215208255,0.0083118210862619,7,67.0,0.75,0.061697,32.0,0,6.4,20.0319008054151,11.0,16.0,4.1,3.0,1,1,1,True,0.3980941558855918,200,Sedang,0,0.3980941558855918
M0055,Dapur Bu Ningsih,F&B,catering,retailer,Depok,Cinere,Tidak,,33019407.0,1.0,0.050847,0.0006776158246021,0.0,10,26.0,0.0,0.050847,19.0,0,9.5,17.312606067767373,2.0,4.0,3.5,1.0,1,0,1,True,0.011678152872069417,605,Rendah,0,0.011678152872069417
M0046,Dapur Pak Darto,F&B,catering,retailer,Depok,Cinere,Tidak,,23707140.0,1.0,0.058824,0.0007033714814725,0.0,14,29.0,1.0,0.058824,15.0,0,7.5,16.981286868738092,10.0,7.0,3.7,1.0,1,0,0,True,0.2658098802190493,415,Rendah,0,0.2658098802190493
M0044,Dapur Kang Dedi,F&B,bakery,retailer,Bekasi,Kemang Pratama,Tidak,,31287919.0,3.0,0.202111,0.0014585311120278,0.0006389776357827,9,20.0,0.6666666666666666,0.0673703333333333,21.0,0,5.25,17.258742638523398,6.0,20.0,0.0,1.0,0,0,1,True,0.32371474073428425,316,Rendah,0,0.32371474073428425
M0039,Arunika Sajian Center,F&B,restaurant,retailer,Tangerang,Alam Sutera,Tidak,,232728504.0,5.0,0.270377,0.0019734728840591,0.0094364217252396,0,44.0,0.4,0.0540754,23.0,0,3.8333333333333335,19.26538311754737,14.0,12.0,3.8,2.0,1,0,1,True,0.3595766207943703,246,Sedang,0,0.3595766207943703
M0038,Kedai Anugerah Maju,F&B,cafe,retailer,Bogor,Sentul,Tidak,,94164605.0,2.0,0.129545,0.0009720852265549,0.0012166134185303,1,29.0,1.0,0.0647725,18.0,0,6.0,18.36055493645738,17.0,23.0,3.9,2.0,1,1,0,True,0.3281441865003852,300,Rendah,0,0.3281441865003852
M0660,Sinar Mobilitas Distribusi,Automotive,accessories,supplier,Jakarta,Kelapa Gading,Tidak,,2315848027.0,4.0,0.264857,0.0018984129821466,0.0078313099041533,0,44.0,0.5,0.06621425,39.0,0,7.8,21.56304177619676,11.0,28.0,3.5,4.0,1,1,1,True,0.35477019399715237,252,Rendah,0,0.35477019399715237
M0658,Anugerah Mobilitas Store,Automotive,accessories,retailer,Tangerang,Alam Sutera,Tidak,,716914753.0,4.0,0.2195889999999999,0.0015884068929713,0.0107450479233226,0,44.0,0.5,0.0548972499999999,36.0,0,7.2,20.39046749888752,5.0,21.0,3.9,1.0,1,1,0,True,0.31924310330305045,332,Rendah,0,0.31924310330305045
M0656,Ban & Oli Berseri Juara,Automotive,sparepart,retailer,Bekasi,Jababeka,Tidak,,357785245.0,3.0,0.191461,0.00140578416393,0.0039667731629392,1,29.0,0.6666666666666666,0.0638203333333333,27.0,0,6.75,19.695443492861692,11.0,11.0,4.3,2.0,1,1,1,True,0.3168447921392963,337,Rendah,0,0.3168447921392963
M0655,PT Prima Distribusi Utama,Automotive,dealer,supplier,Jakarta,Kelapa Gading,Tidak,,6931438881.0,3.0,0.1768829999999999,0.0013294756198117,0.005991054313099,15,53.0,0.6666666666666666,0.058961,47.0,0,11.75,22.659333259476146,12.0,27.0,3.8,5.0,1,1,1,True,0.3071382112004582,362,Rendah,0,0.3071382112004582
M0651,Motor Care Anugerah,Automotive,sparepart,retailer,Depok,Sawangan,Tidak,,21012843.0,1.0,0.081081,0.0007742138766249,0.0,6,16.0,1.0,0.081081,14.0,0,7.0,16.860644427772616,12.0,8.0,3.6,2.0,1,1,0,True,0.27726282669713476,394,Rendah,0,0.27726282669713476
M0650,PT Lentera Otomotif Nusantara,Automotive,sparepart,retailer,Bogor,Dramaga,Tidak,,2396790329.0,7.0,0.439313,0.0026807512877293,0.0146811501597444,3,76.0,0.8571428571428571,0.062759,45.0,1,5.625,21.597396316732976,12.0,22.0,4.0,2.0,1,0,1,True,0.6187495415456098,31,Tinggi,1,0.6187495415456098
M0648,PT Kencana Distribusi Indonesia,Automotive,dealer,supplier,Depok,Sawangan,Tidak,,2907964879.0,4.0,0.2276419999999999,0.0014986244898021,0.0068958466453674,7,67.0,0.5,0.0569104999999999,52.0,0,10.4,21.79071931951587,13.0,36.0,4.0,4.0,1,1,1,True,0.31487760491957706,345,Rendah,0,0.31487760491957706
M0647,Toko Sparepart Kencana,Automotive,sparepart,retailer,Bandung,Braga,Tidak,,40168027.0,1.0,0.076923,0.0007187286871044,0.0,13,28.0,1.0,0.076923,17.0,0,8.5,17.508581913768733,9.0,20.0,3.9,2.0,1,0,1,True,0.2720081239241001,400,Rendah,0,0.2720081239241001
M0646,PT Makmur Distribusi Persada,Automotive,dealer,supplier,Bogor,Sentul,Tidak,,7151873650.0,2.0,0.120216,0.000880230903573,0.0010683706070287,3,76.0,0.5,0.060108,55.0,0,18.33333333333333,22.69064020841437,13.0,33.0,3.9,4.0,1,1,1,True,0.19376064522013856,545,Rendah,0,0.19376064522013856
M0678,Adikara Mobilitas House,Automotive,dealer,retailer,Bandung,Setiabudhi,Tidak,,76617326.0,0.0,0.0,0.0,0.0,-1,0.0,0.0,0.0,0.0,0,0.0,18.154333810175608,6.0,7.0,0.0,1.0,0,1,0,False,0.0,628,Tidak Teranalisis,0,0.0
M0034,PT Tunas Distribusi Sejahtera,F&B,bakery,supplier,Bogor,Dramaga,Tidak,,2581870275.0,2.0,0.10897,0.0009002061913833,0.0012779552715654,0,44.0,0.5,0.054485,37.0,0,12.333333333333334,21.671779886435584,12.0,27.0,0.0,4.0,0,0,1,True,0.19208560732418456,548,Rendah,0,0.19208560732418456
M0032,Langgeng Pangan Market,F&B,restaurant,retailer,Bekasi,Harapan Indah,Tidak,,682329756.0,4.0,0.232798,0.0019529666321837,0.0147782747603833,15,53.0,1.0,0.0581995,38.0,0,7.6,20.341023613614944,17.0,20.0,3.3,5.0,1,1,1,True,0.4748189506827912,121,Sedang,0,0.4748189506827912
M0031,CV Arunika Distribusi Retailindo,F&B,warung,supplier,Bekasi,Summarecon,Tidak,,2112873326.0,3.0,0.152571,0.0015427097907948,0.0055718849840255,13,28.0,0.3333333333333333,0.050857,43.0,0,10.75,21.4713146244222,12.0,20.0,0.0,5.0,0,1,1,True,0.2327213930791534,481,Rendah,0,0.2327213930791534
M0030,Sentosa Sajian Market,F&B,catering,retailer,Depok,Sawangan,Tidak,,266459605.0,3.0,0.203751,0.0013468491041232,0.0012472843450479,7,67.0,0.6666666666666666,0.0679169999999999,31.0,0,7.75,19.400733217849297,19.0,30.0,4.1,3.0,1,1,1,True,0.31593958668752137,340,Rendah,0,0.31593958668752137
M0029,Bakery Gemilang Abadi,F&B,bakery,retailer,Tangerang,Karawaci,Tidak,,49881165.0,1.0,0.0625,0.0006600344347712,0.0,15,53.0,0.0,0.0625,15.0,0,7.5,17.72515405460554,2.0,5.0,0.0,2.0,0,1,0,True,0.01364361104241724,601,Rendah,0,0.01364361104241724
M0026,Rumah Makan Bintang,F&B,bakery,retailer,Tangerang,Gading Serpong,Tidak,,68851909.0,1.0,0.052632,0.0007625874881722,0.0,12,58.0,0.0,0.052632,17.0,0,8.5,18.04746852422111,7.0,8.0,3.6,3.0,1,0,1,True,0.01844265106431323,591,Rendah,0,0.01844265106431323
M0025,Agen Bahan Kue Pak Darto,F&B,cafe,supplier,Jakarta,Menteng,Tidak,,54047728.0,2.0,0.119906,0.0014298805795081,0.0031642172523961,15,53.0,1.0,0.059953,18.0,0,6.0,17.805378084515517,2.0,8.0,3.5,1.0,1,1,1,True,0.35919896168579996,247,Sedang,0,0.35919896168579996
M0023,UD Gemilang Horeka Internasional,F&B,bakery,retailer,Depok,Margonda,Tidak,,321887524.0,1.0,0.0625,0.0006451760047415,0.0,7,67.0,0.0,0.0625,25.0,0,12.5,19.58971274124656,9.0,15.0,3.9,1.0,1,0,0,True,0.012548114784938783,602,Rendah,0,0.012548114784938783
M0004,Sinar Kuliner Center,F&B,cafe,retailer,Depok,Cimanggis,Tidak,,358105646.0,5.0,0.339215,0.0020685295953248,0.0047386581469648,7,67.0,0.8,0.067843,27.0,0,4.5,19.6963386041825,15.0,11.0,4.3,2.0,1,0,0,True,0.4858530475032933,108,Sedang,0,0.4858530475032933
M0707,Kafe Selaras Pilihan,F&B,restaurant,retailer,Bekasi,Summarecon,Tidak,,364309252.0,1.0,0.052632,0.0005450117355789,0.0,7,67.0,0.0,0.052632,26.0,0,13.0,19.713513661052332,12.0,11.0,3.3,3.0,1,0,1,True,0.002401022022242033,622,Rendah,0,0.002401022022242033
M0705,Rumah Makan Cakrawala,F&B,restaurant,retailer,Jakarta,Thamrin,Tidak,,53143205.0,0.0,0.0,0.0,0.0,-1,0.0,0.0,0.0,0.0,0,0.0,17.78850082767669,5.0,10.0,0.0,2.0,0,0,0,False,0.0,628,Tidak Teranalisis,0,0.0
M0704,CV Makmur Distribusi Indonesia,F&B,bakery,supplier,Tangerang,Cipondoh,Tidak,,247358975.0,0.0,0.0,0.0,0.0,-1,0.0,0.0,0.0,0.0,0,0.0,19.326351183639368,4.0,22.0,4.1,3.0,1,0,1,False,0.0,628,Tidak Teranalisis,0,0.0
M0702,Mitra Apparel Center,Fashion,textile,retailer,Bandung,Braga,Tidak,,656344324.0,4.0,0.216244,0.0015372806391878,0.0111335463258785,18,41.0,0.25,0.054061,25.0,0,5.0,20.302196094874795,6.0,11.0,3.9,1.0,1,0,1,True,0.25203734176686904,462,Rendah,0,0.25203734176686904
M0700,Distributor Sparepart Nawasena,Automotive,accessories,supplier,Bogor,Bogor Tengah,Tidak,,1190435515.0,4.0,0.231481,0.0014458448377349,0.0048102236421725,3,76.0,1.0,0.05787025,39.0,0,7.8,20.8975850569475,11.0,25.0,3.7,2.0,1,1,1,True,0.4370607667518096,160,Sedang,0,0.4370607667518096
M0699,PT Mitra Auto Nusantara,Automotive,sparepart,retailer,Bekasi,Harapan Indah,Tidak,,335864672.0,6.0,0.333637,0.0020971599102048,0.0329559105431309,4,30.0,0.6666666666666666,0.0556061666666666,35.0,1,5.0,19.632218877869747,8.0,18.0,3.8,1.0,1,1,0,True,0.47579656792749186,118,Sedang,0,0.47579656792749186
M0001,PT Berseri Boga Sejahtera,F&B,cafe,retailer,Jakarta,Kemang,Tidak,,2561833449.0,2.0,0.118714,0.0009956617332252,0.0016102236421725,15,53.0,0.0,0.059357,52.0,0,17.333333333333332,21.66398903050145,1.0,12.0,3.7,3.0,1,0,1,True,0.07685082259236321,574,Rendah,0,0.07685082259236321
M0536,Sentra Gadget Pelita,Electronics,accessories,retailer,Bekasi,Unknown,Tidak,,23185707.0,3.0,0.207653,0.0015740693293528,0.0042581469648562,18,41.0,0.3333333333333333,0.0692176666666666,11.0,0,2.75,16.959046612326574,10.0,8.0,3.6,1.0,1,0,0,True,0.25045114253064715,466,Rendah,0,0.25045114253064715
M0453,UD Sejahtera Mart Mandiri,Grocery,toko_kelontong,retailer,Tangerang,Unknown,Tidak,,892752213.0,5.0,0.365458,0.002420213549299,0.0050044728434504,6,16.0,0.2,0.0730916,29.0,0,4.833333333333333,20.609819624413355,9.0,24.0,3.1,1.0,1,0,0,True,0.3691278389985037,239,Sedang,0,0.3691278389985037
M0428,Warung Pelita Mart,Grocery,minimarket,retailer,Jakarta,Senayan,Tidak,,619371074.5,2.0,0.146149,0.0011106396301652,0.0002095846645367,5,19.0,1.0,0.0730745,27.0,0,9.0,20.24421512680242,12.0,22.0,3.8,4.0,1,1,1,True,0.3430071729862106,265,Rendah,0,0.3430071729862106
M0409,Swalayan Kencana Baru,Grocery,distributor,retailer,Jakarta,Senayan,Tidak,,40703298.5,2.0,0.1225,0.0009538583215816,0.001952715654952,4,30.0,0.5,0.06125,21.0,0,7.0,17.521819715922994,12.0,14.0,0.0,2.0,0,1,1,True,0.19982841608271074,538,Rendah,0,0.19982841608271074
M0415,Toko Kelontong Bu Wati,Grocery,toko_kelontong,retailer,Jakarta,Kelapa Gading,Tidak,,40703298.5,0.0,0.0,0.0,0.0,-1,0.0,0.0,0.0,0.0,0,0.0,17.521819715922994,15.0,7.0,3.3,3.0,1,1,0,False,0.0,628,Tidak Teranalisis,0,0.0
M0402,Pusaka Grosir Market,Grocery,minimarket,retailer,Depok,Unknown,Tidak,,402710033.0,3.0,0.163007,0.0011573643876508,0.0091194888178913,8,46.0,0.3333333333333333,0.0543356666666666,24.0,0,6.0,19.813727342322785,10.0,6.0,0.0,2.0,0,1,0,True,0.20723135878859553,525,Rendah,0,0.20723135878859553
M0377,Agen Pangan Kencana,Grocery,toko_kelontong,supplier,Bandung,Braga,Tidak,,453622669.0,4.0,0.225456,0.001498411992842,0.0197162939297124,3,76.0,0.75,0.056364,25.0,0,5.0,19.932776287083104,10.0,22.0,3.8,1.0,1,0,1,True,0.3767500687169496,227,Sedang,0,0.3767500687169496
M0329,UD Arunika Busana Retailindo,Fashion,footwear,retailer,Jakarta,Senayan,Tidak,,49466630.5,4.0,0.239119,0.0015898886820269,0.0054543130990415,17,39.0,0.75,0.0597797499999999,26.0,0,5.2,17.716808889112748,3.0,6.0,3.3,2.0,1,0,1,True,0.3873188691811443,217,Sedang,0,0.3873188691811443
M0322,Gemilang Mode Center,Fashion,accessories,retailer,Bandung,Unknown,Tidak,,458121633.0,4.0,0.238822,0.0016828881152119,0.007258785942492,18,41.0,0.5,0.0597054999999999,27.0,0,5.4,19.942645283238495,7.0,16.0,3.5,2.0,1,1,1,True,0.3315924872320886,291,Rendah,0,0.3315924872320886
M0265,PT Mahardika Mode Indonesia,Fashion,footwear,retailer,Tangerang,Unknown,Tidak,,7581249909.0,5.0,0.286649,0.0020290781486903,0.0063948881789137,12,58.0,0.4,0.0573298,53.0,0,8.833333333333334,22.74894391878524,20.0,38.0,3.9,5.0,1,1,1,True,0.36823092744682506,240,Sedang,0,0.36823092744682506
M0247,Berkah Tekstil Distribusi,Fashion,footwear,supplier,Tangerang,Unknown,Tidak,,369248979.0,4.0,0.244358,0.0018275175292534,0.0054594249201277,4,30.0,0.5,0.0610894999999999,34.0,0,6.8,19.72698171701582,5.0,14.0,3.3,2.0,1,1,1,True,0.34380540596236575,264,Rendah,0,0.34380540596236575
M0235,PT Bintang Tekstil Sejahtera,Fashion,textile,retailer,Depok,Unknown,Tidak,,2074847558.0,8.0,0.466916,0.0028907552623937,0.0240715654952076,8,46.0,0.625,0.0583645,33.0,1,3.6666666666666665,21.453153522388178,14.0,22.0,0.0,3.0,0,1,0,True,0.6066506459028452,37,Tinggi,1,0.6066506459028452
M0162,PT Cakrawala Kuliner Sentosa,F&B,warung,retailer,Jakarta,Unknown,Tidak,,2123341937.0,3.0,0.187011,0.0014321836856525,0.0056945686900958,0,44.0,0.3333333333333333,0.062337,45.0,0,11.25,21.47625707028744,12.0,20.0,3.6,2.0,1,0,0,True,0.23421229696307144,479,Rendah,0,0.23421229696307144
M0131,UD Nusantara Sajian Indonesia,F&B,catering,retailer,Depok,Unknown,Tidak,,604743713.0,5.0,0.301036,0.0023581744468861,0.0152332268370607,14,29.0,0.8,0.0602071999999999,30.0,0,5.0,20.220315313022542,8.0,15.0,0.0,2.0,0,1,1,True,0.4965218193143365,99,Sedang,0,0.4965218193143365
M0098,CV Gemilang Kuliner Niaga Raya,F&B,cafe,retailer,Jakarta,Unknown,Tidak,,378844397.0,1.0,0.076923,0.0007821407840293,0.0,14,29.0,1.0,0.076923,32.0,0,16.0,19.75263611937737,10.0,11.0,4.2,2.0,1,1,0,True,0.2766834304484928,397,Rendah,0,0.2766834304484928
M0057,PT Harmoni Rasa Niaga Raya,F&B,catering,retailer,Tangerang,Unknown,Tidak,,1365007500.0,7.0,0.396177,0.0031422495012507,0.0189495207667731,15,53.0,0.4285714285714285,0.0565967142857142,36.0,1,4.5,21.03442576080633,9.0,20.0,4.1,2.0,1,1,1,True,0.533558540382882,69,Tinggi,1,0.533558540382882
M0049,Grosir Bahan Pangan Makmur,F&B,cafe,supplier,Bandung,Dago,Tidak,,465057342.0,7.0,0.40724,0.0027055665778223,0.0174517571884984,18,41.0,0.5714285714285714,0.0581771428571428,32.0,1,4.0,19.95767127422813,4.0,14.0,0.0,3.0,0,0,0,True,0.5401732304752173,67,Tinggi,1,0.5401732304752173
