merchant_id,nama,kategori,sub_kategori,tipe,kota,kecamatan,is_nasabah_bni,produk_bni,avg_omzet_bulanan,degree,weighted_degree,pagerank,betweenness,community_id,community_size,connected_bni_ratio,avg_neighbor_jaccard,n_customers,is_hub,customer_density,log_omzet,lama_beroperasi_tahun,jumlah_karyawan,rating_google,jumlah_outlet,has_rating,has_website,has_social_media,in_graph,priority_score,priority_rank,priority_category,predicted_priority,priority_probability,product_recommendation,product_rec_class,product_rec_proba_edc,product_rec_source
M0708,UD  Sembako  Surya,Grocery,distributor,supplier,Jakarta,Kemang,Ya,"EDC, QRIS",957929721.0,10.0,0.583241,0.0026195403007579,0.0185243880964958,16,46.0,0.8,0.0583241,111.0,1,10.090909090909092,20.68028497416281,16.0,30.0,3.4,1.0,1,0,1,True,0.4266465764871021,29,Tinggi,1,0.4266465764871021,QRIS + EDC,,,existing_bni
M0340,Butik Barokah,Fashion,clothing,retailer,Bekasi,Grand Galaxy,Ya,"EDC, QRIS",39533062.0,4.0,0.223707,0.0015370835225741,0.0066963499610092,11,31.0,0.5,0.05592675,50.0,0,10.0,17.49264791772511,8.0,38.0,0.0,5.0,0,0,0,True,0.2186266013910984,480,Rendah,0,0.2186266013910984,QRIS + EDC,,,existing_bni
M0588,Digital Harmoni,Electronics,accessories,retailer,Bekasi,Grand Galaxy,Ya,EDC,30558091.0,3.0,0.162489,0.0010229364423405,0.0030337333031469,7,40.0,0.6666666666666666,0.0541629999999999,55.0,0,13.75,17.235140085758502,8.0,37.0,3.3,2.0,1,0,0,True,0.2229257763721393,466,Rendah,0,0.2229257763721393,QRIS + EDC,,,existing_bni
M0336,Outlet Nusantara,Fashion,textile,retailer,Tangerang,Cipondoh,Ya,EDC,57520292.0,5.0,0.256744,0.001838397457426,0.0060423112721052,13,36.0,0.8,0.0513488,53.0,0,8.833333333333334,17.86764836524448,4.0,30.0,4.1,1.0,1,0,0,True,0.3188384920805964,151,Sedang,0,0.3188384920805964,QRIS + EDC,,,existing_bni
M0335,Outlet Sejahtera,Fashion,footwear,retailer,Depok,Sawangan,Ya,"EDC, QRIS",157921362.0,5.0,0.290175,0.0019478125586858,0.0063290820818554,9,62.0,0.6,0.0580349999999999,55.0,0,9.166666666666666,18.87760776456458,5.0,27.0,3.4,1.0,1,0,1,True,0.2767937336987628,323,Rendah,0,0.2767937336987628,QRIS + EDC,,,existing_bni
M0334,PT Tekstil Mbak Sri,Fashion,accessories,supplier,Bogor,Bogor Tengah,Ya,QRIS,171187607.0,8.0,0.459285,0.0026853747378778,0.0198878072095187,11,31.0,0.75,0.057410625,70.0,1,7.777777777777778,18.958270635874555,13.0,69.0,4.6,1.0,1,0,1,True,0.3887157259039268,52,Tinggi,1,0.3887157259039268,QRIS,,,existing_bni
M0332,PT Tekstil Indonesia,Fashion,textile,supplier,Depok,Sawangan,Ya,"EDC, QRIS",143550364.0,1.0,0.057971,0.0005990747697918,0.0,10,29.0,1.0,0.057971,25.0,0,12.5,18.782196507196176,12.0,25.0,4.6,1.0,1,1,0,True,0.2604507982759322,374,Rendah,0,0.2604507982759322,QRIS + EDC,,,existing_bni
M0331,Toko Baju Buana,Fashion,footwear,retailer,Bandung,Setiabudhi,Ya,"EDC, QRIS",64940232.0,3.0,0.179748,0.0013097643151266,0.0007445978919829,1,28.0,0.6666666666666666,0.059916,61.0,0,15.25,17.988977912559854,15.0,10.0,3.3,1.0,1,0,1,True,0.2374413067567036,414,Rendah,0,0.2374413067567036,QRIS + EDC,,,existing_bni
M0330,Butik Pratama,Fashion,clothing,retailer,Bogor,Dramaga,Ya,EDC,115584330.0,4.0,0.212727,0.0014511124029793,0.008316353482756,14,48.0,0.5,0.05318175,47.0,0,9.4,18.5655109600328,1.0,23.0,3.9,2.0,1,0,0,True,0.2137528357046277,495,Rendah,0,0.2137528357046277,QRIS + EDC,,,existing_bni
M0590,PT Elektronik Mas Bro,Electronics,gadget,supplier,Tangerang,Gading Serpong,Ya,"EDC, QRIS",148357126.0,6.0,0.326525,0.0015463133754286,0.0114808945236837,16,46.0,0.6666666666666666,0.0544208333333333,112.0,0,16.0,18.815132945340192,14.0,63.0,4.1,1.0,1,0,1,True,0.2872122523862603,259,Rendah,0,0.2872122523862603,QRIS + EDC,,,existing_bni
M0328,Butik Maju,Fashion,textile,retailer,Bekasi,Kemang Pratama,Ya,QRIS,133885621.0,8.0,0.448831,0.0030357692745424,0.0171156893819334,5,38.0,0.625,0.056103875,53.0,1,5.888888888888889,18.712496426255125,18.0,16.0,4.7,1.0,1,0,0,True,0.3723576481212922,63,Tinggi,1,0.3723576481212922,QRIS,,,existing_bni
M0327,Fashion Indonesia,Fashion,accessories,retailer,Bekasi,Grand Galaxy,Ya,QRIS,186194016.0,4.0,0.242523,0.0015629997224201,0.0022841043443262,8,53.0,0.5,0.06063075,44.0,0,8.8,19.04229979017499,9.0,11.0,4.3,1.0,1,0,1,True,0.2214923966037806,472,Rendah,0,0.2214923966037806,QRIS,,,existing_bni
M0326,UD Kain Berkah,Fashion,accessories,supplier,Bekasi,Harapan Indah,Ya,"EDC, QRIS",111401250.0,5.0,0.280531,0.0015759196814152,0.0096395240610771,6,29.0,0.2,0.0561061999999999,70.0,0,11.666666666666666,18.528649115196917,11.0,27.0,0.0,1.0,0,0,0,True,0.1591201825217763,549,Rendah,0,0.1591201825217763,QRIS + EDC,,,existing_bni
M0324,UD Kain Surya,Fashion,textile,supplier,Jakarta,Thamrin,Ya,EDC,1569322478.0,3.0,0.162804,0.0013829265975882,0.0067969712977636,12,67.0,0.0,0.054268,28.0,0,7.0,21.17390982112735,15.0,25.0,0.0,1.0,0,1,0,True,0.0725545685698596,591,Rendah,0,0.0725545685698596,QRIS + EDC,,,existing_bni
M0323,CV Konveksi Barokah,Fashion,clothing,supplier,Tangerang,Karawaci,Ya,QRIS,152919692.0,2.0,0.103479,0.0008122789171673,0.001851432596282,9,62.0,1.0,0.0517395,55.0,0,18.333333333333332,18.84542345920481,8.0,9.0,4.3,2.0,1,1,0,True,0.2828044481290044,291,Rendah,0,0.2828044481290044,QRIS,,,existing_bni
M0592,Digital Bu Tini,Electronics,service,retailer,Bekasi,Summarecon,Ya,QRIS,42717032.0,7.0,0.399808,0.0024703587659359,0.0137876386687797,8,53.0,0.8571428571428571,0.0571154285714285,52.0,0,6.5,17.570108297957102,6.0,6.0,3.0,1.0,1,0,0,True,0.3918077695194756,47,Tinggi,1,0.3918077695194756,QRIS,,,existing_bni
M0321,Outlet Citra,Fashion,textile,retailer,Bogor,Bogor Tengah,Ya,"EDC, QRIS",71649473.0,2.0,0.113926,0.0009586451778427,0.0006993182904434,10,29.0,1.0,0.056963,65.0,0,21.666666666666668,18.08729637096936,15.0,25.0,3.5,1.0,1,0,0,True,0.2903593188925851,233,Sedang,0,0.2903593188925851,QRIS + EDC,,,existing_bni
M0593,CV Tech Supply Barokah,Electronics,service,supplier,Depok,Sawangan,Ya,EDC,431675134.0,9.0,0.5113570000000001,0.0025232375197257,0.0132354790833396,11,31.0,0.4444444444444444,0.0568174444444444,93.0,1,9.3,19.883183860997995,18.0,28.0,3.9,2.0,1,0,0,True,0.3183109161258737,152,Sedang,0,0.3183109161258737,QRIS + EDC,,,existing_bni
M0319,Outlet Anugrah,Fashion,clothing,retailer,Bogor,Sentul,Ya,QRIS,87903459.0,4.0,0.2173999999999999,0.0014783814589993,0.0070938042411893,0,39.0,0.5,0.0543499999999999,47.0,0,9.4,18.291749724793107,4.0,46.0,3.2,1.0,1,0,1,True,0.2154059427031343,493,Rendah,0,0.2154059427031343,QRIS,,,existing_bni
M0318,PT Tekstil Mandiri,Fashion,textile,supplier,Bekasi,Kemang Pratama,Ya,"EDC, QRIS",229585621.0,3.0,0.186094,0.001341427996666,0.0030588886373355,14,48.0,0.6666666666666666,0.0620313333333333,47.0,0,11.75,19.25178659849763,7.0,75.0,0.0,1.0,0,0,1,True,0.239443678732506,412,Rendah,0,0.239443678732506,QRIS + EDC,,,existing_bni
M0317,Butik Surya,Fashion,textile,retailer,Bogor,Cibinong,Ya,"EDC, QRIS",121297610.0,7.0,0.387223,0.0026983422230119,0.0169194777752622,14,48.0,0.2857142857142857,0.0553175714285714,60.0,0,7.5,18.613757678749185,7.0,24.0,0.0,2.0,0,0,0,True,0.2581191539307028,384,Rendah,0,0.2581191539307028,QRIS + EDC,,,existing_bni
M0315,Fashion Purnama,Fashion,clothing,retailer,Tangerang,Cipondoh,Ya,"EDC, QRIS",212601680.0,2.0,0.1063949999999999,0.0008739037110842,0.0009559026991673,14,48.0,0.5,0.0531974999999999,45.0,0,15.0,19.174930930708214,13.0,7.0,3.6,2.0,1,0,0,True,0.1608517600557627,541,Rendah,0,0.1608517600557627,QRIS + EDC,,,existing_bni
M0314,Fashion Pak Haji,Fashion,footwear,retailer,Depok,Sawangan,Ya,"EDC, QRIS",136544164.0,4.0,0.226681,0.0016381001774261,0.0042965310794153,5,38.0,0.75,0.05667025,55.0,0,11.0,18.732158673370822,6.0,38.0,0.0,1.0,0,0,1,True,0.2859591604941026,267,Rendah,0,0.2859591604941026,QRIS + EDC,,,existing_bni
M0311,Toko Baju Sukses,Fashion,accessories,retailer,Depok,Sawangan,Ya,"EDC, QRIS",53977989.0,0.0,0.0,0.0,0.0,-1,0.0,0.0,0.0,0.0,0,0.0,17.804086928847518,14.0,41.0,5.0,1.0,1,0,1,False,0.0,633,Tidak Teranalisis,0,0.0,QRIS + EDC,,,existing_bni
M0310,PT Tekstil Purnama,Fashion,clothing,supplier,Bogor,Sentul,Ya,QRIS,250318803.0,6.0,0.329428,0.0015248254371555,0.0117274167987321,16,46.0,0.8333333333333334,0.0549046666666666,91.0,0,13.0,19.338245879429177,16.0,79.0,3.0,1.0,1,1,0,True,0.3281693960043393,129,Sedang,0,0.3281693960043393,QRIS,,,existing_bni
M0308,Fashion Pratama,Fashion,clothing,retailer,Tangerang,Gading Serpong,Ya,QRIS,38554591.0,2.0,0.113767,0.0008204445125205,0.0005886348200135,11,31.0,1.0,0.0568835,67.0,0,22.333333333333332,17.467585768908158,20.0,21.0,0.0,2.0,0,1,1,True,0.2841000431448887,279,Rendah,0,0.2841000431448887,QRIS,,,existing_bni
M0598,Motor Nusantara,Automotive,sparepart,retailer,Tangerang,Alam Sutera,Ya,"EDC, QRIS",27210477.0,3.0,0.157105,0.0011275470457666,0.0027318692928835,14,48.0,0.3333333333333333,0.0523683333333333,56.0,0,14.0,17.11911267767606,19.0,42.0,4.1,3.0,1,0,0,True,0.1438346222922757,583,Rendah,0,0.1438346222922757,QRIS + EDC,,,existing_bni
M0338,Fashion Gemilang,Fashion,clothing,retailer,Bandung,Dago,Ya,QRIS,49167959.0,2.0,0.122025,0.0010260733216632,0.0007647221593338,13,36.0,1.0,0.0610125,60.0,0,20.0,17.710752749814812,4.0,10.0,4.1,1.0,1,1,1,True,0.2941356885577489,218,Sedang,0,0.2941356885577489,QRIS,,,existing_bni
M0341,Toko Baju Barokah,Fashion,textile,retailer,Bandung,Braga,Ya,"EDC, QRIS",31327336.0,2.0,0.1135859999999999,0.0008812180567758,0.0012326113752421,5,38.0,0.0,0.0567929999999999,60.0,0,20.0,17.26000166091172,4.0,35.0,4.1,1.0,1,0,0,True,0.036829951006943,601,Rendah,0,0.036829951006943,QRIS + EDC,,,existing_bni
M0230,Butik Bang Jali,Fashion,accessories,retailer,Bogor,Dramaga,Ya,QRIS,121040768.0,2.0,0.118328,0.0010147045655867,0.00050813775061,5,38.0,0.0,0.059164,55.0,0,18.333333333333332,18.61163798069584,7.0,14.0,3.0,3.0,1,0,1,True,0.0432889833959431,593,Rendah,0,0.0432889833959431,QRIS,,,existing_bni
M0342,Outlet Maju,Fashion,clothing,retailer,Bandung,Buah Batu,Ya,QRIS,81761619.0,6.0,0.351383,0.0022708083404248,0.0060372802052675,12,67.0,0.5,0.0585638333333333,43.0,0,6.142857142857143,18.219318498313392,12.0,38.0,0.0,5.0,0,0,0,True,0.2805226581259541,304,Rendah,0,0.2805226581259541,QRIS,,,existing_bni
M0572,Toko IT Sukses,Electronics,accessories,retailer,Jakarta,Pluit,Ya,QRIS,296866642.0,3.0,0.161996,0.0012354078788631,0.0029884537016074,5,38.0,1.0,0.0539986666666666,46.0,0,11.5,19.50879358246223,18.0,32.0,3.0,1.0,1,0,0,True,0.3158157788233072,164,Sedang,0,0.3158157788233072,QRIS,,,existing_bni
M0573,Digital Barokah,Electronics,computer,retailer,Bekasi,Harapan Indah,Ya,"EDC, QRIS",88122163.0,3.0,0.154178,0.0011315724754289,0.0049983649032777,1,28.0,0.3333333333333333,0.0513926666666666,52.0,0,13.0,18.294234637018587,15.0,32.0,3.4,1.0,1,1,0,True,0.1437528950408995,584,Rendah,0,0.1437528950408995,QRIS + EDC,,,existing_bni
M0574,Digital Surya,Electronics,accessories,retailer,Tangerang,Alam Sutera,Ya,QRIS,53909082.0,3.0,0.166071,0.0011751883313055,0.0019822403340628,9,62.0,1.0,0.0553569999999999,62.0,0,15.5,17.80280953745198,11.0,24.0,0.0,1.0,0,0,0,True,0.3134616264456665,175,Sedang,0,0.3134616264456665,QRIS,,,existing_bni
M0575,Komputer Bu Tini,Electronics,service,retailer,Jakarta,Kuningan,Ya,QRIS,138511653.0,1.0,0.06,0.0006962789621413,0.0,4,22.0,0.0,0.06,49.0,0,24.5,18.746465024456057,3.0,1.0,3.5,2.0,1,0,1,True,0.0150259678731448,612,Rendah,0,0.0150259678731448,QRIS,,,existing_bni
M0576,Digital Makmur,Electronics,gadget,retailer,Bandung,Setiabudhi,Ya,EDC,8975221.0,1.0,0.055172,0.0004615384671756,0.0,0,39.0,1.0,0.055172,61.0,0,30.5,16.009978227408748,11.0,17.0,4.6,2.0,1,0,1,True,0.253983766048573,395,Rendah,0,0.253983766048573,QRIS + EDC,,,existing_bni
M0577,PT Elektronik Citra,Electronics,gadget,supplier,Bekasi,Jababeka,Ya,EDC,355306603.0,6.0,0.329261,0.0020586801032668,0.0102382210147661,3,31.0,0.8333333333333334,0.0548768333333333,49.0,0,7.0,19.688491647928004,13.0,70.0,0.0,1.0,0,0,0,True,0.3522779607814473,87,Tinggi,1,0.3522779607814473,QRIS + EDC,,,existing_bni
M0364,Mart Lestari,Grocery,minimarket,retailer,Bekasi,Kemang Pratama,Ya,QRIS,94257461.0,1.0,0.054348,0.0006657199698085,0.0,12,67.0,1.0,0.054348,39.0,0,19.5,18.36154055357222,1.0,36.0,4.2,2.0,1,0,1,True,0.2631360207832182,366,Rendah,0,0.2631360207832182,QRIS,,,existing_bni
M0578,Gadget Nusantara,Electronics,service,retailer,Bogor,Bogor Tengah,Ya,QRIS,131402892.0,6.0,0.340636,0.0021648829198907,0.0092018212461952,13,36.0,0.8333333333333334,0.0567726666666666,67.0,0,9.571428571428571,18.69377868051519,20.0,19.0,0.0,2.0,0,0,1,True,0.3581015246541729,82,Tinggi,1,0.3581015246541729,QRIS,,,existing_bni
M0579,PT Elektronik Sentosa,Electronics,service,supplier,Depok,Cinere,Ya,EDC,90163117.0,2.0,0.100481,0.0008884680194436,0.00315950997409,16,46.0,1.0,0.0502405,76.0,0,25.333333333333332,18.31713101006144,13.0,26.0,4.9,1.0,1,1,0,True,0.2859772285877862,266,Rendah,0,0.2859772285877862,QRIS + EDC,,,existing_bni
M0360,Mart Abadi,Grocery,toko_kelontong,retailer,Bandung,Braga,Ya,QRIS,31186384.0,2.0,0.108994,0.0006807753391618,0.0024048499484315,0,39.0,1.0,0.054497,51.0,0,17.0,17.255492179333906,3.0,30.0,4.8,2.0,1,0,1,True,0.2773588389590898,320,Rendah,0,0.2773588389590898,QRIS,,,existing_bni
M0359,UD Sembako Bersama,Grocery,minimarket,supplier,Bekasi,Grand Galaxy,Ya,EDC,380948536.0,0.0,0.0,0.0,0.0,-1,0.0,0.0,0.0,0.0,0,0.0,19.758174850476916,9.0,80.0,4.9,1.0,1,0,0,False,0.0,633,Tidak Teranalisis,0,0.0,QRIS + EDC,,,existing_bni
M0358,Swalayan Barokah,Grocery,supermarket,retailer,Bogor,Sentul,Ya,QRIS,50637715.0,2.0,0.105368,0.0008892124620147,0.0003119261439388,6,29.0,1.0,0.052684,46.0,0,15.333333333333334,17.740207232097415,13.0,8.0,3.5,1.0,1,0,0,True,0.2864510266000196,264,Rendah,0,0.2864510266000196,QRIS,,,existing_bni
M0357,Mart Barokah,Grocery,supermarket,retailer,Depok,Cimanggis,Ya,"EDC, QRIS",64575018.0,5.0,0.311168,0.0019145240044204,0.0060020627374034,8,53.0,0.6,0.0622336,46.0,0,7.666666666666667,17.983338191177648,17.0,30.0,4.6,1.0,1,0,1,True,0.2771802850433512,321,Rendah,0,0.2771802850433512,QRIS + EDC,,,existing_bni
M0356,Mart Pak Haji,Grocery,toko_kelontong,retailer,Bogor,Sentul,Ya,EDC,26634650.0,4.0,0.20822,0.0015590863316853,0.0032047895756295,13,36.0,0.5,0.052055,49.0,0,9.8,17.097723595187507,16.0,30.0,0.0,2.0,0,0,0,True,0.2182259844648735,481,Rendah,0,0.2182259844648735,QRIS + EDC,,,existing_bni
M0002,Toko Grosir Jaya,F&B,restaurant,supplier,Jakarta,Pluit,Ya,QRIS,263453794.0,2.0,0.110714,0.0009625316570821,0.0005131688174477,7,40.0,1.0,0.055357,26.0,0,8.666666666666666,19.389388559526257,2.0,8.0,4.2,1.0,1,1,1,True,0.2902456436520859,234,Sedang,0,0.2902456436520859,QRIS,,,existing_bni
M0580,Toko IT Mandiri,Electronics,service,retailer,Bandung,Setiabudhi,Ya,EDC,183803652.0,4.0,0.210422,0.0014835278807626,0.0053429929816617,7,40.0,0.75,0.0526055,55.0,0,11.0,19.02937864255234,13.0,30.0,4.0,1.0,1,0,0,True,0.2775100081234737,319,Rendah,0,0.2775100081234737,QRIS + EDC,,,existing_bni
M0581,PT Elektronik Prima,Electronics,service,supplier,Depok,Margonda,Ya,EDC,385787449.0,10.0,0.532172,0.0030321684563496,0.0314743541367947,5,38.0,0.9,0.0532172,85.0,1,7.727272727272728,19.770797128098607,12.0,22.0,4.0,1.0,1,0,1,True,0.4656926063284207,24,Tinggi,1,0.4656926063284207,QRIS + EDC,,,existing_bni
M0350,Outlet Pratama,Fashion,footwear,retailer,Jakarta,Thamrin,Ya,"EDC, QRIS",54184072.0,7.0,0.365504,0.002005645299636,0.0196865645360098,12,67.0,0.7142857142857143,0.0522148571428571,65.0,0,8.125,17.807897567137154,15.0,33.0,4.1,1.0,1,0,1,True,0.3320045365147684,126,Sedang,0,0.3320045365147684,QRIS + EDC,,,existing_bni
M0349,Butik Jaya,Fashion,textile,retailer,Bogor,Sentul,Ya,"EDC, QRIS",34394258.0,2.0,0.102632,0.0008765401305563,0.0007999396271979,5,38.0,0.5,0.051316,54.0,0,18.0,17.353400218881134,11.0,37.0,4.0,1.0,1,0,0,True,0.160631970594796,543,Rendah,0,0.160631970594796,QRIS + EDC,,,existing_bni
M0583,CV Tech Supply Utama,Electronics,accessories,supplier,Jakarta,Pluit,Ya,"EDC, QRIS",488195009.0,5.0,0.274814,0.0020703730258631,0.0125877292279827,12,67.0,1.0,0.0549628,56.0,0,9.333333333333334,20.006225494650085,11.0,30.0,4.1,1.0,1,0,1,True,0.3809484235079592,55,Tinggi,1,0.3809484235079592,QRIS + EDC,,,existing_bni
M0347,Butik Mas Bro,Fashion,footwear,retailer,Bekasi,Grand Galaxy,Ya,"EDC, QRIS",17835904.0,4.0,0.224619,0.0015885299019274,0.0050159736372097,7,40.0,0.5,0.0561547499999999,67.0,0,13.4,16.696724118408973,1.0,6.0,3.5,1.0,1,0,1,True,0.2210334806042058,475,Rendah,0,0.2210334806042058,QRIS + EDC,,,existing_bni
M0585,Digital Citra,Electronics,service,retailer,Depok,Sawangan,Ya,QRIS,77336735.0,4.0,0.209856,0.0012881923359173,0.0044927426860865,12,67.0,0.5,0.052464,62.0,0,12.4,18.163679639994506,1.0,16.0,4.7,1.0,1,0,1,True,0.2061322874869577,503,Rendah,0,0.2061322874869577,QRIS,,,existing_bni
M0586,Gadget Karya,Electronics,computer,retailer,Bandung,Setiabudhi,Ya,QRIS,82095891.0,0.0,0.0,0.0,0.0,-1,0.0,0.0,0.0,0.0,0,0.0,18.223398536629983,13.0,27.0,3.9,1.0,1,0,1,False,0.0,633,Tidak Teranalisis,0,0.0,QRIS,,,existing_bni
M0306,Outlet Berkah,Fashion,footwear,retailer,Jakarta,Senayan,Ya,"EDC, QRIS",72972604.0,1.0,0.053763,0.0004961632848836,0.0,1,28.0,1.0,0.053763,46.0,0,23.0,18.105594654707165,14.0,39.0,0.0,1.0,0,0,1,True,0.255421473433558,393,Rendah,0,0.255421473433558,QRIS + EDC,,,existing_bni
M0599,CV Sparepart Mas Bro,Automotive,sparepart,supplier,Tangerang,Cipondoh,Ya,"EDC, QRIS",206242948.0,5.0,0.268722,0.0019532105809914,0.0079188992025759,5,38.0,0.8,0.0537444,34.0,0,5.666666666666667,19.14456539592802,6.0,89.0,0.0,2.0,0,1,1,True,0.3251054455033777,139,Sedang,0,0.3251054455033777,QRIS + EDC,,,existing_bni
M0304,Butik Anugrah,Fashion,accessories,retailer,Tangerang,Karawaci,Ya,QRIS,113729483.0,8.0,0.446019,0.0026390006352761,0.0143787890222121,10,29.0,0.75,0.055752375,56.0,1,6.222222222222222,18.54933323908887,8.0,1.0,0.0,1.0,0,0,1,True,0.3854253603657194,53,Tinggi,1,0.3854253603657194,QRIS,,,existing_bni
M0303,Toko Baju Buana,Fashion,textile,retailer,Depok,Margonda,Ya,QRIS,128644615.0,7.0,0.369201,0.0021600311963019,0.0211216763514703,8,53.0,0.7142857142857143,0.052743,65.0,0,8.125,18.672564245835726,11.0,12.0,4.0,1.0,1,0,0,True,0.3393138416498603,112,Sedang,0,0.3393138416498603,QRIS,,,existing_bni
M0261,Toko Baju Purnama,Fashion,textile,retailer,Tangerang,Gading Serpong,Ya,QRIS,28509917.0,1.0,0.054348,0.0006204914431669,0.0,8,53.0,1.0,0.054348,42.0,0,21.0,17.165762584700925,1.0,4.0,3.1,2.0,1,0,0,True,0.2610922526456287,370,Rendah,0,0.2610922526456287,QRIS,,,existing_bni
M0615,Bengkel Surya,Automotive,accessories,retailer,Depok,Cimanggis,Ya,EDC,593279858.0,5.0,0.28739,0.0022030985183089,0.0093930017860287,8,53.0,0.8,0.057478,54.0,0,9.0,20.20117678323987,7.0,30.0,4.7,2.0,1,0,1,True,0.3380786539097961,114,Sedang,0,0.3380786539097961,QRIS + EDC,,,existing_bni
M0259,Outlet Mulia,Fashion,footwear,retailer,Bandung,Cihampelas,Ya,"EDC, QRIS",97898079.0,3.0,0.160194,0.0016895395491113,0.0035167157195683,2,31.0,0.6666666666666666,0.053398,47.0,0,11.75,18.3994374954596,20.0,11.0,4.7,1.0,1,0,0,True,0.2528412602969177,397,Rendah,0,0.2528412602969177,QRIS + EDC,,,existing_bni
M0616,CV Sparepart Sentosa,Automotive,dealer,supplier,Bogor,Tanah Sareal,Ya,"EDC, QRIS",326316049.0,3.0,0.162395,0.0013620977792657,0.004502804819762,7,40.0,0.6666666666666666,0.0541316666666666,33.0,0,8.25,19.603376948217793,10.0,79.0,5.0,2.0,1,1,0,True,0.2382431936369146,413,Rendah,0,0.2382431936369146,QRIS + EDC,,,existing_bni
M0256,Outlet Sentosa,Fashion,footwear,retailer,Tangerang,Gading Serpong,Ya,QRIS,42464939.0,7.0,0.416924,0.0027746537563185,0.0157371770683973,3,31.0,0.8571428571428571,0.0595605714285714,58.0,0,7.25,17.564189352266954,1.0,35.0,3.8,1.0,1,1,1,True,0.4070997172492009,40,Tinggi,1,0.4070997172492009,QRIS,,,existing_bni
M0255,Butik Harmoni,Fashion,accessories,retailer,Depok,Cinere,Ya,QRIS,16727540.0,1.0,0.07,0.000640697936834,0.0,8,53.0,0.0,0.07,50.0,0,25.0,16.63256708068976,5.0,27.0,4.7,1.0,1,0,1,True,0.0134150673474397,615,Rendah,0,0.0134150673474397,QRIS,,,existing_bni
M0254,Toko Baju Surya,Fashion,clothing,retailer,Jakarta,Menteng,Ya,"EDC, QRIS",166285830.0,8.0,0.463481,0.0030662802627791,0.0205015973637209,3,31.0,0.75,0.057935125,69.0,1,7.666666666666667,18.929218739090132,9.0,2.0,3.1,2.0,1,0,0,True,0.4063058507607256,42,Tinggi,1,0.4063058507607256,QRIS + EDC,,,existing_bni
M0253,Outlet Anugrah,Fashion,footwear,retailer,Jakarta,Kemang,Ya,QRIS,443381254.0,1.0,0.056911,0.0008233330530324,0.0,12,67.0,0.0,0.056911,55.0,0,27.5,19.909940578655192,18.0,36.0,3.6,2.0,1,0,1,True,0.0204890184886882,608,Rendah,0,0.0204890184886882,QRIS,,,existing_bni
M0252,Fashion Mulia,Fashion,clothing,retailer,Jakarta,Pluit,Ya,QRIS,149989485.0,3.0,0.156405,0.0010719109101707,0.0041808165421477,8,53.0,0.6666666666666666,0.0521349999999999,48.0,0,12.0,18.826075756270544,20.0,45.0,3.3,1.0,1,0,0,True,0.2245908456715415,459,Rendah,0,0.2245908456715415,QRIS,,,existing_bni
M0251,Fashion Pak Haji,Fashion,textile,retailer,Bandung,Dago,Ya,EDC,21108881.0,5.0,0.262802,0.0015404520677154,0.0096093376600508,12,67.0,0.6,0.0525603999999999,63.0,0,10.5,16.865204457739896,16.0,30.0,0.0,3.0,0,1,0,True,0.2559206849871102,392,Rendah,0,0.2559206849871102,QRIS + EDC,,,existing_bni
M0250,Fashion Barokah,Fashion,clothing,retailer,Depok,Margonda,Ya,"EDC, QRIS",94535269.0,5.0,0.26677,0.0017688967359322,0.0084723165547254,14,48.0,0.6,0.053354,50.0,0,8.333333333333334,18.364483550345135,13.0,30.0,4.5,1.0,1,0,1,True,0.2666009357721308,348,Rendah,0,0.2666009357721308,QRIS + EDC,,,existing_bni
M0249,PT Tekstil Lestari,Fashion,accessories,supplier,Bogor,Tanah Sareal,Ya,EDC,1208158809.0,2.0,0.104783,0.0008611289427423,0.001106834704299,9,62.0,1.0,0.0523915,36.0,0,12.0,20.912363393050025,7.0,91.0,3.0,1.0,1,0,0,True,0.2851293107165642,271,Rendah,0,0.2851293107165642,QRIS + EDC,,,existing_bni
M0618,PT Otomotif Berkah,Automotive,bengkel,supplier,Tangerang,Karawaci,Ya,QRIS,525895614.0,2.0,0.108128,0.0009712372943669,0.0003823610796669,9,62.0,0.0,0.054064,37.0,0,12.333333333333334,20.08061330043772,2.0,37.0,4.4,3.0,1,0,0,True,0.0404061166238574,597,Rendah,0,0.0404061166238574,QRIS,,,existing_bni
M0619,Bengkel Lestari,Automotive,bengkel,retailer,Jakarta,Kelapa Gading,Ya,QRIS,101230262.0,5.0,0.265647,0.0021624669571065,0.0072397051794833,13,36.0,0.6,0.0531294,50.0,0,8.333333333333334,18.432908311615616,3.0,4.0,3.2,2.0,1,1,0,True,0.2842842802568684,277,Rendah,0,0.2842842802568684,QRIS,,,existing_bni
M0245,Outlet Harmoni,Fashion,textile,retailer,Jakarta,Thamrin,Ya,QRIS,22291884.0,2.0,0.122082,0.0013393933740576,0.0003873921465046,12,67.0,1.0,0.061041,57.0,0,19.0,16.919733268856895,8.0,48.0,0.0,1.0,0,1,0,True,0.3082990005894169,192,Sedang,0,0.3082990005894169,QRIS,,,existing_bni
M0244,Fashion Citra,Fashion,textile,retailer,Tangerang,BSD,Ya,"EDC, QRIS",143117950.0,1.0,0.050505,0.0015822784810126,0.0,15,2.0,1.0,0.050505,57.0,0,28.5,18.7791796804049,13.0,11.0,4.3,5.0,1,0,1,True,0.3042069631108363,204,Sedang,0,0.3042069631108363,QRIS + EDC,,,existing_bni
M0242,PT Tekstil Bang Jali,Fashion,footwear,supplier,Tangerang,BSD,Ya,QRIS,268459560.0,25.0,1.965045,0.0059782742686234,0.0109727567730737,16,46.0,0.76,0.0786018,361.0,1,13.884615384615383,19.408210849769503,13.0,70.0,3.1,1.0,1,0,0,True,0.8221852447061984,4,Tinggi,1,0.8221852447061984,QRIS,,,existing_bni
M0241,Toko Baju Sukses,Fashion,textile,retailer,Jakarta,Kelapa Gading,Ya,EDC,32175998.0,1.0,0.06,0.0006740791637263,0.0,0,39.0,1.0,0.06,51.0,0,25.5,17.286731359915503,17.0,20.0,4.2,1.0,1,0,1,True,0.2640228124747606,362,Rendah,0,0.2640228124747606,QRIS + EDC,,,existing_bni
M0240,Outlet Indonesia,Fashion,clothing,retailer,Bogor,Sentul,Ya,"EDC, QRIS",141412258.0,1.0,0.052083,0.0005436300562902,0.0,8,53.0,0.0,0.052083,58.0,0,29.0,18.76719000498134,5.0,8.0,4.1,2.0,1,0,1,True,0.007415069549175,630,Rendah,0,0.007415069549175,QRIS + EDC,,,existing_bni
M0622,PT Otomotif Bersama,Automotive,dealer,supplier,Bogor,Dramaga,Ya,EDC,429088901.0,3.0,0.17236,0.0016027693323296,0.0062787714134782,12,67.0,0.6666666666666666,0.0574533333333333,37.0,0,9.25,19.87717468619219,7.0,87.0,4.8,1.0,1,1,1,True,0.250016080933909,401,Rendah,0,0.250016080933909,QRIS + EDC,,,existing_bni
M0238,CV Konveksi Prima,Fashion,accessories,supplier,Bekasi,Grand Galaxy,Ya,EDC,341604246.0,1.0,0.066667,0.000734744408501,0.0,2,31.0,1.0,0.066667,25.0,0,12.5,19.649163452471193,1.0,36.0,3.8,1.0,1,0,0,True,0.267364606785658,344,Rendah,0,0.267364606785658,QRIS + EDC,,,existing_bni
M0237,CV Konveksi Pratama,Fashion,textile,supplier,Bandung,Braga,Ya,"EDC, QRIS",58228526.0,5.0,0.273704,0.0017424650826138,0.0077277186627424,8,53.0,0.4,0.0547408,80.0,0,13.333333333333334,17.879885947254294,3.0,30.0,3.1,1.0,1,0,0,True,0.2160310790689337,490,Rendah,0,0.2160310790689337,QRIS + EDC,,,existing_bni
M0623,PT Otomotif Harmoni,Automotive,sparepart,supplier,Jakarta,Kelapa Gading,Ya,EDC,1326247810.0,4.0,0.230067,0.0020687762984504,0.0056448569919251,7,40.0,0.5,0.05751675,33.0,0,6.6,21.005619597372725,2.0,11.0,4.7,3.0,1,1,0,True,0.2432253442253145,407,Rendah,0,0.2432253442253145,QRIS + EDC,,,existing_bni
M0624,UD Oli Mas Bro,Automotive,sparepart,supplier,Bandung,Setiabudhi,Ya,EDC,863354582.0,4.0,0.233535,0.0011567904791665,0.0026815586245063,9,62.0,0.75,0.05838375,99.0,0,19.8,20.576336037200353,11.0,30.0,5.0,1.0,1,0,1,True,0.2648272556242881,357,Rendah,0,0.2648272556242881,QRIS + EDC,,,existing_bni
M0232,Outlet Purnama,Fashion,accessories,retailer,Tangerang,BSD,Ya,QRIS,79782339.0,6.0,0.312509,0.0019751611918565,0.0089100193696073,5,38.0,0.8333333333333334,0.0520848333333333,64.0,0,9.142857142857142,18.194812734670712,18.0,18.0,3.3,1.0,1,0,1,True,0.3469951365486184,98,Sedang,0,0.3469951365486184,QRIS,,,existing_bni
M0262,Outlet Citra,Fashion,textile,retailer,Tangerang,Karawaci,Ya,"EDC, QRIS",62234942.0,7.0,0.382062,0.0026247354551053,0.0131159912459437,5,38.0,0.5714285714285714,0.0545802857142857,46.0,0,5.75,17.94642718453345,1.0,29.0,0.0,1.0,0,0,1,True,0.3257567760170395,138,Sedang,0,0.3257567760170395,QRIS + EDC,,,existing_bni
M0263,Fashion Nusantara,Fashion,clothing,retailer,Jakarta,Tebet,Ya,EDC,3551424.0,5.0,0.268599,0.0018338431798841,0.0101124443438231,8,53.0,1.0,0.0537198,53.0,0,8.833333333333334,15.082859489359484,11.0,43.0,0.0,1.0,0,0,1,True,0.3697004420049595,65,Tinggi,1,0.3697004420049595,QRIS + EDC,,,existing_bni
M0264,Butik Pak Haji,Fashion,footwear,retailer,Bandung,Braga,Ya,"EDC, QRIS",26115801.0,4.0,0.224499,0.0014387495355541,0.0047543581616481,11,31.0,1.0,0.05612475,61.0,0,12.2,17.078051129700725,16.0,17.0,0.0,1.0,0,0,0,True,0.3392544586892396,113,Sedang,0,0.3392544586892396,QRIS + EDC,,,existing_bni
M0287,PT Tekstil Pak Haji,Fashion,textile,supplier,Jakarta,Sudirman,Ya,"EDC, QRIS",260619467.0,4.0,0.244925,0.001833626363417,0.001705531657988,3,31.0,0.25,0.06123125,28.0,0,5.6,19.378571924392787,10.0,63.0,4.0,1.0,1,1,1,True,0.1714377038503133,510,Rendah,0,0.1714377038503133,QRIS + EDC,,,existing_bni
M0302,Butik Sejahtera,Fashion,accessories,retailer,Jakarta,Menteng,Ya,QRIS,39659340.0,2.0,0.1145829999999999,0.0009342210821352,0.0005332930847986,5,38.0,1.0,0.0572914999999999,47.0,0,15.666666666666666,17.49583706467985,17.0,31.0,0.0,1.0,0,0,1,True,0.2893148270149099,240,Sedang,0,0.2893148270149099,QRIS,,,existing_bni
M0301,Butik Barokah,Fashion,accessories,retailer,Bandung,Setiabudhi,Ya,EDC,31136910.0,3.0,0.158491,0.001273027074593,0.0018313083289311,5,38.0,0.6666666666666666,0.0528303333333333,48.0,0,12.0,17.253904522275707,18.0,23.0,4.2,1.0,1,0,0,True,0.2338666807343182,422,Rendah,0,0.2338666807343182,QRIS + EDC,,,existing_bni
M0300,CV Konveksi Abadi,Fashion,footwear,supplier,Bekasi,Jababeka,Ya,"EDC, QRIS",486965128.0,26.0,1.720334,0.005442463715045,0.0299449098181269,16,46.0,0.7692307692307693,0.0661666923076923,241.0,1,8.925925925925926,20.003703074787097,15.0,60.0,3.3,1.0,1,0,1,True,0.7868612022526339,9,Tinggi,1,0.7868612022526339,QRIS + EDC,,,existing_bni
M0297,Fashion Pratama,Fashion,accessories,retailer,Bekasi,Summarecon,Ya,"EDC, QRIS",147544426.0,4.0,0.223213,0.0020706476351454,0.0051467813749905,12,67.0,0.75,0.05580325,58.0,0,11.6,18.809639888392535,3.0,5.0,0.0,1.0,0,1,0,True,0.3051925847767779,202,Sedang,0,0.3051925847767779,QRIS + EDC,,,existing_bni
M0295,UD Kain Makmur,Fashion,footwear,supplier,Depok,Sawangan,Ya,EDC,391545540.0,3.0,0.1805749999999999,0.0014690706965926,0.0019118053983347,5,38.0,1.0,0.0601916666666666,41.0,0,10.25,19.78561239102333,13.0,29.0,5.0,5.0,1,0,0,True,0.3280477971895955,130,Sedang,0,0.3280477971895955,QRIS + EDC,,,existing_bni
M0294,Outlet Surya,Fashion,textile,retailer,Jakarta,Pluit,Ya,QRIS,141052382.0,1.0,0.05,0.0005369715873158,0.0,7,40.0,1.0,0.05,50.0,0,25.0,18.76464188998775,15.0,8.0,4.1,1.0,1,0,0,True,0.2569265793856974,388,Rendah,0,0.2569265793856974,QRIS,,,existing_bni
M0292,Butik Prima,Fashion,clothing,retailer,Bogor,Tanah Sareal,Ya,QRIS,42131201.0,3.0,0.16685,0.0012872615901721,0.0021633587402208,9,62.0,0.6666666666666666,0.0556166666666666,81.0,0,20.25,17.556299164286397,11.0,45.0,3.6,1.0,1,0,1,True,0.2352627759871943,416,Rendah,0,0.2352627759871943,QRIS,,,existing_bni
M0290,Outlet Sentosa,Fashion,accessories,retailer,Jakarta,Tebet,Ya,EDC,37489461.0,4.0,0.222128,0.0014511260127514,0.0061379015420219,5,38.0,1.0,0.055532,57.0,0,11.4,17.43957043811566,14.0,50.0,0.0,1.0,0,0,0,True,0.3396001725212602,111,Sedang,0,0.3396001725212602,QRIS + EDC,,,existing_bni
M0603,Bengkel Sejahtera,Automotive,bengkel,retailer,Bandung,Buah Batu,Ya,QRIS,143614807.0,1.0,0.053191,0.0007250585603556,0.0,14,48.0,1.0,0.053191,49.0,0,24.5,18.782645329039077,3.0,30.0,0.0,1.0,0,0,1,True,0.2657131809496667,351,Rendah,0,0.2657131809496667,QRIS,,,existing_bni
M0604,Bengkel Makmur,Automotive,bengkel,retailer,Bandung,Braga,Ya,EDC,222419116.0,7.0,0.382564,0.0025446643285726,0.0184237667597414,12,67.0,0.7142857142857143,0.054652,51.0,0,6.375,19.22007407438036,20.0,34.0,0.0,2.0,0,0,0,True,0.3578980541988654,83,Tinggi,1,0.3578980541988654,QRIS + EDC,,,existing_bni
M0286,Fashion Karya,Fashion,footwear,retailer,Tangerang,Gading Serpong,Ya,QRIS,11331771.0,3.0,0.161029,0.0012646050546199,0.0024551606168087,3,31.0,0.3333333333333333,0.0536763333333333,51.0,0,12.75,16.243121019716014,2.0,3.0,0.0,1.0,0,0,0,True,0.1503813671861418,572,Rendah,0,0.1503813671861418,QRIS,,,existing_bni
M0266,Fashion Sentosa,Fashion,footwear,retailer,Tangerang,Cipondoh,Ya,"EDC, QRIS",21359243.0,1.0,0.057971,0.0004989460851145,0.0,0,39.0,0.0,0.057971,55.0,0,27.5,16.876995178171484,12.0,14.0,3.6,1.0,1,0,0,True,0.0059262242825359,632,Rendah,0,0.0059262242825359,QRIS + EDC,,,existing_bni
M0607,Auto Nusantara,Automotive,bengkel,retailer,Tangerang,Gading Serpong,Ya,QRIS,32723031.0,6.0,0.330543,0.0020458879569056,0.0132820164515885,14,48.0,0.8333333333333334,0.0550905,49.0,0,7.0,17.303589730442354,8.0,24.0,0.0,1.0,0,1,0,True,0.3518153806718182,89,Tinggi,1,0.3518153806718182,QRIS,,,existing_bni
M0281,Fashion Kang Asep,Fashion,clothing,retailer,Bandung,Buah Batu,Ya,"EDC, QRIS",72722807.0,2.0,0.1151119999999999,0.0012205056916486,0.0018363393957688,12,67.0,0.5,0.0575559999999999,43.0,0,14.333333333333334,18.10216562094939,17.0,30.0,0.0,1.0,0,1,1,True,0.1772989842488507,508,Rendah,0,0.1772989842488507,QRIS + EDC,,,existing_bni
M0609,Bengkel Prima,Automotive,accessories,retailer,Depok,Cimanggis,Ya,EDC,13245279.0,3.0,0.169122,0.0013024819913405,0.0024450984831333,5,38.0,0.6666666666666666,0.056374,47.0,0,11.75,16.39915182051771,6.0,41.0,3.2,1.0,1,0,0,True,0.2361551819382761,415,Rendah,0,0.2361551819382761,QRIS + EDC,,,existing_bni
M0611,Bengkel Kang Asep,Automotive,accessories,retailer,Tangerang,Karawaci,Ya,EDC,118323042.0,3.0,0.191764,0.0013506832628912,0.002832490629638,11,31.0,0.6666666666666666,0.0639213333333333,47.0,0,11.75,18.58892909442691,10.0,22.0,3.1,2.0,1,0,0,True,0.2403725829822167,410,Rendah,0,0.2403725829822167,QRIS + EDC,,,existing_bni
M0275,Toko Baju Persada,Fashion,accessories,retailer,Bogor,Dramaga,Ya,QRIS,27143338.0,5.0,0.264531,0.001546981645808,0.0093426911176514,9,62.0,0.8,0.0529062,54.0,0,9.0,17.11664223354345,10.0,30.0,3.1,2.0,1,0,0,True,0.3063714670905256,199,Sedang,0,0.3063714670905256,QRIS,,,existing_bni
M0274,CV Konveksi Kang Asep,Fashion,textile,supplier,Bogor,Sentul,Ya,EDC,296686459.0,24.0,1.8341,0.0054662878139886,0.0100168540739063,16,46.0,0.75,0.0764208333333333,326.0,1,13.04,19.508186448897852,8.0,30.0,3.5,1.0,1,0,1,True,0.7761352702624762,10,Tinggi,1,0.7761352702624762,QRIS + EDC,,,existing_bni
M0272,UD Kain Utama,Fashion,textile,supplier,Tangerang,Cipondoh,Ya,EDC,93298097.0,6.0,0.32249,0.0016892963407323,0.0135184765929615,13,36.0,1.0,0.0537483333333333,75.0,0,10.714285714285714,18.351310279757687,11.0,6.0,0.0,2.0,0,0,0,True,0.3766432202091788,57,Tinggi,1,0.3766432202091788,QRIS + EDC,,,existing_bni
M0269,CV Konveksi Maju,Fashion,textile,supplier,Bogor,Dramaga,Ya,"EDC, QRIS",206945164.0,6.0,0.323936,0.0020044926683215,0.0127084748320881,6,29.0,0.5,0.0539893333333333,57.0,0,8.142857142857142,19.147964412754902,15.0,73.0,5.0,1.0,1,0,0,True,0.2660164199480028,350,Rendah,0,0.2660164199480028,QRIS + EDC,,,existing_bni
M0268,Butik Pak Haji,Fashion,textile,retailer,Tangerang,BSD,Ya,"EDC, QRIS",18126268.0,4.0,0.233821,0.0015817588295961,0.0037733001282922,4,22.0,0.75,0.05845525,40.0,0,8.0,16.712872770047266,19.0,24.0,3.1,1.0,1,0,0,True,0.2840563106103366,280,Rendah,0,0.2840563106103366,QRIS + EDC,,,existing_bni
M0267,Butik Nusantara,Fashion,footwear,retailer,Depok,Cinere,Ya,"EDC, QRIS",285333769.0,9.0,0.479281,0.0026775282076717,0.0362488365657937,9,62.0,0.5555555555555556,0.0532534444444444,62.0,1,6.2,19.469170175810568,15.0,31.0,3.1,1.0,1,0,1,True,0.3501717225489276,95,Tinggi,1,0.3501717225489276,QRIS + EDC,,,existing_bni
M0372,PT Distribusi Mas Bro,Grocery,supermarket,supplier,Bekasi,Kemang Pratama,Ya,"EDC, QRIS",438293192.0,7.0,0.393816,0.0024441106445412,0.0131562397806454,9,62.0,0.8571428571428571,0.0562594285714285,63.0,0,7.875,19.898398634809848,11.0,26.0,3.1,1.0,1,0,0,True,0.3900819974491211,49,Tinggi,1,0.3900819974491211,QRIS + EDC,,,existing_bni
M0373,Mart Purnama,Grocery,distributor,retailer,Bogor,Sentul,Ya,"EDC, QRIS",242382895.0,0.0,0.0,0.0,0.0,-1,0.0,0.0,0.0,0.0,0,0.0,19.30602924861378,5.0,8.0,4.9,1.0,1,0,0,False,0.0,633,Tidak Teranalisis,0,0.0,QRIS + EDC,,,existing_bni
M0375,Minimarket Sumber,Grocery,distributor,retailer,Depok,Cimanggis,Ya,QRIS,455936549.0,3.0,0.16587,0.0011243034912863,0.0031293235730636,1,28.0,1.0,0.05529,48.0,0,12.0,19.93786421306029,16.0,31.0,4.2,1.0,1,0,0,True,0.3111441596269934,184,Sedang,0,0.3111441596269934,QRIS,,,existing_bni
M0449,Toko Makmur,Grocery,supermarket,retailer,Tangerang,Alam Sutera,Ya,"EDC, QRIS",41347386.0,2.0,0.102632,0.0008620782552971,0.0006691318894171,13,36.0,0.5,0.051316,48.0,0,16.0,17.537519785176073,2.0,30.0,0.0,1.0,0,0,0,True,0.1599784732987474,547,Rendah,0,0.1599784732987474,QRIS + EDC,,,existing_bni
M0527,Digital Jaya,Electronics,computer,retailer,Bekasi,Jababeka,Ya,EDC,15175787.0,6.0,0.324054,0.0020789433406828,0.0096898347294543,12,67.0,0.5,0.054009,60.0,0,8.571428571428571,16.535211821074004,13.0,31.0,4.7,1.0,1,0,0,True,0.2693912943683937,340,Rendah,0,0.2693912943683937,QRIS + EDC,,,existing_bni
M0479,Swalayan Karya,Grocery,toko_kelontong,retailer,Depok,Cinere,Ya,EDC,1048884156.0,3.0,0.173107,0.0011662154945339,0.0020778306039795,11,31.0,0.3333333333333333,0.0577023333333333,53.0,0,13.25,20.77099272842268,2.0,26.0,3.2,1.0,1,0,0,True,0.1470232117825267,576,Rendah,0,0.1470232117825267,QRIS + EDC,,,existing_bni
M0478,Minimarket Buana,Grocery,toko_kelontong,retailer,Tangerang,BSD,Ya,EDC,86887534.0,2.0,0.11438,0.0007690062420597,0.0,10,29.0,1.0,0.05719,58.0,0,19.333333333333332,18.280125139210536,3.0,15.0,4.1,1.0,1,0,0,True,0.2818308828455244,296,Rendah,0,0.2818308828455244,QRIS + EDC,,,existing_bni
M0477,CV Grosir Lestari,Grocery,toko_kelontong,supplier,Bekasi,Harapan Indah,Ya,EDC,466722569.0,6.0,0.321778,0.0021008958068585,0.012819158302518,12,67.0,0.5,0.0536296666666666,76.0,0,10.857142857142858,19.961245570582065,4.0,56.0,4.4,2.0,1,0,1,True,0.2701782804530975,338,Rendah,0,0.2701782804530975,QRIS + EDC,,,existing_bni
M0476,PT Distribusi Prima,Grocery,supermarket,supplier,Tangerang,Cipondoh,Ya,QRIS,241111772.0,1.0,0.064935,0.000642215213405,0.0,1,28.0,0.0,0.064935,34.0,0,17.0,19.300771172320083,9.0,90.0,3.3,5.0,1,0,1,True,0.0130274390104142,617,Rendah,0,0.0130274390104142,QRIS,,,existing_bni
M0474,Mart Anugrah,Grocery,supermarket,retailer,Tangerang,Karawaci,Ya,QRIS,224679801.0,4.0,0.220393,0.0014870937489458,0.004920383367293,9,62.0,0.75,0.05509825,53.0,0,10.6,19.23018684437478,1.0,1.0,3.8,1.0,1,0,1,True,0.2785692012469309,314,Rendah,0,0.2785692012469309,QRIS,,,existing_bni
M0473,PT Distribusi Sukses,Grocery,distributor,supplier,Bandung,Dago,Ya,QRIS,87561078.0,3.0,0.168902,0.0011378900039573,0.0025809372877518,12,67.0,0.6666666666666666,0.0563006666666666,85.0,0,21.25,18.28784715352154,18.0,30.0,3.2,1.0,1,1,0,True,0.2286978518387092,447,Rendah,0,0.2286978518387092,QRIS,,,existing_bni
M0471,Minimarket Persada,Grocery,distributor,retailer,Bekasi,Harapan Indah,Ya,"EDC, QRIS",51261650.0,6.0,0.336564,0.0023222935978204,0.0119085352048901,10,29.0,0.6666666666666666,0.056094,56.0,0,8.0,17.752453486731113,11.0,8.0,3.3,1.0,1,0,1,True,0.3231811135593613,142,Sedang,0,0.3231811135593613,QRIS + EDC,,,existing_bni
M0529,CV Tech Supply Prima,Electronics,gadget,supplier,Bekasi,Harapan Indah,Ya,"EDC, QRIS",362225680.0,2.0,0.1188859999999999,0.000924736771233,0.0008100017608733,5,38.0,1.0,0.0594429999999999,34.0,0,11.333333333333334,19.707778003716225,3.0,30.0,3.9,1.0,1,1,0,True,0.2892738130550322,242,Sedang,0,0.2892738130550322,QRIS + EDC,,,existing_bni
M0469,Swalayan Mulia,Grocery,toko_kelontong,retailer,Tangerang,Alam Sutera,Ya,QRIS,40732993.0,4.0,0.240679,0.0015948049922697,0.0022891354111639,9,62.0,0.5,0.0601697499999999,42.0,0,8.4,17.522548985393396,6.0,10.0,0.0,1.0,0,0,1,True,0.2227635161793995,468,Rendah,0,0.2227635161793995,QRIS,,,existing_bni
M0530,Toko IT Bu Tini,Electronics,gadget,retailer,Depok,Sawangan,Ya,"EDC, QRIS",29096109.0,2.0,0.114311,0.001053071139792,0.0007043493572812,7,40.0,0.5,0.0571555,49.0,0,16.333333333333332,17.186115046230213,2.0,22.0,4.8,5.0,1,0,0,True,0.1696608764621561,514,Rendah,0,0.1696608764621561,QRIS + EDC,,,existing_bni
M0467,Toko Gemilang,Grocery,supermarket,retailer,Bekasi,Kemang Pratama,Ya,EDC,114118738.0,4.0,0.219033,0.0014721218628362,0.0051518124418282,6,29.0,0.75,0.05475825,57.0,0,11.4,18.55275003447635,2.0,15.0,3.8,2.0,1,0,1,True,0.2777701663863751,316,Rendah,0,0.2777701663863751,QRIS + EDC,,,existing_bni
M0466,UD Sembako Makmur,Grocery,distributor,supplier,Depok,Cimanggis,Ya,QRIS,246586726.0,5.0,0.275291,0.0016929120604435,0.0071793323774306,6,29.0,0.6,0.0550582,97.0,0,16.166666666666668,19.323224323239465,15.0,21.0,3.3,1.0,1,0,1,True,0.2639348340579163,363,Rendah,0,0.2639348340579163,QRIS,,,existing_bni
M0532,PT Elektronik Kang Asep,Electronics,service,supplier,Jakarta,Kelapa Gading,Ya,"EDC, QRIS",77888116.0,2.0,0.105392,0.0009302969830828,0.0015093200513168,10,29.0,1.0,0.052696,68.0,0,22.666666666666668,18.170783957485153,2.0,40.0,3.1,1.0,1,1,0,True,0.2883096987240138,246,Sedang,0,0.2883096987240138,QRIS + EDC,,,existing_bni
M0463,Swalayan Bu Tini,Grocery,distributor,retailer,Bogor,Bogor Tengah,Ya,QRIS,34978601.0,3.0,0.178819,0.0015681329696219,0.0041606922747968,2,31.0,0.3333333333333333,0.0596063333333333,55.0,0,13.75,17.3702470610614,19.0,49.0,3.7,1.0,1,0,0,True,0.1656993579260339,520,Rendah,0,0.1656993579260339,QRIS,,,existing_bni
M0533,Toko IT Surya,Electronics,accessories,retailer,Tangerang,Alam Sutera,Ya,QRIS,61868899.0,3.0,0.154861,0.0011129257802789,0.0041154126732573,2,31.0,1.0,0.0516203333333333,40.0,0,10.0,17.94052818813464,15.0,36.0,4.7,2.0,1,1,0,True,0.3096384783874397,188,Sedang,0,0.3096384783874397,QRIS,,,existing_bni
M0534,Komputer Berkah,Electronics,computer,retailer,Jakarta,Senayan,Ya,EDC,22077850.0,6.0,0.343463,0.0020674030342427,0.0079792720046285,3,31.0,1.0,0.0572438333333333,52.0,0,7.428571428571429,16.910085446737952,17.0,30.0,0.0,2.0,0,0,1,True,0.3956179301705502,46,Tinggi,1,0.3956179301705502,QRIS + EDC,,,existing_bni
M0460,UD Sembako Nusantara,Grocery,minimarket,supplier,Bekasi,Jababeka,Ya,"EDC, QRIS",112864403.0,4.0,0.218031,0.0016879594600715,0.0044072145498452,5,38.0,0.75,0.0545077499999999,86.0,0,17.2,18.541697691540858,5.0,73.0,0.0,2.0,0,0,0,True,0.2874330999868649,254,Rendah,0,0.2874330999868649,QRIS + EDC,,,existing_bni
M0459,UD Sembako Mbak Sri,Grocery,distributor,supplier,Jakarta,Kelapa Gading,Ya,"EDC, QRIS",188966546.0,6.0,0.332785,0.0014871474672952,0.0101526928785248,16,46.0,0.6666666666666666,0.0554641666666666,87.0,0,12.428571428571429,19.05708055735757,15.0,34.0,4.1,1.0,1,0,1,True,0.2851025082851896,272,Rendah,0,0.2851025082851896,QRIS + EDC,,,existing_bni
M0535,CV Tech Supply Mulia,Electronics,computer,supplier,Depok,Cinere,Ya,QRIS,174691324.0,5.0,0.291053,0.0019258535971913,0.0049002590999421,4,22.0,0.8,0.0582106,44.0,0,7.333333333333333,18.978531117317264,10.0,5.0,0.0,1.0,0,0,1,True,0.3258805401492587,136,Sedang,0,0.3258805401492587,QRIS,,,existing_bni
M0457,Toko Abadi,Grocery,supermarket,retailer,Bogor,Tanah Sareal,Ya,EDC,59630197.0,5.0,0.295445,0.0016326926858425,0.0035619953211078,8,53.0,0.4,0.059089,58.0,0,9.666666666666666,17.903672681570047,3.0,39.0,0.0,1.0,0,0,0,True,0.213028880135623,498,Rendah,0,0.213028880135623,QRIS + EDC,,,existing_bni
M0456,Minimarket Nusantara,Grocery,minimarket,retailer,Depok,Cinere,Ya,EDC,32165803.0,1.0,0.05,0.000612974976141,0.0,16,46.0,1.0,0.05,50.0,0,25.0,17.286414458628627,7.0,1.0,3.4,1.0,1,0,1,True,0.2603609893911496,375,Rendah,0,0.2603609893911496,QRIS + EDC,,,existing_bni
M0537,PT Elektronik Nusantara,Electronics,accessories,supplier,Bogor,Tanah Sareal,Ya,EDC,147844160.0,0.0,0.0,0.0,0.0,-1,0.0,0.0,0.0,0.0,0,0.0,18.811669310753786,5.0,56.0,0.0,2.0,0,0,0,False,0.0,633,Tidak Teranalisis,0,0.0,QRIS + EDC,,,existing_bni
M0452,Minimarket Gemilang,Grocery,supermarket,retailer,Jakarta,Kemang,Ya,"EDC, QRIS",155107361.0,5.0,0.290144,0.0016965353947091,0.0062435539456141,6,29.0,0.8,0.0580288,61.0,0,10.166666666666666,18.859628093171157,17.0,17.0,0.0,1.0,0,0,0,True,0.3154363320453604,166,Sedang,0,0.3154363320453604,QRIS + EDC,,,existing_bni
M0451,Swalayan Mas Bro,Grocery,distributor,retailer,Depok,Cimanggis,Ya,"EDC, QRIS",62058547.0,1.0,0.055046,0.0005835476135448,0.0,14,48.0,0.0,0.055046,55.0,0,27.5,17.94358881999794,18.0,25.0,4.6,1.0,1,0,1,True,0.0094857169150742,627,Rendah,0,0.0094857169150742,QRIS + EDC,,,existing_bni
M0481,PT Distribusi Nusantara,Grocery,toko_kelontong,supplier,Tangerang,BSD,Ya,QRIS,265643549.0,11.0,0.618804,0.0032609385772281,0.0332100721958091,16,46.0,0.6363636363636364,0.056254909090909,95.0,1,7.916666666666667,19.397665930498704,11.0,40.0,0.0,2.0,0,1,0,True,0.4265444779756752,30,Tinggi,1,0.4265444779756752,QRIS,,,existing_bni
M0482,Minimarket Purnama,Grocery,supermarket,retailer,Tangerang,Gading Serpong,Ya,QRIS,27785187.0,2.0,0.109844,0.0008800410064197,0.0007999396271979,9,62.0,0.5,0.054922,50.0,0,16.666666666666668,17.140013630914044,7.0,26.0,4.6,5.0,1,1,0,True,0.1614397314446372,539,Rendah,0,0.1614397314446372,QRIS,,,existing_bni
M0483,Toko Mas Bro,Grocery,minimarket,retailer,Jakarta,Sudirman,Ya,EDC,15466675.0,3.0,0.1674,0.0011819821229402,0.002505471285186,13,36.0,1.0,0.0557999999999999,52.0,0,13.0,16.55419833197647,11.0,5.0,4.4,1.0,1,0,1,True,0.3138883208391479,173,Sedang,0,0.3138883208391479,QRIS + EDC,,,existing_bni
M0497,Toko IT Bang Jali,Electronics,gadget,retailer,Bandung,Braga,Ya,EDC,25815314.0,4.0,0.217225,0.0014732489813122,0.0070837421075138,8,53.0,0.75,0.05430625,67.0,0,13.4,17.06647847842946,20.0,19.0,3.2,1.0,1,1,0,True,0.2776582566420971,317,Rendah,0,0.2776582566420971,QRIS + EDC,,,existing_bni
M0516,Gadget Sukses,Electronics,accessories,retailer,Jakarta,Kemang,Ya,"EDC, QRIS",129585584.0,3.0,0.161383,0.0012960854081626,0.0045078358865997,0,39.0,0.3333333333333333,0.0537943333333333,67.0,0,16.75,18.679852108844432,13.0,13.0,4.8,1.0,1,0,0,True,0.1518357723002761,566,Rendah,0,0.1518357723002761,QRIS + EDC,,,existing_bni
M0512,Digital Sumber,Electronics,gadget,retailer,Depok,Sawangan,Ya,QRIS,62757314.0,2.0,0.11857,0.0008750532508475,0.0002465222750484,9,62.0,0.5,0.059285,57.0,0,19.0,17.95478570288716,4.0,2.0,3.9,2.0,1,0,1,True,0.1620002732470037,537,Rendah,0,0.1620002732470037,QRIS,,,existing_bni
M0517,PT Elektronik Bu Tini,Electronics,accessories,supplier,Bogor,Cibinong,Ya,QRIS,439317854.0,1.0,0.059829,0.0007090378196211,0.0,13,36.0,1.0,0.059829,60.0,0,30.0,19.900733752326747,11.0,92.0,0.0,1.0,0,0,1,True,0.2655871084066908,352,Rendah,0,0.2655871084066908,QRIS,,,existing_bni
M0508,CV Tech Supply Berkah,Electronics,gadget,supplier,Bandung,Dago,Ya,"EDC, QRIS",147421646.0,2.0,0.111456,0.0011014264836123,7.546600256584409e-05,7,40.0,1.0,0.055728,47.0,0,15.666666666666666,18.80880738582418,4.0,62.0,4.9,1.0,1,0,0,True,0.2965887960544929,213,Sedang,0,0.2965887960544929,QRIS + EDC,,,existing_bni
M0507,Toko IT Maju,Electronics,gadget,retailer,Bogor,Sentul,Ya,QRIS,38526060.0,2.0,0.106893,0.0009782322038037,0.0005735416195004,12,67.0,1.0,0.0534465,48.0,0,16.0,17.4668454793493,8.0,30.0,3.5,1.0,1,0,1,True,0.2906109667245096,231,Sedang,0,0.2906109667245096,QRIS,,,existing_bni
M0506,CV Tech Supply Prima,Electronics,accessories,supplier,Tangerang,Alam Sutera,Ya,EDC,199295597.0,2.0,0.106189,0.000950368431764,0.0028878323648529,12,67.0,1.0,0.0530945,25.0,0,8.333333333333334,19.11029969763353,6.0,69.0,4.3,1.0,1,1,0,True,0.2892884626912335,241,Sedang,0,0.2892884626912335,QRIS + EDC,,,existing_bni
M0521,Gadget Sejahtera,Electronics,service,retailer,Tangerang,BSD,Ya,EDC,14614653.0,6.0,0.333718,0.0022172573047252,0.0091313863104671,4,22.0,0.8333333333333334,0.0556196666666666,55.0,0,7.857142857142857,16.497535281940024,17.0,50.0,3.6,1.0,1,1,0,True,0.3598451119590605,76,Tinggi,1,0.3598451119590605,QRIS + EDC,,,existing_bni
M0502,CV Tech Supply Maju,Electronics,computer,supplier,Bandung,Buah Batu,Ya,QRIS,1355631605.0,11.0,0.594796,0.0033301212780648,0.0299650340854778,7,40.0,0.5454545454545454,0.0540723636363636,87.0,1,7.25,21.027533312562586,6.0,67.0,4.1,2.0,1,0,1,True,0.4047810712653035,43,Tinggi,1,0.4047810712653035,QRIS,,,existing_bni
M0500,Gadget Mbak Sri,Electronics,computer,retailer,Depok,Margonda,Ya,EDC,18915272.0,5.0,0.263432,0.0015576947515196,0.0091162931099539,6,29.0,0.6,0.0526864,56.0,0,9.333333333333334,16.755480248934802,4.0,24.0,4.5,1.0,1,0,0,True,0.2567565826618868,389,Rendah,0,0.2567565826618868,QRIS + EDC,,,existing_bni
M0499,Gadget Anugrah,Electronics,gadget,retailer,Bekasi,Grand Galaxy,Ya,EDC,29857408.0,2.0,0.110548,0.0009423444290377,0.0010917415037858,14,48.0,0.5,0.055274,58.0,0,19.333333333333332,17.211943574709643,17.0,19.0,4.2,1.0,1,0,0,True,0.1643184803027649,522,Rendah,0,0.1643184803027649,QRIS + EDC,,,existing_bni
M0498,Digital Pratama,Electronics,gadget,retailer,Jakarta,Tebet,Ya,QRIS,55322772.0,2.0,0.104783,0.0010222980156846,0.0025306266193746,2,31.0,1.0,0.0523915,51.0,0,17.0,17.828695190041053,11.0,43.0,0.0,3.0,0,0,0,True,0.2924121527745089,226,Sedang,0,0.2924121527745089,QRIS,,,existing_bni
M0496,Gadget Jaya,Electronics,computer,retailer,Tangerang,Cipondoh,Ya,"EDC, QRIS",106645311.0,4.0,0.217037,0.0015383506769671,0.0043820592156566,14,48.0,0.5,0.0542592499999999,44.0,0,8.8,18.48501904504724,11.0,12.0,4.1,1.0,1,0,0,True,0.2180831127664544,483,Rendah,0,0.2180831127664544,QRIS + EDC,,,existing_bni
M0526,Komputer Maju,Electronics,accessories,retailer,Tangerang,Gading Serpong,Ya,"EDC, QRIS",12937053.0,2.0,0.112112,0.0007995686408956,0.000598696953689,13,36.0,0.5,0.056056,57.0,0,19.0,16.375606154965688,9.0,34.0,0.0,1.0,0,0,0,True,0.158007651578564,552,Rendah,0,0.158007651578564,QRIS + EDC,,,existing_bni
M0495,Digital Sentosa,Electronics,service,retailer,Jakarta,Kemang,Ya,"EDC, QRIS",258604821.0,5.0,0.278117,0.001806821845495,0.0091666037783311,11,31.0,0.4,0.0556234,47.0,0,7.833333333333333,19.370811670686575,12.0,30.0,4.2,1.0,1,0,0,True,0.2193366727009174,479,Rendah,0,0.2193366727009174,QRIS + EDC,,,existing_bni
M0523,PT Elektronik Berkah,Electronics,service,supplier,Bekasi,Kemang Pratama,Ya,EDC,173190203.0,3.0,0.189063,0.0012678508069365,0.0010363997685709,1,28.0,0.3333333333333333,0.063021,51.0,0,12.75,18.96990099360164,1.0,76.0,4.9,1.0,1,0,0,True,0.1530529790257558,564,Rendah,0,0.1530529790257558,QRIS + EDC,,,existing_bni
M0493,Toko IT Berkah,Electronics,gadget,retailer,Depok,Cimanggis,Ya,EDC,70394907.0,3.0,0.16438,0.0014070602152629,0.0037833622619676,12,67.0,0.3333333333333333,0.0547933333333333,65.0,0,16.25,18.06963148896691,8.0,12.0,3.9,2.0,1,0,0,True,0.1571203878542938,556,Rendah,0,0.1571203878542938,QRIS + EDC,,,existing_bni
M0492,Komputer Mbak Sri,Electronics,computer,retailer,Bekasi,Grand Galaxy,Ya,QRIS,248747709.0,2.0,0.10618,0.0009398522198306,0.0006137901542021,11,31.0,1.0,0.05309,52.0,0,17.333333333333332,19.33194972793045,17.0,15.0,0.0,1.0,0,1,0,True,0.2888124498086487,244,Sedang,0,0.2888124498086487,QRIS,,,existing_bni
M0491,Komputer Karya,Electronics,accessories,retailer,Depok,Cinere,Ya,"EDC, QRIS",65190520.0,3.0,0.17984,0.0014696879366912,0.0063089578145045,4,22.0,0.6666666666666666,0.0599466666666666,42.0,0,10.5,17.992824632892102,19.0,49.0,3.7,1.0,1,1,1,True,0.2446761560510433,405,Rendah,0,0.2446761560510433,QRIS + EDC,,,existing_bni
M0490,CV Grosir Sumber,Grocery,distributor,supplier,Bandung,Braga,Ya,"EDC, QRIS",595738163.0,5.0,0.289375,0.0019204828336465,0.0059115035343244,12,67.0,1.0,0.0578749999999999,59.0,0,9.833333333333334,20.205311806351727,2.0,5.0,4.1,2.0,1,0,0,True,0.3754867155106281,61,Tinggi,1,0.3754867155106281,QRIS + EDC,,,existing_bni
M0524,Komputer Abadi,Electronics,service,retailer,Bekasi,Grand Galaxy,Ya,"EDC, QRIS",109730597.0,1.0,0.051282,0.0006578404686423,0.0,10,29.0,0.0,0.051282,43.0,0,21.5,18.513538810692403,10.0,28.0,3.2,1.0,1,0,0,True,0.0125038190515447,619,Rendah,0,0.0125038190515447,QRIS + EDC,,,existing_bni
M0525,Gadget Bang Jali,Electronics,computer,retailer,Tangerang,Karawaci,Ya,QRIS,33034623.0,2.0,0.107692,0.0010101159329581,0.0004829824164214,12,67.0,0.5,0.053846,61.0,0,20.333333333333332,17.313066781513633,12.0,14.0,3.6,1.0,1,0,0,True,0.1671236793182015,517,Rendah,0,0.1671236793182015,QRIS,,,existing_bni
M0487,Swalayan Abadi,Grocery,distributor,retailer,Bandung,Setiabudhi,Ya,EDC,36692554.0,1.0,0.053333,0.0005232823215478,0.0,12,67.0,0.0,0.053333,63.0,0,31.5,17.418084431410293,6.0,17.0,3.2,2.0,1,1,1,True,0.0066081884556651,631,Rendah,0,0.0066081884556651,QRIS + EDC,,,existing_bni
M0486,CV Grosir Utama,Grocery,supermarket,supplier,Bandung,Buah Batu,Ya,EDC,94319360.0,3.0,0.170985,0.001249071627624,0.0007244736246321,14,48.0,1.0,0.056995,43.0,0,10.75,18.36219703936128,19.0,65.0,0.0,1.0,0,0,0,True,0.3172428248401069,155,Sedang,0,0.3172428248401069,QRIS + EDC,,,existing_bni
M0485,PT Distribusi Bang Jali,Grocery,supermarket,supplier,Depok,Cinere,Ya,"EDC, QRIS",160679041.0,3.0,0.165233,0.0012133321656717,0.00315950997409,10,29.0,1.0,0.0550776666666666,48.0,0,12.0,18.894919405276767,8.0,39.0,3.0,1.0,1,1,0,True,0.3151097780899692,167,Sedang,0,0.3151097780899692,QRIS + EDC,,,existing_bni
M0450,PT Distribusi Kang Asep,Grocery,minimarket,supplier,Bekasi,Kemang Pratama,Ya,"EDC, QRIS",126105470.0,2.0,0.107095,0.0008343966681182,0.0002616154755615,2,31.0,0.5,0.0535475,60.0,0,20.0,18.652629186195423,10.0,27.0,4.7,2.0,1,1,0,True,0.1591295790248582,548,Rendah,0,0.1591295790248582,QRIS + EDC,,,existing_bni
M0448,Swalayan Kang Asep,Grocery,toko_kelontong,retailer,Bekasi,Jababeka,Ya,"EDC, QRIS",28179580.0,4.0,0.219396,0.0015001528145356,0.0055392045883329,8,53.0,0.75,0.0548489999999999,43.0,0,8.6,17.15410819562306,13.0,28.0,0.0,1.0,0,0,0,True,0.2790695119476625,312,Rendah,0,0.2790695119476625,QRIS + EDC,,,existing_bni
M0376,UD Sembako Sejahtera,Grocery,supermarket,supplier,Bogor,Cibinong,Ya,"EDC, QRIS",159271674.0,23.0,1.647413,0.0049717650410464,0.0095841823258621,16,46.0,0.7391304347826086,0.071626652173913,271.0,1,11.291666666666666,18.886121949905256,14.0,81.0,0.0,5.0,0,0,1,True,0.725636519893377,14,Tinggi,1,0.725636519893377,QRIS + EDC,,,existing_bni
M0447,Toko Karya,Grocery,minimarket,retailer,Bekasi,Grand Galaxy,Ya,EDC,91325300.0,4.0,0.214237,0.0013372002296222,0.0066963499610092,3,31.0,0.75,0.05355925,67.0,0,13.4,18.32993842656135,12.0,10.0,4.8,1.0,1,1,0,True,0.2712414205543929,334,Rendah,0,0.2712414205543929,QRIS + EDC,,,existing_bni
M0409,Toko Makmur,Grocery,distributor,retailer,Jakarta,Senayan,Ya,"EDC, QRIS",73167805.0,3.0,0.17761,0.0011933714877157,0.0010565240359218,6,29.0,0.6666666666666666,0.0592033333333333,54.0,0,13.5,18.10826607344414,14.0,34.0,0.0,5.0,0,0,0,True,0.2319892316517557,432,Rendah,0,0.2319892316517557,QRIS + EDC,,,existing_bni
M0408,Mart Bersama,Grocery,toko_kelontong,retailer,Bekasi,Kemang Pratama,Ya,EDC,57762969.0,5.0,0.272162,0.0019310975398191,0.0082056700123261,12,67.0,0.6,0.0544324,69.0,0,11.5,17.871858470894487,1.0,26.0,3.2,5.0,1,0,0,True,0.2744160416517818,329,Rendah,0,0.2744160416517818,QRIS + EDC,,,existing_bni
M0407,UD Sembako Sukses,Grocery,supermarket,supplier,Bandung,Buah Batu,Ya,"EDC, QRIS",125260190.0,3.0,0.159534,0.0011797025784368,0.0029331119663924,3,31.0,0.3333333333333333,0.053178,70.0,0,17.5,18.645903659888734,4.0,14.0,3.8,1.0,1,0,0,True,0.1464101783897833,579,Rendah,0,0.1464101783897833,QRIS + EDC,,,existing_bni
M0558,PT Elektronik Mas Bro,Electronics,accessories,supplier,Jakarta,Sudirman,Ya,"EDC, QRIS",208188286.0,5.0,0.282825,0.001827367837246,0.00631901994818,1,28.0,0.6,0.056565,62.0,0,10.333333333333334,19.1539534541572,11.0,96.0,0.0,1.0,0,0,1,True,0.2706891329770936,336,Rendah,0,0.2706891329770936,QRIS + EDC,,,existing_bni
M0559,Digital Bang Jali,Electronics,service,retailer,Bogor,Bogor Tengah,Ya,QRIS,93643626.0,1.0,0.051852,0.0004841299193739,0.0,7,40.0,1.0,0.051852,55.0,0,27.5,18.35500693328411,11.0,30.0,4.8,2.0,1,0,0,True,0.2547055962066467,394,Rendah,0,0.2547055962066467,QRIS,,,existing_bni
M0560,Gadget Purnama,Electronics,service,retailer,Tangerang,BSD,Ya,QRIS,44952366.0,4.0,0.222767,0.0016159557788398,0.005337961914824,8,53.0,0.75,0.05569175,56.0,0,11.2,17.62111397600495,13.0,14.0,3.0,3.0,1,0,1,True,0.2846059854277855,275,Rendah,0,0.2846059854277855,QRIS,,,existing_bni
M0401,PT Distribusi Gemilang,Grocery,supermarket,supplier,Bogor,Tanah Sareal,Ya,"EDC, QRIS",82182905.0,7.0,0.378408,0.002609956830249,0.0120644982768596,14,48.0,0.7142857142857143,0.0540582857142857,32.0,0,4.0,18.224457882196138,19.0,78.0,4.8,1.0,1,1,0,True,0.3604741457056316,75,Tinggi,1,0.3604741457056316,QRIS + EDC,,,existing_bni
M0399,UD Sembako Anugrah,Grocery,distributor,supplier,Bekasi,Grand Galaxy,Ya,"EDC, QRIS",268501786.0,2.0,0.120629,0.0010184530662662,0.0006439765552285,5,38.0,1.0,0.0603145,44.0,0,14.666666666666666,19.408368127384527,6.0,69.0,4.1,1.0,1,1,0,True,0.2936656137553262,220,Sedang,0,0.2936656137553262,QRIS + EDC,,,existing_bni
M0397,Toko Citra,Grocery,distributor,retailer,Tangerang,BSD,Ya,EDC,14050645.0,5.0,0.282956,0.0018839637745299,0.0118984730712147,2,31.0,0.4,0.0565911999999999,45.0,0,7.5,16.45817893133473,9.0,32.0,3.6,1.0,1,0,0,True,0.2232583658152938,463,Rendah,0,0.2232583658152938,QRIS + EDC,,,existing_bni
M0396,Minimarket Citra,Grocery,supermarket,retailer,Bekasi,Jababeka,Ya,EDC,43044366.0,4.0,0.215226,0.001536082150615,0.0049908183030211,9,62.0,0.75,0.0538064999999999,65.0,0,13.0,17.57774193242535,16.0,5.0,3.2,1.0,1,0,0,True,0.2803174918128173,305,Rendah,0,0.2803174918128173,QRIS + EDC,,,existing_bni
M0393,Mart Bang Jali,Grocery,minimarket,retailer,Depok,Cinere,Ya,"EDC, QRIS",20010948.0,8.0,0.436568,0.0030833791066332,0.0124317661560133,14,48.0,0.5,0.054571,53.0,1,5.888888888888889,16.811790131722184,11.0,7.0,4.8,2.0,1,0,0,True,0.3421545275406543,107,Sedang,0,0.3421545275406543,QRIS + EDC,,,existing_bni
M0565,Komputer Makmur,Electronics,computer,retailer,Bekasi,Harapan Indah,Ya,QRIS,193558921.0,5.0,0.264629,0.0017065593385844,0.0086886524287475,5,38.0,0.6,0.0529258,50.0,0,8.333333333333334,19.081092530541376,3.0,11.0,4.9,1.0,1,0,0,True,0.2635912250997154,364,Rendah,0,0.2635912250997154,QRIS,,,existing_bni
M0566,Gadget Harmoni,Electronics,computer,retailer,Bandung,Setiabudhi,Ya,"EDC, QRIS",45477677.0,3.0,0.16444,0.0016143335600418,0.003431187583327,10,29.0,0.3333333333333333,0.0548133333333333,43.0,0,10.75,17.63273217013427,11.0,5.0,4.5,1.0,1,0,0,True,0.1664919748975089,518,Rendah,0,0.1664919748975089,QRIS + EDC,,,existing_bni
M0388,Swalayan Nusantara,Grocery,toko_kelontong,retailer,Jakarta,Menteng,Ya,EDC,355328671.0,2.0,0.1170539999999999,0.0010320487523179,0.0011621764395139,14,48.0,1.0,0.0585269999999999,48.0,0,16.0,19.688553755737036,12.0,1.0,3.9,1.0,1,0,0,True,0.2939579797790934,219,Sedang,0,0.2939579797790934,QRIS + EDC,,,existing_bni
M0567,Komputer Pak Haji,Electronics,accessories,retailer,Tangerang,Alam Sutera,Ya,QRIS,10487429.0,6.0,0.347731,0.0022808260329259,0.0099262948708273,9,62.0,0.5,0.0579551666666666,50.0,0,7.142857142857143,16.16568795512269,17.0,20.0,3.1,1.0,1,0,0,True,0.2806464080675714,302,Rendah,0,0.2806464080675714,QRIS,,,existing_bni
M0385,Mart Mulia,Grocery,minimarket,retailer,Depok,Cimanggis,Ya,QRIS,33157536.0,4.0,0.222362,0.0011912172558805,0.0033205041128971,0,39.0,0.75,0.0555905,54.0,0,10.8,17.31678060923632,8.0,49.0,4.1,1.0,1,0,1,True,0.2653765977935644,355,Rendah,0,0.2653765977935644,QRIS,,,existing_bni
M0568,Toko IT Mas Bro,Electronics,computer,retailer,Tangerang,Karawaci,Ya,"EDC, QRIS",26501776.0,1.0,0.051948,0.0005749576029111,0.0,0,39.0,1.0,0.051948,39.0,0,19.5,17.09272234531203,11.0,29.0,3.4,1.0,1,0,0,True,0.2588185268219265,381,Rendah,0,0.2588185268219265,QRIS + EDC,,,existing_bni
M0382,PT Distribusi Sejahtera,Grocery,toko_kelontong,supplier,Depok,Cinere,Ya,QRIS,182176377.0,0.0,0.0,0.0,0.0,-1,0.0,0.0,0.0,0.0,0,0.0,19.020485885647357,5.0,40.0,3.1,1.0,1,1,1,False,0.0,633,Tidak Teranalisis,0,0.0,QRIS,,,existing_bni
M0381,PT Distribusi Mandiri,Grocery,minimarket,supplier,Jakarta,Pluit,Ya,QRIS,150311824.0,1.0,0.083333,0.0007060149727987,0.0,7,40.0,0.0,0.083333,43.0,0,21.5,18.828222527609785,6.0,33.0,4.7,2.0,1,1,0,True,0.017567452902925,611,Rendah,0,0.017567452902925,QRIS,,,existing_bni
M0569,Gadget Jaya,Electronics,service,retailer,Bekasi,Jababeka,Ya,"EDC, QRIS",12191959.0,0.0,0.0,0.0,0.0,-1,0.0,0.0,0.0,0.0,0,0.0,16.31628727606329,20.0,30.0,0.0,1.0,0,0,0,False,0.0,633,Tidak Teranalisis,0,0.0,QRIS + EDC,,,existing_bni
M0379,PT Distribusi Citra,Grocery,minimarket,supplier,Bandung,Braga,Ya,"EDC, QRIS",1696515615.0,6.0,0.32784,0.0019946796874407,0.0087641184313133,3,31.0,0.6666666666666666,0.05464,90.0,0,12.857142857142858,21.251842346979675,15.0,55.0,4.3,3.0,1,0,1,True,0.3075912840343603,196,Sedang,0,0.3075912840343603,QRIS + EDC,,,existing_bni
M0570,CV Tech Supply Jaya,Electronics,gadget,supplier,Jakarta,Cempaka Putih,Ya,"EDC, QRIS",222133522.0,22.0,1.513845,0.0044674483305007,0.0049354765678062,16,46.0,0.6818181818181818,0.0688111363636363,253.0,1,11.0,19.218789213989968,3.0,67.0,4.4,1.0,1,0,0,True,0.6678688131761625,19,Tinggi,1,0.6678688131761625,QRIS + EDC,,,existing_bni
M0410,Mart Sukses,Grocery,minimarket,retailer,Bogor,Cibinong,Ya,EDC,104322221.0,6.0,0.317979,0.0020030529341363,0.010132568611174,9,62.0,0.5,0.0529965,54.0,0,7.714285714285714,18.462994955762404,17.0,26.0,3.0,1.0,1,0,1,True,0.2654148314703615,354,Rendah,0,0.2654148314703615,QRIS + EDC,,,existing_bni
M0413,UD Sembako Maju,Grocery,supermarket,supplier,Bogor,Dramaga,Ya,QRIS,86245519.0,4.0,0.221038,0.0015760234054621,0.0082408874801901,8,53.0,0.25,0.0552595,59.0,0,11.8,18.272708670497725,3.0,34.0,3.4,2.0,1,0,1,True,0.1576458114918419,555,Rendah,0,0.1576458114918419,QRIS,,,existing_bni
M0414,Minimarket Persada,Grocery,toko_kelontong,retailer,Tangerang,BSD,Ya,EDC,207348008.0,3.0,0.173131,0.0011872408495822,0.0022287626091112,9,62.0,0.6666666666666666,0.0577103333333333,48.0,0,12.0,19.149909142488543,13.0,48.0,3.4,2.0,1,0,1,True,0.2313087918614033,437,Rendah,0,0.2313087918614033,QRIS + EDC,,,existing_bni
M0544,Toko IT Maju,Electronics,accessories,retailer,Bekasi,Grand Galaxy,Ya,"EDC, QRIS",240303137.0,6.0,0.345852,0.0020063697277006,0.0068372198324654,12,67.0,0.6666666666666666,0.057642,59.0,0,8.428571428571429,19.29741175929809,18.0,5.0,0.0,1.0,0,0,0,True,0.3097418193389345,187,Sedang,0,0.3097418193389345,QRIS + EDC,,,existing_bni
M0446,Toko Utama,Grocery,supermarket,retailer,Jakarta,Tebet,Ya,EDC,119964364.0,5.0,0.296465,0.0018023016175673,0.0074761653208562,6,29.0,0.6,0.059293,60.0,0,10.0,18.60270529831213,5.0,41.0,3.4,2.0,1,0,1,True,0.270784967627824,335,Rendah,0,0.270784967627824,QRIS + EDC,,,existing_bni
M0538,Komputer Purnama,Electronics,service,retailer,Depok,Margonda,Ya,"EDC, QRIS",46450603.0,3.0,0.167433,0.0012598662650425,0.005156843508666,0,39.0,0.3333333333333333,0.055811,41.0,0,10.25,17.65390002636886,6.0,11.0,4.6,5.0,1,0,0,True,0.1507440231045861,571,Rendah,0,0.1507440231045861,QRIS + EDC,,,existing_bni
M0443,PT Distribusi Pak Haji,Grocery,supermarket,supplier,Jakarta,Senayan,Ya,EDC,56291061.0,3.0,0.164971,0.0013192283180464,0.0023696324805675,2,31.0,1.0,0.0549903333333333,56.0,0,14.0,17.846046323846,11.0,76.0,3.9,1.0,1,0,0,True,0.3198713724429528,150,Sedang,0,0.3198713724429528,QRIS + EDC,,,existing_bni
M0441,UD Sembako Gemilang,Grocery,supermarket,supplier,Depok,Sawangan,Ya,EDC,400110917.0,0.0,0.0,0.0,0.0,-1,0.0,0.0,0.0,0.0,0,0.0,19.807252361633104,11.0,30.0,3.4,1.0,1,0,0,False,0.0,633,Tidak Teranalisis,0,0.0,QRIS + EDC,,,existing_bni
M0541,Gadget Maju,Electronics,computer,retailer,Bandung,Setiabudhi,Ya,"EDC, QRIS",139297556.0,5.0,0.298946,0.0020924270083999,0.0049254144341307,14,48.0,0.4,0.0597892,52.0,0,8.666666666666666,18.752122900907803,11.0,30.0,3.7,5.0,1,0,0,True,0.2341184917052545,420,Rendah,0,0.2341184917052545,QRIS + EDC,,,existing_bni
M0439,Swalayan Sentosa,Grocery,toko_kelontong,retailer,Bogor,Tanah Sareal,Ya,QRIS,14174509.0,4.0,0.212273,0.0016767274905186,0.0038286418635071,10,29.0,0.75,0.05306825,48.0,0,9.6,16.46695583907937,5.0,31.0,3.0,1.0,1,1,0,True,0.2864069473624652,265,Rendah,0,0.2864069473624652,QRIS,,,existing_bni
M0437,PT Distribusi Bu Tini,Grocery,minimarket,supplier,Depok,Sawangan,Ya,EDC,1082882643.0,2.0,0.107387,0.0009134595431362,0.0005836037531758,11,31.0,1.0,0.0536935,31.0,0,10.333333333333334,20.80289243713616,11.0,95.0,3.7,1.0,1,0,0,True,0.287728539464094,251,Sedang,0,0.287728539464094,QRIS + EDC,,,existing_bni
M0436,Minimarket Sukses,Grocery,minimarket,retailer,Bekasi,Summarecon,Ya,EDC,70187816.0,1.0,0.061728,0.0006693060783877,0.0,14,48.0,0.0,0.061728,46.0,0,23.0,18.066685306926463,11.0,16.0,4.1,2.0,1,1,1,True,0.0139627643850815,613,Rendah,0,0.0139627643850815,QRIS + EDC,,,existing_bni
M0434,Minimarket Bu Tini,Grocery,distributor,retailer,Depok,Sawangan,Ya,QRIS,125245708.0,3.0,0.151525,0.0010755509202299,0.0040349156038537,7,40.0,0.3333333333333333,0.0505083333333333,55.0,0,13.75,18.64578803786134,15.0,15.0,0.0,1.0,0,1,1,True,0.1409824676461454,587,Rendah,0,0.1409824676461454,QRIS,,,existing_bni
M0433,Mart Pratama,Grocery,distributor,retailer,Bekasi,Kemang Pratama,Ya,QRIS,51522741.0,1.0,0.050505,0.000628773643514,0.0,2,31.0,0.0,0.050505,47.0,0,23.5,17.757533860393817,18.0,30.0,0.0,3.0,0,0,1,True,0.0111203770418414,622,Rendah,0,0.0111203770418414,QRIS,,,existing_bni
M0545,PT Elektronik Bu Tini,Electronics,service,supplier,Jakarta,Senayan,Ya,EDC,40738510.0,4.0,0.2275019999999999,0.0015906863176733,0.0046285814907051,10,29.0,0.5,0.0568755,63.0,0,12.6,17.522684419248666,12.0,22.0,0.0,2.0,0,1,0,True,0.2213905875968248,473,Rendah,0,0.2213905875968248,QRIS + EDC,,,existing_bni
M0415,Mart Barokah,Grocery,toko_kelontong,retailer,Jakarta,Kelapa Gading,Ya,EDC,88550415.0,2.0,0.111549,0.0008953681402001,0.0013885744472115,0,39.0,1.0,0.0557745,55.0,0,18.333333333333332,18.299082620092868,3.0,27.0,0.0,1.0,0,1,0,True,0.2872858922782541,255,Rendah,0,0.2872858922782541,QRIS + EDC,,,existing_bni
M0428,Swalayan Bersama,Grocery,minimarket,retailer,Jakarta,Senayan,Ya,EDC,121745859.0,6.0,0.340162,0.0023575522447225,0.0085628757578044,0,39.0,1.0,0.0566936666666666,57.0,0,8.142857142857142,18.617446315242045,2.0,16.0,0.0,1.0,0,0,0,True,0.4084317620029151,38,Tinggi,1,0.4084317620029151,QRIS + EDC,,,existing_bni
M0546,Toko IT Indonesia,Electronics,service,retailer,Bandung,Setiabudhi,Ya,"EDC, QRIS",32049568.0,4.0,0.236583,0.0017275218597779,0.0057957889970568,7,40.0,0.5,0.05914575,49.0,0,9.8,17.282794293502622,15.0,48.0,3.4,2.0,1,0,1,True,0.2283917563467998,450,Rendah,0,0.2283917563467998,QRIS + EDC,,,existing_bni
M0548,Gadget Harmoni,Electronics,service,retailer,Bekasi,Grand Galaxy,Ya,QRIS,54693703.0,1.0,0.057143,0.0005807824378299,0.0,14,48.0,1.0,0.057143,58.0,0,29.0,17.817259160219187,1.0,3.0,3.0,5.0,1,0,0,True,0.2595496362228971,378,Rendah,0,0.2595496362228971,QRIS,,,existing_bni
M0424,Minimarket Pak Haji,Grocery,distributor,retailer,Bandung,Setiabudhi,Ya,QRIS,157417781.0,3.0,0.152632,0.00098612405399,0.0042764068120644,10,29.0,0.6666666666666666,0.0508773333333333,49.0,0,12.25,18.874413860882964,14.0,8.0,5.0,2.0,1,0,0,True,0.2203745207739005,476,Rendah,0,0.2203745207739005,QRIS,,,existing_bni
M0423,Toko Bu Tini,Grocery,toko_kelontong,retailer,Depok,Cinere,Ya,QRIS,52479452.0,2.0,0.109686,0.000857638053341,0.0010213065680577,7,40.0,0.5,0.054843,43.0,0,14.333333333333334,17.775932279527495,6.0,43.0,0.0,1.0,0,1,0,True,0.1604131653576281,544,Rendah,0,0.1604131653576281,QRIS,,,existing_bni
M0550,Toko IT Utama,Electronics,computer,retailer,Bandung,Braga,Ya,"EDC, QRIS",38126240.0,3.0,0.181612,0.0015546609630714,0.0035066535858928,0,39.0,1.0,0.0605373333333333,55.0,0,13.75,17.456413343181755,13.0,41.0,0.0,5.0,0,1,0,True,0.3320088147908042,125,Sedang,0,0.3320088147908042,QRIS + EDC,,,existing_bni
M0551,CV Tech Supply Mulia,Electronics,computer,supplier,Jakarta,Pluit,Ya,EDC,315374642.0,5.0,0.274137,0.0015817404830822,0.0068824994340049,3,31.0,1.0,0.0548274,81.0,0,13.5,19.569271832939123,11.0,15.0,3.6,1.0,1,1,1,True,0.3588073207945576,79,Tinggi,1,0.3588073207945576,QRIS + EDC,,,existing_bni
M0419,Minimarket Gemilang,Grocery,toko_kelontong,retailer,Tangerang,BSD,Ya,EDC,189778368.0,2.0,0.1086169999999999,0.0009060577193981,0.0009961512338691,12,67.0,0.5,0.0543084999999999,62.0,0,20.666666666666668,19.061367470311296,5.0,5.0,4.5,1.0,1,0,0,True,0.1625048515506141,535,Rendah,0,0.1625048515506141,QRIS + EDC,,,existing_bni
M0552,Komputer Sukses,Electronics,gadget,retailer,Bogor,Bogor Tengah,Ya,QRIS,57075784.0,3.0,0.158697,0.0011183922235689,0.0034462807838402,11,31.0,1.0,0.052899,50.0,0,12.5,17.859890504118226,19.0,7.0,4.1,1.0,1,0,1,True,0.310230991598398,186,Sedang,0,0.310230991598398,QRIS,,,existing_bni
M0553,CV Tech Supply Abadi,Electronics,gadget,supplier,Bekasi,Harapan Indah,Ya,"EDC, QRIS",748982104.0,11.0,0.615196,0.0027256457225129,0.0250295575176716,16,46.0,0.8181818181818182,0.0559269090909091,111.0,1,9.25,20.43422564934027,14.0,65.0,3.1,1.0,1,0,0,True,0.4474854666647508,27,Tinggi,1,0.4474854666647508,QRIS + EDC,,,existing_bni
M0416,Swalayan Purnama,Grocery,distributor,retailer,Bekasi,Summarecon,Ya,QRIS,33476763.0,2.0,0.132234,0.0009263243696643,9.559026991673584e-05,0,39.0,0.0,0.066117,72.0,0,24.0,17.326362144194945,20.0,32.0,3.6,5.0,1,0,0,True,0.0405477698971073,596,Rendah,0,0.0405477698971073,QRIS,,,existing_bni
M0231,Fashion Purnama,Fashion,textile,retailer,Depok,Cimanggis,Ya,EDC,34027175.0,3.0,0.156567,0.0011512469038058,0.0034462807838402,2,31.0,0.3333333333333333,0.052189,52.0,0,13.0,17.342670057432652,8.0,42.0,0.0,1.0,0,0,1,True,0.1448571056125924,581,Rendah,0,0.1448571056125924,QRIS + EDC,,,existing_bni
M0258,Fashion Sumber,Fashion,accessories,retailer,Bandung,Setiabudhi,Ya,EDC,34729411.0,0.0,0.0,0.0,0.0,-1,0.0,0.0,0.0,0.0,0,0.0,17.363097493969388,18.0,9.0,4.2,5.0,1,0,0,False,0.0,633,Tidak Teranalisis,0,0.0,QRIS + EDC,,,existing_bni
M0229,Toko Baju Utama,Fashion,footwear,retailer,Bekasi,Jababeka,Ya,"EDC, QRIS",34491609.0,4.0,0.218941,0.0016519864133426,0.0054788317862802,14,48.0,0.25,0.05473525,55.0,0,11.0,17.356226664020696,6.0,30.0,3.2,2.0,1,0,1,True,0.1608895258442118,540,Rendah,0,0.1608895258442118,QRIS + EDC,,,existing_bni
M0093,Kedai Prima,F&B,catering,retailer,Bogor,Tanah Sareal,Ya,EDC,34905403.0,3.0,0.160346,0.0015436568577535,0.0039192010665861,8,53.0,0.3333333333333333,0.0534486666666666,48.0,0,12.0,17.368152217592684,11.0,30.0,0.0,3.0,0,0,1,True,0.162929529871461,532,Rendah,0,0.162929529871461,QRIS + EDC,,,existing_bni
M0668,PT Otomotif Utama,Automotive,dealer,supplier,Bandung,Braga,Ya,EDC,980128644.0,3.0,0.163538,0.0012016545574639,0.0043971524161698,9,62.0,0.3333333333333333,0.0545126666666666,45.0,0,11.25,20.70319439142185,11.0,76.0,4.0,2.0,1,0,0,True,0.1477627645286022,574,Rendah,0,0.1477627645286022,QRIS + EDC,,,existing_bni
M0105,Bakery Sumber,F&B,bakery,retailer,Bandung,Buah Batu,Ya,QRIS,56788412.0,3.0,0.173381,0.0013499316735459,0.001579754987045,14,48.0,1.0,0.0577936666666666,48.0,0,12.0,17.854842866402393,6.0,50.0,3.4,2.0,1,0,0,True,0.3220162483166091,145,Sedang,0,0.3220162483166091,QRIS,,,existing_bni
M0104,RM Gemilang,F&B,catering,retailer,Bogor,Tanah Sareal,Ya,QRIS,31894701.0,4.0,0.236651,0.0018213556285322,0.0042864689457399,7,40.0,0.75,0.05916275,53.0,0,10.6,17.27795047245731,18.0,32.0,5.0,1.0,1,0,0,True,0.2951380028278366,215,Sedang,0,0.2951380028278366,QRIS,,,existing_bni
M0669,UD Oli Bang Jali,Automotive,bengkel,supplier,Bogor,Sentul,Ya,"EDC, QRIS",35294021.0,5.0,0.290286,0.0016960568596682,0.006590697557417,5,38.0,0.4,0.0580571999999999,82.0,0,13.666666666666666,17.379224159120533,8.0,54.0,3.2,3.0,1,0,0,True,0.2154274977434836,492,Rendah,0,0.2154274977434836,QRIS + EDC,,,existing_bni
M0102,Bakery Surya,F&B,bakery,retailer,Bandung,Dago,Ya,QRIS,44966090.0,3.0,0.1591489999999999,0.0011854399133941,0.0019671471335496,3,31.0,1.0,0.0530496666666666,38.0,0,9.5,17.621419230352316,16.0,30.0,0.0,1.0,0,0,0,True,0.3133014255235166,176,Sedang,0,0.3133014255235166,QRIS,,,existing_bni
M0670,Toko Sparepart Pak Haji,Automotive,dealer,retailer,Depok,Sawangan,Ya,QRIS,175360807.0,2.0,0.113951,0.0008896435927069,0.0012326113752421,6,29.0,1.0,0.0569755,51.0,0,17.0,18.982356169377542,2.0,4.0,0.0,1.0,0,0,1,True,0.2872435552047178,257,Rendah,0,0.2872435552047178,QRIS,,,existing_bni
M0100,Toko Grosir Jaya,F&B,warung,supplier,Tangerang,Gading Serpong,Ya,EDC,243914983.0,2.0,0.122115,0.0011162765531908,9.559026991673584e-05,14,48.0,1.0,0.0610575,36.0,0,12.0,19.312330296313444,1.0,87.0,3.8,1.0,1,0,1,True,0.2982198612881275,212,Sedang,0,0.2982198612881275,QRIS + EDC,,,existing_bni
M0671,Auto Utama,Automotive,sparepart,retailer,Depok,Cinere,Ya,QRIS,201535615.0,1.0,0.057143,0.0006898234617662,0.0,12,67.0,1.0,0.057143,37.0,0,18.5,19.12147667807423,12.0,11.0,4.4,1.0,1,0,1,True,0.2644769373524937,359,Rendah,0,0.2644769373524937,QRIS,,,existing_bni
M0672,Bengkel Jaya,Automotive,bengkel,retailer,Jakarta,Tebet,Ya,"EDC, QRIS",10159794.0,2.0,0.116295,0.0010723765109797,0.0016552209896108,7,40.0,0.5,0.0581475,43.0,0,14.333333333333334,16.133948822745694,19.0,12.0,3.5,1.0,1,0,1,True,0.1707119330094375,511,Rendah,0,0.1707119330094375,QRIS + EDC,,,existing_bni
M0096,Kafe Purnama,F&B,restaurant,retailer,Bekasi,Grand Galaxy,Ya,EDC,17589919.0,3.0,0.165445,0.0011170425162466,0.0021382034060322,5,38.0,1.0,0.0551483333333333,64.0,0,16.0,16.68283656866474,19.0,30.0,0.0,1.0,0,0,1,True,0.3107777750973199,185,Sedang,0,0.3107777750973199,QRIS + EDC,,,existing_bni
M0095,UD Supplier Pak Haji,F&B,warung,supplier,Bekasi,Grand Galaxy,Ya,QRIS,215035454.0,3.0,0.171175,0.0012118054002462,0.001614972454909,8,53.0,0.6666666666666666,0.0570583333333333,66.0,0,16.5,19.18631347947302,17.0,50.0,3.8,1.0,1,0,1,True,0.2322426332567387,429,Rendah,0,0.2322426332567387,QRIS,,,existing_bni
M0674,Auto Surya,Automotive,dealer,retailer,Jakarta,Kelapa Gading,Ya,EDC,47002117.0,0.0,0.0,0.0,0.0,-1,0.0,0.0,0.0,0.0,0,0.0,17.665703222488776,18.0,18.0,0.0,1.0,0,0,0,False,0.0,633,Tidak Teranalisis,0,0.0,QRIS + EDC,,,existing_bni
M0666,Toko Sparepart Surya,Automotive,sparepart,retailer,Bandung,Setiabudhi,Ya,EDC,72260427.0,2.0,0.115428,0.0009297150608302,0.0008250949613865,8,53.0,0.5,0.057714,55.0,0,18.333333333333332,18.09578720672186,12.0,43.0,4.3,1.0,1,0,1,True,0.1641873175606024,524,Rendah,0,0.1641873175606024,QRIS + EDC,,,existing_bni
M0675,PT Otomotif Maju,Automotive,dealer,supplier,Jakarta,Senayan,Ya,"EDC, QRIS",95438311.0,6.0,0.324062,0.002059532802042,0.0132467989837244,14,48.0,0.8333333333333334,0.0540103333333333,80.0,0,11.428571428571429,18.373990649092917,5.0,5.0,3.4,1.0,1,0,0,True,0.3518482327692847,88,Tinggi,1,0.3518482327692847,QRIS + EDC,,,existing_bni
M0090,Toko Grosir Mbak Sri,F&B,restaurant,supplier,Bogor,Dramaga,Ya,EDC,443679914.0,3.0,0.159995,0.0012406091280458,0.0018313083289311,9,62.0,0.6666666666666666,0.0533316666666666,69.0,0,17.25,19.910613948252205,4.0,30.0,4.4,2.0,1,0,0,True,0.2325372529242516,426,Rendah,0,0.2325372529242516,QRIS + EDC,,,existing_bni
M0089,Warung Barokah,F&B,cafe,retailer,Depok,Cimanggis,Ya,EDC,40760165.0,2.0,0.103137,0.0008037961536283,0.0012929841772947,9,62.0,1.0,0.0515685,51.0,0,17.0,17.52321583893072,8.0,33.0,0.0,3.0,0,1,0,True,0.2823903294993101,294,Rendah,0,0.2823903294993101,QRIS + EDC,,,existing_bni
M0088,Dapur Jaya,F&B,catering,retailer,Bandung,Setiabudhi,Ya,QRIS,88266923.0,4.0,0.215201,0.001644671176373,0.0060724976731315,0,39.0,0.25,0.05380025,42.0,0,8.4,18.295876008762622,14.0,39.0,4.2,1.0,1,0,1,True,0.1602221165536544,545,Rendah,0,0.1602221165536544,QRIS,,,existing_bni
M0087,Warung Mbak Sri,F&B,restaurant,retailer,Bogor,Bogor Tengah,Ya,EDC,149657799.0,1.0,0.050505,0.0015822784810126,0.0,15,2.0,1.0,0.050505,47.0,0,23.5,18.823861912521803,5.0,13.0,3.5,1.0,1,0,0,True,0.3042069631108363,204,Sedang,0,0.3042069631108363,QRIS + EDC,,,existing_bni
M0086,RM Makmur,F&B,bakery,retailer,Jakarta,Tebet,Ya,"EDC, QRIS",41800491.0,6.0,0.331101,0.0023951880478092,0.0102432520816039,5,38.0,0.8333333333333334,0.0551835,57.0,0,8.142857142857142,17.548418667760643,8.0,37.0,4.5,2.0,1,0,0,True,0.3676496676185445,66,Tinggi,1,0.3676496676185445,QRIS + EDC,,,existing_bni
M0676,PT Otomotif Pak Haji,Automotive,bengkel,supplier,Bandung,Buah Batu,Ya,EDC,157943297.0,8.0,0.445631,0.0024404708066737,0.0172301461524916,0,39.0,0.25,0.055703875,64.0,1,7.111111111111111,18.877746653163044,10.0,81.0,4.1,3.0,1,1,0,True,0.2514193297061242,398,Rendah,0,0.2514193297061242,QRIS + EDC,,,existing_bni
M0084,Bakery Pak Haji,F&B,restaurant,retailer,Bekasi,Kemang Pratama,Ya,QRIS,41183852.0,4.0,0.212947,0.0017208795260894,0.0050210047040474,14,48.0,1.0,0.05323675,54.0,0,10.8,17.5335568200243,14.0,15.0,3.8,1.0,1,0,0,True,0.3509627767607404,91,Tinggi,1,0.3509627767607404,QRIS,,,existing_bni
M0083,Warung Bersama,F&B,warung,retailer,Depok,Cinere,Ya,QRIS,248289171.0,4.0,0.230726,0.0015893143358016,0.0064045480844213,12,67.0,0.75,0.0576815,61.0,0,12.2,19.330104640989457,9.0,30.0,3.6,1.0,1,0,0,True,0.2841189677210083,278,Rendah,0,0.2841189677210083,QRIS,,,existing_bni
M0082,RM Mas Bro,F&B,bakery,retailer,Tangerang,Cipondoh,Ya,QRIS,90548965.0,4.0,0.212499,0.0015024595063667,0.0087037456292606,5,38.0,0.5,0.05312475,54.0,0,10.8,18.32140132312303,11.0,36.0,4.8,3.0,1,0,0,True,0.2160525522587567,489,Rendah,0,0.2160525522587567,QRIS,,,existing_bni
M0081,CV Bahan Sukses,F&B,cafe,supplier,Jakarta,Pluit,Ya,QRIS,246842858.0,3.0,0.18532,0.0012458439134095,0.0017659044600407,8,53.0,0.6666666666666666,0.0617733333333333,44.0,0,11.0,19.324262493751625,20.0,34.0,5.0,1.0,1,0,1,True,0.2350547523076674,417,Rendah,0,0.2350547523076674,QRIS,,,existing_bni
M0667,Toko Sparepart Mandiri,Automotive,sparepart,retailer,Bekasi,Jababeka,Ya,"EDC, QRIS",52196213.0,3.0,0.176791,0.0012222006304816,0.0015596307196941,12,67.0,0.6666666666666666,0.0589303333333333,37.0,0,9.25,17.770520521486898,11.0,30.0,4.5,2.0,1,0,0,True,0.233218186104006,423,Rendah,0,0.233218186104006,QRIS + EDC,,,existing_bni
M0665,UD Oli Mas Bro,Automotive,bengkel,supplier,Tangerang,Gading Serpong,Ya,"EDC, QRIS",166369765.0,4.0,0.232707,0.0011339832944894,0.0028123663622871,16,46.0,0.5,0.05817675,80.0,0,16.0,18.92972337513136,15.0,30.0,0.0,3.0,0,0,0,True,0.201222078255911,505,Rendah,0,0.201222078255911,QRIS + EDC,,,existing_bni
M0079,Kedai Barokah,F&B,cafe,retailer,Tangerang,BSD,Ya,EDC,71312679.0,2.0,0.105823,0.0009273456277567,0.0023394460795411,4,22.0,0.0,0.0529115,42.0,0,14.0,18.082584709685047,19.0,29.0,4.8,1.0,1,0,0,True,0.0382151530550403,598,Rendah,0,0.0382151530550403,QRIS + EDC,,,existing_bni
M0126,Resto Pak Haji,F&B,warung,retailer,Bekasi,Kemang Pratama,Ya,EDC,471490760.0,12.0,0.648309,0.003839997813533,0.0430005282620179,9,62.0,0.6666666666666666,0.05402575,69.0,1,5.3076923076923075,19.97141006493594,20.0,32.0,0.0,2.0,0,0,0,True,0.4715646497873905,23,Tinggi,1,0.4715646497873905,QRIS + EDC,,,existing_bni
M0141,CV Bahan Citra,F&B,restaurant,supplier,Bekasi,Harapan Indah,Ya,EDC,352996234.0,3.0,0.15458,0.001276826961037,0.0032198827761426,8,53.0,1.0,0.0515266666666666,33.0,0,8.25,19.681967949118313,1.0,93.0,4.9,5.0,1,0,0,True,0.3170194689288824,157,Sedang,0,0.3170194689288824,QRIS + EDC,,,existing_bni
M0139,PT Distributor Jaya,F&B,cafe,supplier,Tangerang,Karawaci,Ya,EDC,564140433.0,2.0,0.105493,0.0008576921238299,0.0022237315422735,2,31.0,0.0,0.0527465,93.0,0,31.0,20.15081377492176,1.0,9.0,0.0,1.0,0,0,0,True,0.0350379568689588,603,Rendah,0,0.0350379568689588,QRIS + EDC,,,existing_bni
M0138,Warung Purnama,F&B,bakery,retailer,Tangerang,Karawaci,Ya,EDC,49138069.0,8.0,0.448188,0.0028471819474813,0.0131864261816718,8,53.0,0.625,0.0560235,51.0,1,5.666666666666667,17.710144648746727,13.0,31.0,4.3,2.0,1,0,0,True,0.363777928011107,70,Tinggi,1,0.363777928011107,QRIS + EDC,,,existing_bni
M0137,Dapur Abadi,F&B,restaurant,retailer,Bandung,Cihampelas,Ya,"EDC, QRIS",32445490.0,5.0,0.262321,0.0017239082187493,0.0098307046009106,8,53.0,0.8,0.0524642,53.0,0,8.833333333333334,17.29507203922541,11.0,2.0,0.0,2.0,0,0,0,True,0.3141673040745976,171,Sedang,0,0.3141673040745976,QRIS + EDC,,,existing_bni
M0136,Resto Prima,F&B,restaurant,retailer,Bekasi,Grand Galaxy,Ya,EDC,264920665.0,6.0,0.314594,0.002175462452196,0.0184791084949563,8,53.0,0.6666666666666666,0.0524323333333333,56.0,0,8.0,19.39494096554437,13.0,6.0,4.2,1.0,1,1,1,True,0.3145673913255878,169,Sedang,0,0.3145673913255878,QRIS + EDC,,,existing_bni
M0651,Toko Sparepart Indonesia,Automotive,sparepart,retailer,Depok,Sawangan,Ya,QRIS,346731230.0,4.0,0.216755,0.0013375758057975,0.0069780897039217,5,38.0,1.0,0.0541887499999999,59.0,0,11.8,19.664060487359688,9.0,39.0,4.8,2.0,1,1,0,True,0.3339851811669008,119,Sedang,0,0.3339851811669008,QRIS,,,existing_bni
M0652,Bengkel Pratama,Automotive,dealer,retailer,Bogor,Sentul,Ya,EDC,180982070.0,2.0,0.116549,0.0009366405098255,0.0009508716323296,2,31.0,1.0,0.0582745,51.0,0,17.0,19.013908529075184,1.0,7.0,0.0,1.0,0,0,0,True,0.2896012272536762,236,Sedang,0,0.2896012272536762,QRIS + EDC,,,existing_bni
M0132,Resto Buana,F&B,restaurant,retailer,Bogor,Bogor Tengah,Ya,"EDC, QRIS",69839246.0,6.0,0.318628,0.0019559781103631,0.0113702110532538,3,31.0,0.8333333333333334,0.0531046666666666,50.0,0,7.142857142857143,18.061706687650556,11.0,4.0,4.2,1.0,1,0,0,True,0.3466794205656021,99,Sedang,0,0.3466794205656021,QRIS + EDC,,,existing_bni
M0130,Toko Grosir Pak Haji,F&B,cafe,supplier,Depok,Cinere,Ya,"EDC, QRIS",196705742.0,11.0,0.604037,0.0027742553395713,0.0255779438029834,16,46.0,0.6363636363636364,0.0549124545454545,103.0,1,8.583333333333334,19.097219479679385,20.0,21.0,4.8,1.0,1,0,0,True,0.4032224127009989,45,Tinggi,1,0.4032224127009989,QRIS + EDC,,,existing_bni
M0653,Toko Sparepart Bu Tini,Automotive,dealer,retailer,Tangerang,Cipondoh,Ya,"EDC, QRIS",51546773.0,3.0,0.172957,0.0012549023722629,0.0013986365808869,7,40.0,0.3333333333333333,0.0576523333333333,54.0,0,13.5,17.75800018644963,20.0,21.0,3.9,1.0,1,0,0,True,0.1510172480085524,570,Rendah,0,0.1510172480085524,QRIS + EDC,,,existing_bni
M0128,Bakery Prima,F&B,restaurant,retailer,Jakarta,Sudirman,Ya,EDC,39441615.0,1.0,0.05,0.0006732165958634,0.0,12,67.0,0.0,0.05,53.0,0,26.5,17.490332060490143,2.0,13.0,4.3,1.0,1,0,0,True,0.0130831630299473,616,Rendah,0,0.0130831630299473,QRIS + EDC,,,existing_bni
M0125,Resto Indonesia,F&B,bakery,retailer,Bekasi,Harapan Indah,Ya,"EDC, QRIS",111348043.0,3.0,0.1733869999999999,0.0012680673196111,0.0010213065680577,12,67.0,0.3333333333333333,0.0577956666666666,66.0,0,16.5,18.528171385280764,9.0,46.0,0.0,2.0,0,0,1,True,0.1516508691568476,567,Rendah,0,0.1516508691568476,QRIS + EDC,,,existing_bni
M0664,Motor Mulia,Automotive,bengkel,retailer,Tangerang,Alam Sutera,Ya,QRIS,40261961.0,7.0,0.369204,0.0024743176935576,0.0139008376726284,6,29.0,0.2857142857142857,0.0527434285714285,55.0,0,6.875,17.510917710222472,14.0,44.0,3.1,1.0,1,0,0,True,0.2463731042239957,403,Rendah,0,0.2463731042239957,QRIS,,,existing_bni
M0124,UD Supplier Utama,F&B,warung,supplier,Jakarta,Kemang,Ya,QRIS,95871484.0,29.0,1.818024,0.005874110532853,0.0401126958971649,16,46.0,0.7241379310344828,0.0626904827586206,252.0,1,8.4,18.37851915465889,19.0,49.0,4.0,3.0,1,0,0,True,0.8297538068464299,3,Tinggi,1,0.8297538068464299,QRIS,,,existing_bni
M0655,UD Oli Bersama,Automotive,dealer,supplier,Jakarta,Kelapa Gading,Ya,EDC,2305786898.0,7.0,0.374119,0.0019972092399308,0.0120544361431841,7,40.0,1.0,0.0534455714285714,96.0,0,12.0,21.558687842987943,2.0,92.0,4.5,2.0,1,0,1,True,0.4038278317307647,44,Tinggi,1,0.4038278317307647,QRIS + EDC,,,existing_bni
M0656,Toko Sparepart Persada,Automotive,sparepart,retailer,Bekasi,Jababeka,Ya,EDC,69254355.0,6.0,0.339105,0.0020512858456262,0.0089452368374713,11,31.0,0.6666666666666666,0.0565175,46.0,0,6.571428571428571,18.053296603580517,1.0,26.0,3.2,2.0,1,1,0,True,0.3111637870260261,183,Sedang,0,0.3111637870260261,QRIS + EDC,,,existing_bni
M0120,CV Bahan Anugrah,F&B,cafe,supplier,Tangerang,Gading Serpong,Ya,"EDC, QRIS",537020284.0,7.0,0.386988,0.0017495370935532,0.0064649208864739,16,46.0,0.7142857142857143,0.055284,92.0,0,11.5,20.10154642643381,14.0,14.0,4.6,3.0,1,0,1,True,0.3223666276926928,143,Sedang,0,0.3223666276926928,QRIS + EDC,,,existing_bni
M0118,Bakery Mbak Sri,F&B,restaurant,retailer,Jakarta,Menteng,Ya,"EDC, QRIS",22935345.0,6.0,0.324658,0.0019438644701767,0.0110431917088018,10,29.0,0.6666666666666666,0.0541096666666666,70.0,0,10.0,16.948189772012544,14.0,2.0,4.0,2.0,1,0,0,True,0.3050084729527365,203,Sedang,0,0.3050084729527365,QRIS + EDC,,,existing_bni
M0117,Kedai Pratama,F&B,warung,retailer,Jakarta,Pluit,Ya,QRIS,63640422.0,3.0,0.171406,0.0012112158219965,0.0024400674162956,4,22.0,0.6666666666666666,0.0571353333333333,54.0,0,13.5,17.96875940817481,11.0,50.0,4.7,1.0,1,0,0,True,0.2322367971613483,430,Rendah,0,0.2322367971613483,QRIS,,,existing_bni
M0228,Butik Sukses,Fashion,clothing,retailer,Bekasi,Summarecon,Ya,QRIS,24891319.0,0.0,0.0,0.0,0.0,-1,0.0,0.0,0.0,0.0,0,0.0,17.03002970628428,12.0,24.0,0.0,1.0,0,0,0,False,0.0,633,Tidak Teranalisis,0,0.0,QRIS,,,existing_bni
M0659,Motor Pak Haji,Automotive,dealer,retailer,Bogor,Tanah Sareal,Ya,"EDC, QRIS",78473871.0,4.0,0.217091,0.0015046957121628,0.0072397051794833,7,40.0,0.75,0.05427275,67.0,0,13.4,18.178276286584524,5.0,48.0,3.6,2.0,1,0,0,True,0.2790671896302141,313,Rendah,0,0.2790671896302141,QRIS + EDC,,,existing_bni
M0661,UD Oli Harmoni,Automotive,bengkel,supplier,Bandung,Dago,Ya,EDC,185965251.0,1.0,0.061224,0.000783413004102,0.0,3,31.0,0.0,0.061224,32.0,0,16.0,19.04107039702067,20.0,61.0,0.0,5.0,0,0,0,True,0.0190735875364682,610,Rendah,0,0.0190735875364682,QRIS + EDC,,,existing_bni
M0662,PT Otomotif Harmoni,Automotive,dealer,supplier,Bogor,Sentul,Ya,QRIS,189995861.0,4.0,0.21289,0.0014162343647774,0.0052222473775564,4,22.0,0.75,0.0532225,58.0,0,11.6,19.062512850940227,11.0,75.0,0.0,3.0,0,0,0,True,0.2746914621543204,327,Rendah,0,0.2746914621543204,QRIS,,,existing_bni
M0663,PT Otomotif Prima,Automotive,dealer,supplier,Bogor,Cibinong,Ya,EDC,286657128.0,4.0,0.206848,0.0012153747986821,0.0078887128015495,14,48.0,0.75,0.0517119999999999,74.0,0,14.8,19.473797387059996,4.0,87.0,4.8,1.0,1,0,0,True,0.2650709162762047,356,Rendah,0,0.2650709162762047,QRIS + EDC,,,existing_bni
M0080,Dapur Berkah,F&B,warung,retailer,Bekasi,Kemang Pratama,Ya,"EDC, QRIS",10975630.0,5.0,0.269951,0.001902906208795,0.0064070636178401,7,40.0,0.6,0.0539902,48.0,0,8.0,16.211188009578013,12.0,21.0,4.6,1.0,1,0,1,True,0.272943004734594,331,Rendah,0,0.272943004734594,QRIS + EDC,,,existing_bni
M0677,Bengkel Bu Tini,Automotive,bengkel,retailer,Jakarta,Cempaka Putih,Ya,EDC,24166591.0,3.0,0.161687,0.0010283993334033,0.0017306869921766,1,28.0,0.6666666666666666,0.0538956666666666,56.0,0,14.0,17.00048174149685,5.0,43.0,4.2,3.0,1,0,0,True,0.2231003973551066,464,Rendah,0,0.2231003973551066,QRIS + EDC,,,existing_bni
M0143,Kedai Citra,F&B,warung,retailer,Bogor,Tanah Sareal,Ya,"EDC, QRIS",15452248.0,6.0,0.334882,0.0024041359341464,0.0088697708349055,5,38.0,0.5,0.0558136666666666,71.0,0,10.142857142857142,16.553265117057318,4.0,15.0,3.2,1.0,1,0,1,True,0.2850612118222401,273,Rendah,0,0.2850612118222401,QRIS + EDC,,,existing_bni
M0698,CV Sparepart Persada,Automotive,bengkel,supplier,Jakarta,Pluit,Ya,EDC,108158590.0,2.0,0.108188,0.0008105983187548,0.0009559026991673,9,62.0,1.0,0.054094,57.0,0,19.0,18.499109143177034,1.0,44.0,4.1,1.0,1,1,1,True,0.2831526324194465,285,Rendah,0,0.2831526324194465,QRIS + EDC,,,existing_bni
M0028,Resto Mulia,F&B,catering,retailer,Jakarta,Pluit,Ya,"EDC, QRIS",92076307.0,6.0,0.3226259999999999,0.0019057411204412,0.0062284607451009,9,62.0,0.6666666666666666,0.053771,56.0,0,8.0,18.338128226004983,19.0,40.0,0.0,1.0,0,0,1,True,0.3031027540721434,206,Sedang,0,0.3031027540721434,QRIS + EDC,,,existing_bni
M0027,Resto Pratama,F&B,restaurant,retailer,Bekasi,Kemang Pratama,Ya,EDC,23303305.0,5.0,0.291379,0.0018592708620438,0.004955600835157,9,62.0,0.6,0.0582758,60.0,0,10.0,16.964105796882738,20.0,5.0,4.2,1.0,1,0,0,True,0.2729011886936254,332,Rendah,0,0.2729011886936254,QRIS + EDC,,,existing_bni
M0026,Dapur Bu Tini,F&B,bakery,retailer,Tangerang,Gading Serpong,Ya,"EDC, QRIS",72553177.0,3.0,0.17043,0.001166052506236,0.0019621160667119,0,39.0,0.6666666666666666,0.05681,46.0,0,11.5,18.09983034060801,6.0,7.0,3.4,2.0,1,1,0,True,0.2301080701511903,442,Rendah,0,0.2301080701511903,QRIS + EDC,,,existing_bni
M0025,CV Bahan Abadi,F&B,cafe,supplier,Jakarta,Menteng,Ya,EDC,190372611.0,21.0,1.449167,0.0041739969987557,0.0008200638945488,16,46.0,0.7619047619047619,0.0690079523809523,271.0,1,12.318181818181818,19.064493825437108,20.0,19.0,3.7,5.0,1,0,1,True,0.6601840430641133,20,Tinggi,1,0.6601840430641133,QRIS + EDC,,,existing_bni
M0699,Motor Pratama,Automotive,sparepart,retailer,Bekasi,Harapan Indah,Ya,QRIS,150824024.0,3.0,0.172768,0.0013823261609117,0.001941991799361,2,31.0,0.3333333333333333,0.0575893333333333,60.0,0,15.0,18.831624317824655,19.0,17.0,3.4,1.0,1,0,1,True,0.1567581992785904,557,Rendah,0,0.1567581992785904,QRIS,,,existing_bni
M0022,UD Supplier Mas Bro,F&B,catering,supplier,Bekasi,Grand Galaxy,Ya,QRIS,245640332.0,0.0,0.0,0.0,0.0,-1,0.0,0.0,0.0,0.0,0,0.0,19.319378963066956,17.0,77.0,4.6,1.0,1,0,0,False,0.0,633,Tidak Teranalisis,0,0.0,QRIS,,,existing_bni
M0020,Kafe Sentosa,F&B,bakery,retailer,Jakarta,Tebet,Ya,EDC,18419614.0,4.0,0.213699,0.0014783184519634,0.0050411289713983,14,48.0,0.75,0.05342475,52.0,0,10.4,16.72892668737865,2.0,15.0,3.8,1.0,1,0,1,True,0.2775697568296361,318,Rendah,0,0.2775697568296361,QRIS + EDC,,,existing_bni
M0700,CV Sparepart Sukses,Automotive,accessories,supplier,Bogor,Bogor Tengah,Ya,EDC,253805374.0,26.0,1.875965,0.005565840112616,0.0135687872613387,16,46.0,0.6923076923076923,0.0721525,341.0,1,12.62962962962963,19.352078291113298,14.0,58.0,3.4,5.0,1,0,0,True,0.7872227648156185,8,Tinggi,1,0.7872227648156185,QRIS + EDC,,,existing_bni
M0018,Kafe Mas Bro,F&B,warung,retailer,Bekasi,Jababeka,Ya,EDC,87122227.0,0.0,0.0,0.0,0.0,-1,0.0,0.0,0.0,0.0,0,0.0,18.282822610183,11.0,39.0,0.0,1.0,0,0,0,False,0.0,633,Tidak Teranalisis,0,0.0,QRIS + EDC,,,existing_bni
M0015,Dapur Kang Asep,F&B,warung,retailer,Depok,Sawangan,Ya,EDC,13902426.0,3.0,0.155423,0.0010394043177867,0.0083817573516464,3,31.0,0.6666666666666666,0.0518076666666666,49.0,0,12.25,16.447573987175907,2.0,27.0,4.5,2.0,1,0,0,True,0.2230335050902456,465,Rendah,0,0.2230335050902456,QRIS + EDC,,,existing_bni
M0696,Auto Anugrah,Automotive,accessories,retailer,Bogor,Bogor Tengah,Ya,EDC,49694668.0,3.0,0.167954,0.0011690325111216,0.003375845848112,2,31.0,0.6666666666666666,0.0559846666666666,60.0,0,15.0,17.72140822173222,3.0,10.0,4.4,1.0,1,0,0,True,0.2300197229840561,443,Rendah,0,0.2300197229840561,QRIS + EDC,,,existing_bni
M0012,Resto Barokah,F&B,restaurant,retailer,Bekasi,Grand Galaxy,Ya,QRIS,43178067.0,3.0,0.166558,0.0011470720651734,0.0036726787915377,13,36.0,1.0,0.0555193333333333,56.0,0,14.0,17.580843239113396,11.0,23.0,0.0,1.0,0,0,1,True,0.3122349828576647,180,Sedang,0,0.3122349828576647,QRIS,,,existing_bni
M0011,Kafe Mulia,F&B,warung,retailer,Bogor,Dramaga,Ya,"EDC, QRIS",43268008.0,2.0,0.113608,0.0008907186229235,0.0009156541644655,4,22.0,1.0,0.056804,47.0,0,15.666666666666666,17.58292409773821,5.0,36.0,3.8,1.0,1,1,0,True,0.2872612401774486,256,Rendah,0,0.2872612401774486,QRIS + EDC,,,existing_bni
M0010,Dapur Pratama,F&B,catering,retailer,Bogor,Cibinong,Ya,QRIS,106996217.0,3.0,0.191391,0.001328173295923,0.0011621764395139,8,53.0,0.0,0.063797,64.0,0,16.0,18.488304046007112,11.0,30.0,3.1,2.0,1,0,0,True,0.0726551500789795,590,Rendah,0,0.0726551500789795,QRIS,,,existing_bni
M0704,pt distributor prima,F&B,bakery,supplier,Tangerang,Cipondoh,Ya,"EDC, QRIS",444307840.0,25.0,1.593569,0.0052164352589347,0.0353784620028677,16,46.0,0.68,0.06374276,225.0,1,8.653846153846153,19.912028215736008,11.0,30.0,4.5,1.0,1,0,0,True,0.7343017693485225,13,Tinggi,1,0.7343017693485225,QRIS + EDC,,,existing_bni
M0705,dapur persada,F&B,restaurant,retailer,Jakarta,Thamrin,Ya,"EDC, QRIS",137659034.0,2.0,0.101546,0.0007426632577104,0.0009659648328428,12,67.0,0.5,0.050773,52.0,0,17.333333333333332,18.740290424885224,16.0,39.0,5.0,1.0,1,0,0,True,0.1544845843086631,562,Rendah,0,0.1544845843086631,QRIS + EDC,,,existing_bni
M0007,Dapur Mandiri,F&B,catering,retailer,Jakarta,Tebet,Ya,EDC,271994263.0,3.0,0.178026,0.001650807049059,0.005992000603728,13,36.0,0.3333333333333333,0.059342,64.0,0,16.0,19.421291535802617,14.0,6.0,0.0,1.0,0,0,1,True,0.169363777070672,515,Rendah,0,0.169363777070672,QRIS + EDC,,,existing_bni
M0005,Dapur Jaya,F&B,catering,retailer,Bekasi,Harapan Indah,Ya,"EDC, QRIS",53183670.0,3.0,0.177573,0.001261093174198,0.0013533569793474,4,22.0,0.6666666666666666,0.0591909999999999,45.0,0,11.25,17.789261971107123,15.0,6.0,3.7,1.0,1,0,0,True,0.2350460789969801,418,Rendah,0,0.2350460789969801,QRIS + EDC,,,existing_bni
M0004,Bakery Persada,F&B,cafe,retailer,Depok,Cimanggis,Ya,"EDC, QRIS",258582893.0,1.0,0.05042,0.0005450110454348,0.0,5,38.0,1.0,0.05042,54.0,0,27.0,19.37072687362224,17.0,26.0,4.7,1.0,1,0,0,True,0.2573276913538735,386,Rendah,0,0.2573276913538735,QRIS + EDC,,,existing_bni
M0707,Kedai Maju ,F&B,restaurant,retailer,Bekasi,Summarecon,Ya,EDC,262099014.0,4.0,0.219058,0.0019465629628318,0.0050612532387492,4,22.0,1.0,0.0547645,45.0,0,9.0,19.38423291017898,16.0,29.0,3.7,1.0,1,0,0,True,0.3617112681758831,73,Tinggi,1,0.3617112681758831,QRIS + EDC,,,existing_bni
M0031,CV Bahan Sukses,F&B,warung,supplier,Bekasi,Summarecon,Ya,"EDC, QRIS",181839449.0,2.0,0.102084,0.0007508389787421,0.0014036676477247,9,62.0,1.0,0.051042,53.0,0,17.666666666666668,19.018634712866945,6.0,60.0,5.0,1.0,1,0,1,True,0.2799024816000908,309,Rendah,0,0.2799024816000908,QRIS + EDC,,,existing_bni
M0034,PT Distributor Sukses,F&B,bakery,supplier,Bogor,Dramaga,Ya,EDC,126257149.0,5.0,0.275738,0.0014207701120559,0.0037682690614544,11,31.0,0.4,0.0551476,103.0,0,17.166666666666668,18.653831258179483,19.0,22.0,0.0,1.0,0,1,0,True,0.2016776551976599,504,Rendah,0,0.2016776551976599,QRIS + EDC,,,existing_bni
M0077,RM Utama,F&B,catering,retailer,Bekasi,Harapan Indah,Ya,QRIS,71010787.0,3.0,0.170622,0.0011984299427,0.0027972731617739,2,31.0,0.6666666666666666,0.056874,63.0,0,15.75,18.07834236712529,18.0,46.0,3.0,1.0,1,0,1,True,0.2315884213932327,435,Rendah,0,0.2315884213932327,QRIS,,,existing_bni
M0053,Toko Grosir Nusantara,F&B,catering,supplier,Tangerang,Karawaci,Ya,"EDC, QRIS",171220438.0,22.0,1.616222,0.0046443248081801,0.0025809372877518,16,46.0,0.6818181818181818,0.0734646363636363,288.0,1,12.521739130434783,18.958462401228136,16.0,35.0,0.0,1.0,0,0,1,True,0.6850822455749169,18,Tinggi,1,0.6850822455749169,QRIS + EDC,,,existing_bni
M0076,Resto Maju,F&B,bakery,retailer,Depok,Sawangan,Ya,QRIS,137579467.0,4.0,0.231316,0.001553285185834,0.0040550398712046,3,31.0,0.75,0.057829,48.0,0,9.6,18.73971225721355,6.0,46.0,3.8,1.0,1,0,1,True,0.2825440369015749,293,Rendah,0,0.2825440369015749,QRIS,,,existing_bni
M0075,RM Maju,F&B,bakery,retailer,Bogor,Cibinong,Ya,EDC,6213465.0,6.0,0.335593,0.0020166392294562,0.0090659824415767,9,62.0,0.6666666666666666,0.0559321666666666,57.0,0,8.142857142857142,15.642229430256991,3.0,16.0,0.0,2.0,0,0,1,True,0.3092818738897586,191,Sedang,0,0.3092818738897586,QRIS + EDC,,,existing_bni
M0678,Bengkel Harmoni,Automotive,dealer,retailer,Bandung,Setiabudhi,Ya,"EDC, QRIS",317835146.0,6.0,0.327476,0.0020045404722966,0.0079138681357381,1,28.0,0.3333333333333333,0.0545793333333333,46.0,0,6.571428571428571,19.577043400665403,2.0,9.0,4.2,1.0,1,0,0,True,0.2246707513446374,458,Rendah,0,0.2246707513446374,QRIS + EDC,,,existing_bni
M0679,Motor Anugrah,Automotive,sparepart,retailer,Bogor,Cibinong,Ya,"EDC, QRIS",152413922.0,1.0,0.05102,0.0005713102580197,0.0,7,40.0,1.0,0.05102,50.0,0,25.0,18.842110555311624,4.0,7.0,0.0,1.0,0,0,0,True,0.2585701297256567,382,Rendah,0,0.2585701297256567,QRIS + EDC,,,existing_bni
M0681,Toko Sparepart Buana,Automotive,sparepart,retailer,Jakarta,Cempaka Putih,Ya,"EDC, QRIS",125712090.0,3.0,0.170585,0.0015125389640156,0.0052272784443941,2,31.0,0.3333333333333333,0.0568616666666666,50.0,0,12.5,18.649504858274277,11.0,18.0,3.1,1.0,1,1,1,True,0.1624455853784736,536,Rendah,0,0.1624455853784736,QRIS + EDC,,,existing_bni
M0066,Dapur Jaya,F&B,bakery,retailer,Depok,Margonda,Ya,"EDC, QRIS",222539690.0,5.0,0.262751,0.0016573412562659,0.0077226875959047,8,53.0,0.8,0.0525502,52.0,0,8.666666666666666,19.22061603017844,4.0,11.0,4.0,1.0,1,0,0,True,0.3111980323372973,182,Sedang,0,0.3111980323372973,QRIS + EDC,,,existing_bni
M0062,Dapur Makmur,F&B,warung,retailer,Bogor,Sentul,Ya,QRIS,55556269.0,7.0,0.371616,0.0025251336385814,0.0135486629939878,7,40.0,0.5714285714285714,0.0530879999999999,52.0,0,6.5,17.832906938967557,9.0,31.0,0.0,5.0,0,0,1,True,0.3203151678696268,148,Sedang,0,0.3203151678696268,QRIS,,,existing_bni
M0061,Warung Makmur,F&B,warung,retailer,Bandung,Dago,Ya,"EDC, QRIS",42658759.0,6.0,0.341632,0.0020613748824985,0.0110381606419641,0,39.0,0.5,0.0569386666666666,50.0,0,7.142857142857143,17.5687432035433,17.0,37.0,4.2,1.0,1,0,0,True,0.2701806194603652,337,Rendah,0,0.2701806194603652,QRIS + EDC,,,existing_bni
M0055,Resto Purnama,F&B,catering,retailer,Depok,Cinere,Ya,EDC,166066616.0,1.0,0.06,0.000657354792145,0.0,13,36.0,1.0,0.06,41.0,0,20.5,18.92789957304752,5.0,35.0,3.5,1.0,1,1,0,True,0.2632670784215618,365,Rendah,0,0.2632670784215618,QRIS + EDC,,,existing_bni
M0051,RM Maju,F&B,catering,retailer,Tangerang,Cipondoh,Ya,QRIS,87896941.0,2.0,0.10961,0.0010389268406923,0.000779815359847,0,39.0,1.0,0.054805,61.0,0,20.333333333333332,18.291675572516674,7.0,43.0,3.2,3.0,1,1,0,True,0.2935983237220165,221,Sedang,0,0.2935983237220165,QRIS,,,existing_bni
M0689,Toko Sparepart Lestari,Automotive,accessories,retailer,Tangerang,Cipondoh,Ya,QRIS,124505938.0,3.0,0.171118,0.001408497404745,0.0042260961436872,13,36.0,1.0,0.0570393333333333,65.0,0,16.25,18.63986397554254,3.0,30.0,4.2,3.0,1,0,1,True,0.3244588704991661,140,Sedang,0,0.3244588704991661,QRIS,,,existing_bni
M0690,UD Oli Barokah,Automotive,accessories,supplier,Bekasi,Jababeka,Ya,EDC,419851085.0,13.0,0.734785,0.0031269577000012,0.0284255276331346,16,46.0,0.6923076923076923,0.056521923076923,109.0,1,7.785714285714286,19.855410649228585,14.0,81.0,4.7,1.0,1,0,1,True,0.4621636831351102,25,Tinggi,1,0.4621636831351102,QRIS + EDC,,,existing_bni
M0692,Auto Harmoni,Automotive,bengkel,retailer,Depok,Margonda,Ya,"EDC, QRIS",186398390.0,4.0,0.219779,0.0016924992632095,0.0041154126732573,13,36.0,0.75,0.05494475,52.0,0,10.4,19.043396828204266,1.0,48.0,3.9,2.0,1,0,0,True,0.2877956802315408,250,Sedang,0,0.2877956802315408,QRIS + EDC,,,existing_bni
M0046,Kedai Lestari,F&B,catering,retailer,Depok,Cinere,Ya,QRIS,34350949.0,5.0,0.275695,0.0017385006305869,0.0064749830201494,9,62.0,0.8,0.055139,44.0,0,7.333333333333333,17.35214023272764,2.0,41.0,4.7,3.0,1,0,1,True,0.3160312588458947,162,Sedang,0,0.3160312588458947,QRIS,,,existing_bni
M0044,RM Maju,F&B,bakery,retailer,Bekasi,Kemang Pratama,Ya,"EDC, QRIS",50073709.0,3.0,0.176594,0.0012166334440878,0.0006389454883908,1,28.0,1.0,0.0588646666666666,76.0,0,19.0,17.729006677826362,8.0,17.0,3.6,2.0,1,0,0,True,0.3162822084587285,160,Sedang,0,0.3162822084587285,QRIS + EDC,,,existing_bni
M0041,Warung Buana,F&B,restaurant,retailer,Bandung,Buah Batu,Ya,"EDC, QRIS",127626670.0,2.0,0.1,0.0008173599795107,0.0017155937916635,8,53.0,1.0,0.05,50.0,0,16.666666666666668,18.664619927409426,11.0,35.0,0.0,1.0,0,0,1,True,0.2827207052759661,292,Rendah,0,0.2827207052759661,QRIS + EDC,,,existing_bni
M0040,Dapur Berkah,F&B,cafe,retailer,Bandung,Cihampelas,Ya,QRIS,78387506.0,2.0,0.111456,0.0009391900240016,0.0007747842930093,9,62.0,0.5,0.055728,45.0,0,15.0,18.177175123133363,11.0,32.0,3.8,2.0,1,0,0,True,0.1642577213649471,523,Rendah,0,0.1642577213649471,QRIS,,,existing_bni
M0039,Bakery Nusantara,F&B,restaurant,retailer,Tangerang,Alam Sutera,Ya,QRIS,19868230.0,4.0,0.221984,0.001837969787071,0.0070686489070007,8,53.0,0.5,0.055496,55.0,0,11.0,16.80463258187825,15.0,30.0,3.6,1.0,1,0,1,True,0.2320677408772644,431,Rendah,0,0.2320677408772644,QRIS,,,existing_bni
M0695,CV Sparepart Harmoni,Automotive,dealer,supplier,Jakarta,Cempaka Putih,Ya,"EDC, QRIS",472940907.0,5.0,0.283568,0.0020163515784653,0.0055291424546575,2,31.0,0.6,0.0567135999999999,81.0,0,13.5,19.974481008419215,16.0,30.0,3.5,1.0,1,0,0,True,0.2792957728087149,311,Rendah,0,0.2792957728087149,QRIS + EDC,,,existing_bni
M0037,Kafe Mulia,F&B,restaurant,retailer,Jakarta,Cempaka Putih,Ya,EDC,79238847.0,5.0,0.291022,0.0018991847597148,0.0041657233416345,1,28.0,0.6,0.0582044,48.0,0,8.0,18.18797724157688,16.0,1.0,0.0,1.0,0,0,1,True,0.2746726475606993,328,Rendah,0,0.2746726475606993,QRIS + EDC,,,existing_bni
M0036,Resto Sentosa,F&B,cafe,retailer,Bekasi,Summarecon,Ya,"EDC, QRIS",21883439.0,1.0,0.054945,0.0006539061905657,0.0,4,22.0,1.0,0.054945,51.0,0,25.5,16.901240744366678,9.0,9.0,3.5,1.0,1,0,1,True,0.2626559546886414,367,Rendah,0,0.2626559546886414,QRIS + EDC,,,existing_bni
M0142,Bakery Bersama,F&B,catering,retailer,Depok,Cimanggis,Ya,QRIS,212920300.0,5.0,0.293339,0.0017362320012104,0.0074308857193167,12,67.0,0.8,0.0586678,61.0,0,10.166666666666666,19.17642847994433,10.0,46.0,4.3,1.0,1,0,1,True,0.3175178907714054,153,Sedang,0,0.3175178907714054,QRIS,,,existing_bni
M0658,Motor Anugrah,Automotive,accessories,retailer,Tangerang,Alam Sutera,Ya,QRIS,64249687.0,4.0,0.234189,0.0014264764112383,0.0022539179432998,8,53.0,0.75,0.05854725,49.0,0,9.8,17.978287425696685,14.0,2.0,4.3,1.0,1,0,0,True,0.277072617021353,322,Rendah,0,0.277072617021353,QRIS,,,existing_bni
M0190,Warung Mas Bro,F&B,catering,retailer,Bogor,Tanah Sareal,Ya,EDC,16795767.0,5.0,0.265861,0.001724109176862,0.0071189595753779,14,48.0,0.8,0.0531722,50.0,0,8.333333333333334,16.63663750787825,1.0,26.0,3.5,1.0,1,0,0,True,0.3144952228043413,170,Sedang,0,0.3144952228043413,QRIS + EDC,,,existing_bni
M0186,Kedai Barokah,F&B,restaurant,retailer,Bogor,Tanah Sareal,Ya,QRIS,124847112.0,2.0,0.111349,0.000921809743282,0.0006439765552285,9,62.0,0.5,0.0556745,59.0,0,19.666666666666668,18.6426004506742,11.0,25.0,4.1,2.0,1,0,1,True,0.163462711166976,526,Rendah,0,0.163462711166976,QRIS,,,existing_bni
M0198,Warung Anugrah,F&B,bakery,retailer,Bogor,Cibinong,Ya,EDC,75402621.0,8.0,0.483452,0.0027372870978701,0.0091011999094407,1,28.0,0.375,0.0604315,52.0,1,5.777777777777778,18.138352606909372,14.0,46.0,3.2,1.0,1,0,1,True,0.2994881745848422,211,Sedang,0,0.2994881745848422,QRIS + EDC,,,existing_bni
M0632,UD Oli Surya,Automotive,dealer,supplier,Depok,Cinere,Ya,QRIS,1000374488.0,6.0,0.325677,0.0015456569434036,0.0074459789198299,0,39.0,0.5,0.0542795,90.0,0,12.857142857142858,20.723640255842906,11.0,52.0,3.3,1.0,1,0,1,True,0.2454395461455916,404,Rendah,0,0.2454395461455916,QRIS,,,existing_bni
M0196,Bakery Anugrah,F&B,catering,retailer,Tangerang,Alam Sutera,Ya,EDC,92876911.0,2.0,0.107143,0.0008497374499563,0.0023042286116771,3,31.0,1.0,0.0535715,53.0,0,17.666666666666668,18.34678564760052,1.0,43.0,4.2,1.0,1,0,0,True,0.2848271152174108,274,Rendah,0,0.2848271152174108,QRIS + EDC,,,existing_bni
M0195,UD Supplier Surya,F&B,restaurant,supplier,Tangerang,Alam Sutera,Ya,EDC,337996041.0,5.0,0.284166,0.0017934808763426,0.0128594068372198,11,31.0,0.6,0.0568331999999999,51.0,0,8.5,19.638544743319557,2.0,30.0,0.0,2.0,0,0,0,True,0.2692786429930359,341,Rendah,0,0.2692786429930359,QRIS + EDC,,,existing_bni
M0635,Toko Sparepart Mulia,Automotive,dealer,retailer,Jakarta,Thamrin,Ya,QRIS,26406112.0,8.0,0.465106,0.0027370714597823,0.0160641964128493,6,29.0,0.75,0.05813825,49.0,1,5.444444444444445,17.089106094342583,13.0,42.0,4.1,1.0,1,0,1,True,0.3915760574185167,48,Tinggi,1,0.3915760574185167,QRIS,,,existing_bni
M0191,Kedai Mandiri,F&B,bakery,retailer,Bandung,Buah Batu,Ya,QRIS,43931253.0,6.0,0.308565,0.0019336378812995,0.016632706965512,8,53.0,0.8333333333333334,0.0514275,50.0,0,7.142857142857143,17.598136560957705,4.0,38.0,4.4,2.0,1,0,1,True,0.3447635731289644,100,Sedang,0,0.3447635731289644,QRIS,,,existing_bni
M0189,Bakery Lestari,F&B,catering,retailer,Tangerang,Karawaci,Ya,"EDC, QRIS",30642106.0,5.0,0.266225,0.0015999769046988,0.0121148089452368,9,62.0,1.0,0.053245,58.0,0,9.666666666666666,17.23788566679091,2.0,39.0,3.5,2.0,1,0,1,True,0.3589187689945713,78,Tinggi,1,0.3589187689945713,QRIS + EDC,,,existing_bni
M0188,PT Distributor Jaya,F&B,restaurant,supplier,Bogor,Sentul,Ya,"EDC, QRIS",277612515.0,6.0,0.329044,0.0016015470174454,0.0077075943953915,6,29.0,0.6666666666666666,0.0548406666666666,99.0,0,14.142857142857142,19.441736872035893,1.0,73.0,0.0,1.0,0,0,0,True,0.2899350068769514,235,Sedang,0,0.2899350068769514,QRIS + EDC,,,existing_bni
M0187,PT Distributor Maju,F&B,warung,supplier,Bandung,Dago,Ya,EDC,429696670.0,2.0,0.10323,0.0008170963489558,0.000779815359847,3,31.0,1.0,0.051615,29.0,0,9.666666666666666,19.87859010144968,18.0,48.0,3.2,1.0,1,0,1,True,0.2829997095287535,288,Rendah,0,0.2829997095287535,QRIS + EDC,,,existing_bni
M0636,Bengkel Sumber,Automotive,accessories,retailer,Jakarta,Kuningan,Ya,"EDC, QRIS",14807272.0,3.0,0.171976,0.0011701726080532,0.001941991799361,6,29.0,0.6666666666666666,0.0573253333333333,47.0,0,11.75,16.51062903694653,8.0,38.0,4.9,1.0,1,0,0,True,0.2304334915284329,441,Rendah,0,0.2304334915284329,QRIS + EDC,,,existing_bni
M0200,UD Supplier Pratama,F&B,warung,supplier,Tangerang,Alam Sutera,Ya,EDC,117932591.0,4.0,0.219475,0.0016514096009443,0.0073151711820491,13,36.0,0.75,0.0548687499999999,54.0,0,10.8,18.585623764964783,11.0,51.0,4.2,2.0,1,0,0,True,0.2859115569709555,268,Rendah,0,0.2859115569709555,QRIS + EDC,,,existing_bni
M0184,Warung Mas Bro,F&B,warung,retailer,Jakarta,Kemang,Ya,EDC,101363657.0,1.0,0.078947,0.0007513038584939,0.0,3,31.0,0.0,0.078947,62.0,0,31.0,18.434225182513018,15.0,12.0,3.9,2.0,1,1,1,True,0.0192189137457582,609,Rendah,0,0.0192189137457582,QRIS + EDC,,,existing_bni
M0183,Kafe Mbak Sri,F&B,restaurant,retailer,Bogor,Sentul,Ya,EDC,25045300.0,2.0,0.119471,0.0010450695047266,0.0004678892159082,5,38.0,1.0,0.0597355,52.0,0,17.333333333333332,17.036196783068572,13.0,16.0,0.0,1.0,0,0,0,True,0.2947640486481159,216,Sedang,0,0.2947640486481159,QRIS + EDC,,,existing_bni
M0182,RM Sentosa,F&B,warung,retailer,Depok,Sawangan,Ya,"EDC, QRIS",30357622.0,0.0,0.0,0.0,0.0,-1,0.0,0.0,0.0,0.0,0,0.0,17.228558213618943,13.0,30.0,4.8,1.0,1,0,1,False,0.0,633,Tidak Teranalisis,0,0.0,QRIS + EDC,,,existing_bni
M0181,RM Mbak Sri,F&B,cafe,retailer,Bekasi,Harapan Indah,Ya,"EDC, QRIS",115306068.0,4.0,0.215022,0.0015188648219941,0.0062183986114255,7,40.0,0.5,0.0537555,48.0,0,9.6,18.563100620454204,9.0,11.0,4.6,1.0,1,0,0,True,0.2170211085083511,487,Rendah,0,0.2170211085083511,QRIS + EDC,,,existing_bni
M0180,RM Indonesia,F&B,catering,retailer,Jakarta,Menteng,Ya,"EDC, QRIS",759485850.0,2.0,0.110345,0.0007998768557021,0.0003722989459914,6,29.0,1.0,0.0551725,66.0,0,22.0,20.44815225046515,1.0,30.0,3.4,1.0,1,0,1,True,0.282862430306202,290,Rendah,0,0.282862430306202,QRIS + EDC,,,existing_bni
M0637,PT Otomotif Utama,Automotive,dealer,supplier,Jakarta,Thamrin,Ya,EDC,568513983.0,4.0,0.222549,0.0015561600044642,0.0040902573390687,8,53.0,0.5,0.05563725,55.0,0,11.0,20.158536468917426,9.0,16.0,3.0,3.0,1,0,1,True,0.2193843238145368,478,Rendah,0,0.2193843238145368,QRIS + EDC,,,existing_bni
M0178,Kedai Jaya,F&B,warung,retailer,Bandung,Setiabudhi,Ya,EDC,242904924.0,1.0,0.0625,0.000642709184095,0.0,13,36.0,0.0,0.0625,43.0,0,21.5,19.308180669600524,7.0,47.0,3.9,1.0,1,0,1,True,0.0128304467037908,618,Rendah,0,0.0128304467037908,QRIS + EDC,,,existing_bni
M0177,Dapur Nusantara,F&B,restaurant,retailer,Bandung,Buah Batu,Ya,EDC,66432815.0,2.0,0.103571,0.0007856464459485,0.000271677609237,0,39.0,1.0,0.0517855,61.0,0,20.333333333333332,18.0117017092292,11.0,36.0,0.0,1.0,0,0,1,True,0.281609277110606,298,Rendah,0,0.281609277110606,QRIS + EDC,,,existing_bni
M0639,Motor Sejahtera,Automotive,bengkel,retailer,Bogor,Dramaga,Ya,"EDC, QRIS",20563643.0,5.0,0.266611,0.0015913149940546,0.0112293411817976,9,62.0,1.0,0.0533222,50.0,0,8.333333333333334,16.83903522020064,12.0,6.0,0.0,5.0,0,0,1,True,0.3585621240663945,80,Tinggi,1,0.3585621240663945,QRIS + EDC,,,existing_bni
M0631,Motor Barokah,Automotive,accessories,retailer,Tangerang,Karawaci,Ya,"EDC, QRIS",14314475.0,2.0,0.110426,0.0009317052595101,0.0007295046914698,14,48.0,0.5,0.055213,52.0,0,17.333333333333332,16.476781890884542,18.0,20.0,3.3,3.0,1,1,0,True,0.1638267336682522,525,Rendah,0,0.1638267336682522,QRIS + EDC,,,existing_bni
M0204,Kedai Sukses,F&B,warung,retailer,Depok,Cinere,Ya,"EDC, QRIS",169509892.0,4.0,0.205444,0.001543817074853,0.0053429929816617,4,22.0,1.0,0.0513609999999999,42.0,0,8.4,18.948421848863273,8.0,29.0,0.0,1.0,0,0,1,True,0.3422859769711533,106,Sedang,0,0.3422859769711533,QRIS + EDC,,,existing_bni
M0173,Warung Buana,F&B,cafe,retailer,Tangerang,Cipondoh,Ya,EDC,61258211.0,3.0,0.176714,0.0012508720344539,0.0025105023520237,14,48.0,0.3333333333333333,0.0589046666666666,52.0,0,13.0,17.930608471871455,8.0,16.0,0.0,2.0,0,0,0,True,0.1511735092553709,569,Rendah,0,0.1511735092553709,QRIS + EDC,,,existing_bni
M0626,Auto Purnama,Automotive,bengkel,retailer,Depok,Sawangan,Ya,QRIS,41446164.0,2.0,0.103652,0.0009257064864107,0.0008754056297637,13,36.0,0.5,0.051826,50.0,0,16.666666666666668,17.539905914155465,20.0,31.0,4.7,1.0,1,0,1,True,0.1629455482983468,531,Rendah,0,0.1629455482983468,QRIS,,,existing_bni
M0227,UD Kain Harmoni,Fashion,accessories,supplier,Depok,Cimanggis,Ya,QRIS,309795826.0,30.0,2.270564,0.0070226774599166,0.0235265262999018,16,46.0,0.8,0.0756854666666666,391.0,1,12.612903225806452,19.55142401587569,3.0,15.0,3.7,1.0,1,0,0,True,0.95,1,Tinggi,1,0.95,QRIS,,,existing_bni
M0226,PT Tekstil Indonesia,Fashion,textile,supplier,Bogor,Dramaga,Ya,"EDC, QRIS",703206028.0,7.0,0.384609,0.0021888625646282,0.0199129625437073,10,29.0,0.7142857142857143,0.0549441428571428,69.0,0,8.625,20.37116047796174,19.0,78.0,3.9,1.0,1,0,0,True,0.3420044172564843,108,Sedang,0,0.3420044172564843,QRIS + EDC,,,existing_bni
M0224,Toko Baju Jaya,Fashion,textile,retailer,Depok,Cinere,Ya,QRIS,15379649.0,3.0,0.171488,0.0013793469780631,0.0017005005911503,12,67.0,0.6666666666666666,0.0571626666666666,48.0,0,12.0,16.548555764955783,18.0,45.0,0.0,2.0,0,1,0,True,0.2398416244911151,411,Rendah,0,0.2398416244911151,QRIS,,,existing_bni
M0223,Outlet Bu Tini,Fashion,clothing,retailer,Tangerang,Alam Sutera,Ya,"EDC, QRIS",121768732.0,8.0,0.456512,0.0027056670451749,0.0181973687520438,9,62.0,0.625,0.057064,52.0,1,5.777777777777778,18.617634172567435,14.0,46.0,4.3,5.0,1,0,0,True,0.3581329300067264,81,Tinggi,1,0.3581329300067264,QRIS + EDC,,,existing_bni
M0222,CV Konveksi Bang Jali,Fashion,textile,supplier,Bogor,Sentul,Ya,QRIS,66067522.0,0.0,0.0,0.0,0.0,-1,0.0,0.0,0.0,0.0,0,0.0,18.006187852762945,18.0,27.0,3.5,5.0,1,1,0,False,0.0,633,Tidak Teranalisis,0,0.0,QRIS,,,existing_bni
M0221,CV Konveksi Bang Jali,Fashion,footwear,supplier,Jakarta,Senayan,Ya,EDC,1874723189.0,0.0,0.0,0.0,0.0,-1,0.0,0.0,0.0,0.0,0,0.0,21.351726853470108,8.0,98.0,4.7,1.0,1,0,0,False,0.0,633,Tidak Teranalisis,0,0.0,QRIS + EDC,,,existing_bni
M0219,Fashion Anugrah,Fashion,accessories,retailer,Depok,Margonda,Ya,QRIS,42421794.0,3.0,0.157369,0.0012216397518863,0.0035519331874323,13,36.0,0.6666666666666666,0.0524563333333333,49.0,0,12.25,17.56317282115134,18.0,31.0,4.9,5.0,1,0,0,True,0.2314435560350579,436,Rendah,0,0.2314435560350579,QRIS,,,existing_bni
M0218,UD Kain Anugrah,Fashion,accessories,supplier,Jakarta,Kemang,Ya,QRIS,243479939.0,13.0,0.703528,0.0039231739461767,0.0467184866550952,11,31.0,0.6923076923076923,0.0541175384615384,93.0,1,6.642857142857143,19.310545115163155,10.0,46.0,0.0,1.0,0,0,0,True,0.495327546035069,22,Tinggi,1,0.495327546035069,QRIS,,,existing_bni
M0217,Fashion Mulia,Fashion,clothing,retailer,Bogor,Tanah Sareal,Ya,QRIS,32751434.0,3.0,0.154464,0.0010289894326343,0.0051266571076396,8,53.0,0.3333333333333333,0.051488,51.0,0,12.75,17.3044573358795,11.0,11.0,4.7,1.0,1,0,1,True,0.1391431737396636,588,Rendah,0,0.1391431737396636,QRIS,,,existing_bni
M0627,CV Sparepart Sukses,Automotive,dealer,supplier,Bekasi,Jababeka,Ya,QRIS,133327110.0,12.0,0.677825,0.0034810426117894,0.0271426055895152,13,36.0,0.6666666666666666,0.0564854166666666,114.0,1,8.76923076923077,18.708316147815182,15.0,90.0,4.9,1.0,1,0,0,True,0.4580027528644041,26,Tinggi,1,0.4580027528644041,QRIS,,,existing_bni
M0205,PT Distributor Gemilang,F&B,warung,supplier,Bandung,Buah Batu,Ya,"EDC, QRIS",97744208.0,24.0,1.709623,0.0051860877370627,0.0121751817472895,16,46.0,0.75,0.0712342916666666,260.0,1,10.4,18.397864512108065,7.0,80.0,3.3,1.0,1,0,0,True,0.7522624080791858,12,Tinggi,1,0.7522624080791858,QRIS + EDC,,,existing_bni
M0214,PT Tekstil Kang Asep,Fashion,textile,supplier,Bekasi,Grand Galaxy,Ya,"EDC, QRIS",495517387.0,4.0,0.243585,0.0014910186583946,0.0016803763237994,3,31.0,1.0,0.06089625,61.0,0,12.2,20.02111300294505,8.0,33.0,4.2,5.0,1,0,1,True,0.3433353971390059,102,Sedang,0,0.3433353971390059,QRIS + EDC,,,existing_bni
M0213,Toko Baju Sejahtera,Fashion,footwear,retailer,Depok,Sawangan,Ya,QRIS,154948225.0,2.0,0.123124,0.0011674747800192,0.0006993182904434,13,36.0,0.5,0.061562,45.0,0,15.0,18.858601593278024,11.0,37.0,3.6,1.0,1,1,0,True,0.1756242636057663,509,Rendah,0,0.1756242636057663,QRIS,,,existing_bni
M0628,Auto Sukses,Automotive,accessories,retailer,Jakarta,Cempaka Putih,Ya,EDC,58632034.0,4.0,0.218905,0.0014780476459338,0.0042160340100118,13,36.0,0.5,0.05472625,56.0,0,11.2,17.886791777531293,18.0,39.0,0.0,2.0,0,1,0,True,0.2155264096433175,491,Rendah,0,0.2155264096433175,QRIS + EDC,,,existing_bni
M0211,Outlet Maju,Fashion,footwear,retailer,Tangerang,Cipondoh,Ya,EDC,109759422.0,6.0,0.3176339999999999,0.0021188568341403,0.013417855256207,1,28.0,0.3333333333333333,0.0529389999999999,51.0,0,7.285714285714286,18.513801465003834,20.0,37.0,4.5,2.0,1,0,0,True,0.228949990820349,445,Rendah,0,0.228949990820349,QRIS + EDC,,,existing_bni
M0629,PT Otomotif Mbak Sri,Automotive,bengkel,supplier,Bogor,Sentul,Ya,QRIS,307682796.0,3.0,0.158127,0.0010311284054233,0.0040449777375292,3,31.0,0.6666666666666666,0.052709,72.0,0,18.0,19.544579930377047,19.0,9.0,0.0,5.0,0,0,1,True,0.2229030782827812,467,Rendah,0,0.2229030782827812,QRIS,,,existing_bni
M0209,RM Mulia,F&B,cafe,retailer,Jakarta,Pluit,Ya,"EDC, QRIS",104379402.0,3.0,0.1849279999999999,0.0016673386671453,0.0053228687143108,12,67.0,1.0,0.0616426666666666,61.0,0,15.25,18.463542924676695,3.0,41.0,3.3,1.0,1,0,0,True,0.3373991115952079,115,Sedang,0,0.3373991115952079,QRIS + EDC,,,existing_bni
M0630,Toko Sparepart Bersama,Automotive,dealer,retailer,Depok,Sawangan,Ya,QRIS,175785026.0,3.0,0.189379,0.0014179201129997,0.001851432596282,9,62.0,0.6666666666666666,0.0631263333333333,50.0,0,12.5,18.984772368939662,7.0,19.0,0.0,1.0,0,0,0,True,0.2431960439352188,408,Rendah,0,0.2431960439352188,QRIS,,,existing_bni
M0206,RM Mbak Sri,F&B,bakery,retailer,Bandung,Braga,Ya,EDC,28231740.0,3.0,0.163717,0.0010303467824304,0.0025004402183483,1,28.0,1.0,0.0545723333333333,35.0,0,8.75,17.155957470308195,19.0,45.0,3.6,1.0,1,0,1,True,0.306704567650004,198,Sedang,0,0.306704567650004,QRIS + EDC,,,existing_bni
M0641,Bengkel Bersama,Automotive,accessories,retailer,Bekasi,Harapan Indah,Ya,EDC,48534904.0,8.0,0.4453249999999999,0.0027075934699604,0.0149674238422257,3,31.0,0.875,0.0556656249999999,50.0,1,5.555555555555555,17.69779378777618,7.0,33.0,0.0,1.0,0,0,0,True,0.4197123986433438,33,Tinggi,1,0.4197123986433438,QRIS + EDC,,,existing_bni
M0514,Komputer Mulia,Electronics,computer,retailer,Depok,Cimanggis,Ya,EDC,29011205.0,4.0,0.203463,0.0013524269820363,0.0089049883027696,9,62.0,0.5,0.05086575,51.0,0,10.2,17.18319272710527,5.0,30.0,3.9,1.0,1,1,0,True,0.2084590967054298,502,Rendah,0,0.2084590967054298,QRIS + EDC,,,existing_bni
M0172,CV Bahan Maju,F&B,bakery,supplier,Tangerang,Gading Serpong,Ya,"EDC, QRIS",153214854.0,3.0,0.15821,0.0012584190255896,0.0042361582773627,4,22.0,0.6666666666666666,0.0527366666666666,35.0,0,8.75,18.847351775321947,10.0,76.0,0.0,3.0,0,0,1,True,0.2331812693134949,424,Rendah,0,0.2331812693134949,QRIS + EDC,,,existing_bni
M0158,Bakery Pak Haji,F&B,cafe,retailer,Tangerang,Karawaci,Ya,QRIS,100578555.0,2.0,0.105336,0.0010230651227864,0.0007345357583075,0,39.0,1.0,0.052668,56.0,0,18.666666666666668,18.426449631874075,1.0,18.0,3.9,1.0,1,0,0,True,0.2924966236621475,225,Sedang,0,0.2924966236621475,QRIS,,,existing_bni
M0167,CV Bahan Harmoni,F&B,catering,supplier,Bekasi,Kemang Pratama,Ya,EDC,568009174.0,26.0,1.734476,0.0053630284127096,0.0176892310014338,16,46.0,0.7307692307692307,0.0667106153846153,253.0,1,9.37037037037037,20.157648129723977,13.0,21.0,4.3,1.0,1,0,0,True,0.7749300581873778,11,Tinggi,1,0.7749300581873778,QRIS + EDC,,,existing_bni
M0644,UD Oli Anugrah,Automotive,bengkel,supplier,Bandung,Setiabudhi,Ya,"EDC, QRIS",88409115.0,3.0,0.181431,0.0013365083603756,0.002741931426559,5,38.0,1.0,0.060477,61.0,0,15.25,18.29748564446309,9.0,66.0,0.0,2.0,0,0,1,True,0.3221347221644821,144,Sedang,0,0.3221347221644821,QRIS + EDC,,,existing_bni
M0152,Dapur Buana,F&B,restaurant,retailer,Depok,Margonda,Ya,EDC,89684040.0,0.0,0.0,0.0,0.0,-1,0.0,0.0,0.0,0.0,0,0.0,18.311803395927093,11.0,43.0,4.5,1.0,1,0,1,False,0.0,633,Tidak Teranalisis,0,0.0,QRIS + EDC,,,existing_bni
M0159,PT Distributor Harmoni,F&B,warung,supplier,Tangerang,Cipondoh,Ya,"EDC, QRIS",113459579.0,18.0,1.010945,0.0040336512071144,0.0370085276582899,16,46.0,0.6111111111111112,0.0561636111111111,114.0,1,6.0,18.546957208110737,19.0,55.0,3.7,1.0,1,1,0,True,0.5508122411588313,21,Tinggi,1,0.5508122411588313,QRIS + EDC,,,existing_bni
M0646,UD Oli Makmur,Automotive,dealer,supplier,Bogor,Sentul,Ya,"EDC, QRIS",236585717.0,4.0,0.239404,0.0009730216924035,0.0011269589716499,16,46.0,0.75,0.059851,102.0,0,20.4,19.281821144203946,4.0,98.0,3.1,2.0,1,0,0,True,0.2570517913990367,387,Rendah,0,0.2570517913990367,QRIS + EDC,,,existing_bni
M0150,PT Distributor Mas Bro,F&B,warung,supplier,Depok,Cinere,Ya,QRIS,373186084.0,2.0,0.112289,0.0010004258850996,0.0006439765552285,10,29.0,0.0,0.0561445,84.0,0,28.0,19.73758774060461,19.0,27.0,4.5,1.0,1,0,0,True,0.0420998483602027,595,Rendah,0,0.0420998483602027,QRIS,,,existing_bni
M0648,CV Sparepart Buana,Automotive,dealer,supplier,Depok,Sawangan,Ya,"EDC, QRIS",281759409.0,8.0,0.432193,0.0024570072592005,0.0177999144718637,12,67.0,0.75,0.054024125,50.0,1,5.555555555555555,19.456564108729285,19.0,83.0,3.4,3.0,1,1,1,True,0.3759562490069251,60,Tinggi,1,0.3759562490069251,QRIS + EDC,,,existing_bni
M0643,Auto Barokah,Automotive,bengkel,retailer,Bekasi,Grand Galaxy,Ya,EDC,51979906.0,4.0,0.232809,0.0015277128553362,0.0036676477247,4,22.0,0.75,0.05820225,59.0,0,11.8,17.766367798026344,9.0,30.0,3.1,1.0,1,0,0,True,0.2815229552464933,299,Rendah,0,0.2815229552464933,QRIS + EDC,,,existing_bni
M0166,Resto Surya,F&B,cafe,retailer,Bandung,Setiabudhi,Ya,QRIS,95201174.0,2.0,0.110883,0.0011956029304895,0.00315950997409,14,48.0,1.0,0.0554415,50.0,0,16.666666666666668,18.3715028421224,6.0,15.0,4.7,1.0,1,0,1,True,0.3007927942537717,210,Sedang,0,0.3007927942537717,QRIS,,,existing_bni
M0148,Warung Jaya,F&B,restaurant,retailer,Bandung,Setiabudhi,Ya,QRIS,20006925.0,4.0,0.215439,0.0014792793820041,0.0046285814907051,11,31.0,0.5,0.05385975,48.0,0,9.6,16.81158907157026,7.0,7.0,4.8,1.0,1,0,0,True,0.2152698958849285,494,Rendah,0,0.2152698958849285,QRIS,,,existing_bni
M0147,UD Supplier Pak Haji,F&B,restaurant,supplier,Bandung,Cihampelas,Ya,EDC,109391027.0,11.0,0.5963849999999999,0.0024056279681603,0.0149221442406862,16,46.0,0.5454545454545454,0.0542168181818181,93.0,1,7.75,18.51043943362015,16.0,30.0,0.0,5.0,0,0,0,True,0.363148563016703,71,Tinggi,1,0.363148563016703,QRIS + EDC,,,existing_bni
M0642,Toko Sparepart Buana,Automotive,sparepart,retailer,Bekasi,Jababeka,Ya,EDC,294891890.0,3.0,0.159162,0.0011479640061985,0.0047292028274595,4,22.0,1.0,0.053054,61.0,0,15.25,19.502119375950677,13.0,42.0,4.0,2.0,1,0,1,True,0.311609150451911,181,Sedang,0,0.311609150451911,QRIS + EDC,,,existing_bni
M0157,UD Supplier Harmoni,F&B,cafe,supplier,Jakarta,Cempaka Putih,Ya,"EDC, QRIS",1309118188.0,26.0,1.784923,0.0054733497538446,0.0149724549090634,16,46.0,0.7692307692307693,0.0686508846153846,280.0,1,10.37037037037037,20.992619609332316,16.0,36.0,3.1,1.0,1,0,0,True,0.7940742188311327,6,Tinggi,1,0.7940742188311327,QRIS + EDC,,,existing_bni
M0161,CV Bahan Nusantara,F&B,bakery,supplier,Jakarta,Kemang,Ya,EDC,134928378.0,6.0,0.325559,0.0016432810814077,0.00998666767288,10,29.0,0.8333333333333334,0.0542598333333333,104.0,0,14.857142857142858,18.720254669698104,6.0,30.0,3.4,1.0,1,0,1,True,0.3331736511124806,121,Sedang,0,0.3331736511124806,QRIS + EDC,,,existing_bni
M0164,Bakery Sukses,F&B,cafe,retailer,Jakarta,Menteng,Ya,"EDC, QRIS",31370731.0,3.0,0.159693,0.0009540141927165,0.0011672075063517,6,29.0,0.3333333333333333,0.053231,61.0,0,15.25,17.26138591429054,15.0,30.0,3.3,1.0,1,0,0,True,0.1362261847373592,589,Rendah,0,0.1362261847373592,QRIS + EDC,,,existing_bni
M0145,Kafe Mandiri,F&B,cafe,retailer,Bandung,Braga,Ya,QRIS,82962106.0,4.0,0.210352,0.0014801355249567,0.0052071541770432,2,31.0,0.25,0.052588,59.0,0,11.8,18.233894519345093,13.0,30.0,0.0,1.0,0,0,0,True,0.1523504110341565,565,Rendah,0,0.1523504110341565,QRIS,,,existing_bni
M0163,Dapur Prima,F&B,cafe,retailer,Depok,Sawangan,Ya,"EDC, QRIS",186275258.0,3.0,0.16492,0.00110633061009,0.0015093200513168,12,67.0,0.6666666666666666,0.0549733333333333,48.0,0,12.0,19.042736024820492,16.0,31.0,3.1,1.0,1,1,1,True,0.2269131112515887,452,Rendah,0,0.2269131112515887,QRIS + EDC,,,existing_bni
M0153,CV Bahan Prima,F&B,bakery,supplier,Bogor,Dramaga,Ya,"EDC, QRIS",170795966.0,5.0,0.269469,0.0016727162988473,0.005519080320982,11,31.0,1.0,0.0538938,67.0,0,11.166666666666666,18.955980226627787,19.0,22.0,3.0,2.0,1,0,0,True,0.3624978649686512,72,Tinggi,1,0.3624978649686512,QRIS + EDC,,,existing_bni
M0265,Toko Baju Prima,Fashion,footwear,retailer,Tangerang,Unknown,Ya,EDC,52309505.0,6.0,0.32921,0.0021747394828013,0.0073604507835886,3,31.0,0.8333333333333334,0.0548683333333333,52.0,0,7.428571428571429,17.772688671601188,8.0,23.0,3.2,1.0,1,0,0,True,0.357517811061685,84,Tinggi,1,0.357517811061685,QRIS + EDC,,,existing_bni
M0693,Unknown_M0693,Automotive,dealer,retailer,Bogor,Dramaga,Ya,QRIS,24817087.0,3.0,0.166786,0.0011408996307948,0.0031494478404145,1,28.0,0.6666666666666666,0.0555953333333333,55.0,0,13.75,17.027043006119534,11.0,37.0,3.1,1.0,1,0,0,True,0.2286432674111395,448,Rendah,0,0.2286432674111395,QRIS,,,existing_bni
M0202,Bakery Berkah,F&B,restaurant,retailer,Bekasi,Grand Galaxy,Ya,QRIS,69545840.5,2.0,0.11678,0.0009072823342981,0.0006288833547153,9,62.0,0.5,0.05839,56.0,0,18.666666666666668,18.05749668302925,16.0,50.0,4.2,2.0,1,0,1,True,0.163295407567283,529,Rendah,0,0.163295407567283,QRIS,,,existing_bni
M0271,UD Kain Abadi,Fashion,accessories,supplier,Bogor,Unknown,Ya,QRIS,932163355.0,3.0,0.153629,0.0010823562532639,0.0040550398712046,12,67.0,0.6666666666666666,0.0512096666666666,49.0,0,12.25,20.653018631969164,20.0,5.0,0.0,1.0,0,0,0,True,0.2248128189873014,457,Rendah,0,0.2248128189873014,QRIS,,,existing_bni
M0052,UD Supplier Bersama,F&B,catering,supplier,Tangerang,BSD,Ya,EDC,291107222.0,4.0,0.214329,0.0016127275281157,0.007279953714185,0,39.0,0.75,0.05358225,34.0,0,6.8,19.489202221187135,11.0,89.0,4.3,1.0,1,0,1,True,0.2837001214538868,282,Rendah,0,0.2837001214538868,QRIS + EDC,,,existing_bni
M0454,Unknown_M0454,Grocery,distributor,retailer,Bekasi,Harapan Indah,Ya,EDC,103351035.0,3.0,0.172995,0.0010207418092677,0.0021633587402208,0,39.0,1.0,0.057665,57.0,0,14.25,18.453641868231458,10.0,36.0,3.3,3.0,1,0,0,True,0.3071061856138684,197,Sedang,0,0.3071061856138684,QRIS + EDC,,,existing_bni
M0453,Mart Purnama,Grocery,toko_kelontong,retailer,Tangerang,Unknown,Ya,EDC,27040506.0,1.0,0.05042,0.0005264378997374,0.0,13,36.0,1.0,0.05042,58.0,0,29.0,17.11284655896326,6.0,43.0,4.7,1.0,1,0,1,True,0.2564884156531205,391,Rendah,0,0.2564884156531205,QRIS + EDC,,,existing_bni
M0686,Unknown_M0686,Automotive,accessories,supplier,Tangerang,Cipondoh,Ya,QRIS,520551166.0,1.0,0.057692,0.0007446972155667,0.0,13,36.0,1.0,0.057692,29.0,0,14.5,20.070398744742096,4.0,79.0,4.6,1.0,1,0,1,True,0.2670059969618094,346,Rendah,0,0.2670059969618094,QRIS,,,existing_bni
M0634,PT Otomotif Berkah,Automotive,bengkel,supplier,Bogor,Unknown,Ya,EDC,209135964.0,5.0,0.304897,0.00192131778638,0.0068372198324654,14,48.0,0.8,0.0609793999999999,78.0,0,13.0,19.158495148652243,20.0,83.0,4.4,1.0,1,0,1,True,0.3269224682176926,131,Sedang,0,0.3269224682176926,QRIS + EDC,,,existing_bni
M0201,PT Distributor Mas Bro,F&B,restaurant,supplier,Bekasi,Unknown,Ya,"EDC, QRIS",391787393.0,4.0,0.22031,0.0016015939953172,0.0029331119663924,2,31.0,0.75,0.0550774999999999,21.0,0,4.2,19.786229888378234,4.0,29.0,3.4,2.0,1,0,1,True,0.2837357159057094,281,Rendah,0,0.2837357159057094,QRIS + EDC,,,existing_bni
M0363,Mart Bu Tini,Grocery,toko_kelontong,retailer,Tangerang,Unknown,Ya,QRIS,59537437.0,2.0,0.10921,0.0009096143401254,0.0016049103212336,11,31.0,0.5,0.054605,42.0,0,14.0,17.902115882730225,11.0,9.0,4.7,3.0,1,0,1,True,0.1627189765257841,533,Rendah,0,0.1627189765257841,QRIS,,,existing_bni
M0472,Minimarket Mas Bro,Grocery,minimarket,retailer,Jakarta,Unknown,Ya,EDC,8271041.0,8.0,0.434284,0.0026069582835674,0.0170804719140693,11,31.0,0.5,0.0542855,43.0,1,4.777777777777778,15.928271056644466,3.0,43.0,3.7,5.0,1,0,0,True,0.3204205050126747,147,Sedang,0,0.3204205050126747,QRIS + EDC,,,existing_bni
M0131,Bakery Prima,F&B,catering,retailer,Depok,Unknown,Ya,"EDC, QRIS",16262996.0,3.0,0.177933,0.0012510970141915,0.0016451588559354,14,48.0,0.6666666666666666,0.059311,53.0,0,13.25,16.60440296244276,17.0,35.0,4.9,1.0,1,0,0,True,0.2346268008076775,419,Rendah,0,0.2346268008076775,QRIS + EDC,,,existing_bni
M0140,Bakery Bersama,F&B,restaurant,retailer,Bandung,Cihampelas,Ya,EDC,69545840.5,5.0,0.279788,0.0018412560846138,0.0052071541770432,0,39.0,0.8,0.0559575999999999,44.0,0,7.333333333333333,18.05749668302925,10.0,15.0,0.0,1.0,0,1,1,True,0.3210431752997732,146,Sedang,0,0.3210431752997732,QRIS + EDC,,,existing_bni
M0511,PT Elektronik Harmoni,Electronics,computer,supplier,Jakarta,Sudirman,Ya,"EDC, QRIS",308707437.0,3.0,0.17729,0.0015621984698627,0.0043367796141171,11,31.0,0.6666666666666666,0.0590966666666666,59.0,0,14.75,19.547904583772336,4.0,73.0,3.4,1.0,1,1,0,True,0.2486268127535848,402,Rendah,0,0.2486268127535848,QRIS + EDC,,,existing_bni
M0236,CV Konveksi Bu Tini,Fashion,footwear,supplier,Bandung,Cihampelas,Ya,EDC,296686459.0,2.0,0.113608,0.0007312669369072,0.0022287626091112,12,67.0,1.0,0.056804,60.0,0,20.0,19.508186448897852,11.0,90.0,0.0,2.0,0,0,0,True,0.2800560026965242,307,Rendah,0,0.2800560026965242,QRIS + EDC,,,existing_bni
M0135,CV Bahan Persada,F&B,restaurant,supplier,Bogor,Tanah Sareal,Ya,"EDC, QRIS",291107222.0,1.0,0.05618,0.0006040539742183,0.0,8,53.0,1.0,0.05618,40.0,0,20.0,19.489202221187135,11.0,24.0,4.0,1.0,1,0,1,True,0.2605144861564215,373,Rendah,0,0.2605144861564215,QRIS + EDC,,,existing_bni
M0014,CV Bahan Karya,F&B,catering,supplier,Bandung,Cihampelas,Ya,QRIS,291107222.0,3.0,0.162048,0.0016756212367271,0.0044675873518979,13,36.0,0.3333333333333333,0.054016,26.0,0,6.5,19.489202221187135,8.0,51.0,4.3,1.0,1,1,0,True,0.1690459765680151,516,Rendah,0,0.1690459765680151,QRIS,,,existing_bni
M0151,Unknown_M0151,F&B,catering,retailer,Jakarta,Tebet,Ya,EDC,82263952.0,2.0,0.109457,0.0008981568966302,0.0013181395114834,13,36.0,1.0,0.0547285,41.0,0,13.666666666666666,18.225443574559677,18.0,30.0,3.4,5.0,1,0,1,True,0.2872234888621724,258,Rendah,0,0.2872234888621724,QRIS + EDC,,,existing_bni
M0024,Kafe Pak Haji,F&B,cafe,retailer,Bogor,Unknown,Ya,QRIS,18214465.0,7.0,0.374799,0.0022409529982731,0.0242849596256886,4,22.0,0.5714285714285714,0.0535427142857142,55.0,0,6.875,16.717726671497672,10.0,2.0,4.1,1.0,1,0,0,True,0.3077604134110568,195,Sedang,0,0.3077604134110568,QRIS,,,existing_bni
M0155,PT Distributor Makmur,F&B,bakery,supplier,Jakarta,Thamrin,Ya,"EDC, QRIS",291107222.0,11.0,0.630193,0.0030137883274926,0.0209091137775765,0,39.0,0.6363636363636364,0.0572902727272727,92.0,1,7.666666666666667,19.489202221187135,15.0,30.0,4.4,1.0,1,0,0,True,0.416402129149821,34,Tinggi,1,0.416402129149821,QRIS + EDC,,,existing_bni
M0030,Unknown_M0030,F&B,catering,retailer,Depok,Sawangan,Ya,EDC,50499582.0,2.0,0.112977,0.0009155480272787,0.0004075164138555,14,48.0,0.5,0.0564885,76.0,0,25.333333333333332,17.737475636785753,19.0,30.0,4.3,1.0,1,0,0,True,0.1633263887237053,528,Rendah,0,0.1633263887237053,QRIS + EDC,,,existing_bni
M0683,Auto Prima,Automotive,accessories,retailer,Tangerang,Unknown,Ya,QRIS,40952841.0,4.0,0.220715,0.0014585069966834,0.0060423112721052,9,62.0,1.0,0.05517875,53.0,0,10.6,17.527931767564567,8.0,28.0,4.9,1.0,1,0,0,True,0.3398064364350257,110,Sedang,0,0.3398064364350257,QRIS,,,existing_bni
M0123,Kafe Sentosa,F&B,warung,retailer,Bogor,Bogor Tengah,Ya,QRIS,69545840.5,7.0,0.401147,0.002783832112368,0.0103841219530601,12,67.0,0.7142857142857143,0.0573067142857142,41.0,0,5.125,18.05749668302925,9.0,15.0,0.0,1.0,0,1,1,True,0.370379188985898,64,Tinggi,1,0.370379188985898,QRIS,,,existing_bni
M0528,PT Elektronik Buana,Electronics,gadget,supplier,Bogor,Unknown,Ya,EDC,305807983.0,26.0,1.882223,0.0059292003204477,0.0210713656830931,16,46.0,0.6538461538461539,0.0723931923076923,271.0,1,10.037037037037036,19.538467959686106,14.0,49.0,4.3,1.0,1,0,0,True,0.7945903930385507,5,Tinggi,1,0.7945903930385507,QRIS + EDC,,,existing_bni
M0540,PT Elektronik Harmoni,Electronics,service,supplier,Tangerang,Gading Serpong,Ya,QRIS,308707437.0,5.0,0.295113,0.0018338913784779,0.0055794531230347,0,39.0,0.4,0.0590226,79.0,0,13.166666666666666,19.547904583772336,11.0,14.0,4.7,1.0,1,1,1,True,0.2220906619401837,470,Rendah,0,0.2220906619401837,QRIS,,,existing_bni
M0054,RM Karya,F&B,cafe,retailer,Tangerang,Unknown,Ya,QRIS,113863242.0,0.0,0.0,0.0,0.0,-1,0.0,0.0,0.0,0.0,0,0.0,18.55050866342834,6.0,6.0,4.5,2.0,1,0,0,False,0.0,633,Tidak Teranalisis,0,0.0,QRIS,,,existing_bni
M0170,RM Indonesia,F&B,cafe,retailer,Depok,Cimanggis,Ya,"EDC, QRIS",69545840.5,3.0,0.167633,0.0012062267313984,0.001997333534576,12,67.0,0.6666666666666666,0.0558776666666666,50.0,0,12.5,18.05749668302925,5.0,39.0,3.9,1.0,1,0,0,True,0.2316715286024352,434,Rendah,0,0.2316715286024352,QRIS + EDC,,,existing_bni
M0610,Motor Makmur,Automotive,accessories,retailer,Bekasi,Harapan Indah,Ya,EDC,58632034.0,2.0,0.105551,0.0008300228758981,0.0010062133675445,12,67.0,0.0,0.0527755,54.0,0,18.0,17.886791777531293,18.0,46.0,3.2,1.0,1,0,1,True,0.0337928741240099,604,Rendah,0,0.0337928741240099,QRIS + EDC,,,existing_bni
M0312,Fashion Bu Tini,Fashion,clothing,retailer,Bekasi,Grand Galaxy,Ya,EDC,71649473.0,7.0,0.369386,0.0024906533135584,0.0182929590219606,13,36.0,0.8571428571428571,0.0527694285714285,67.0,0,8.375,18.08729637096936,11.0,30.0,4.2,1.0,1,0,1,True,0.3899848066190226,50,Tinggi,1,0.3899848066190226,QRIS + EDC,,,existing_bni
M0298,UD Kain Sentosa,Fashion,clothing,supplier,Jakarta,Menteng,Ya,QRIS,296686459.0,2.0,0.115363,0.0009060461250944,0.0004678892159082,10,29.0,1.0,0.0576815,76.0,0,25.333333333333332,19.508186448897852,17.0,100.0,4.8,2.0,1,1,0,True,0.288111921018152,247,Sedang,0,0.288111921018152,QRIS,,,existing_bni
M0374,Toko Pak Haji,Grocery,toko_kelontong,retailer,Bandung,Dago,Ya,"EDC, QRIS",67777253.0,6.0,0.343736,0.0019213433284937,0.0092269765803838,7,40.0,0.6666666666666666,0.0572893333333333,67.0,0,9.571428571428571,18.0317372098967,19.0,43.0,4.8,2.0,1,1,1,True,0.3057090990234701,200,Sedang,0,0.3057090990234701,QRIS + EDC,,,existing_bni
M0426,Toko Karya,Grocery,distributor,retailer,Bandung,Unknown,Ya,"EDC, QRIS",225035427.0,5.0,0.270747,0.0016975617975416,0.008497471888914,12,67.0,0.4,0.0541494,67.0,0,11.166666666666666,19.231768405551296,17.0,15.0,4.0,1.0,1,1,0,True,0.2137356790796711,496,Rendah,0,0.2137356790796711,QRIS + EDC,,,existing_bni
M0074,Warung Bang Jali,F&B,bakery,retailer,Depok,Unknown,Ya,"EDC, QRIS",268451088.0,5.0,0.262764,0.0017685848866568,0.0083113224159182,6,29.0,0.6,0.0525528,59.0,0,9.833333333333334,19.40817929144597,9.0,22.0,3.4,2.0,1,0,0,True,0.2662260348189467,349,Rendah,0,0.2662260348189467,QRIS + EDC,,,existing_bni
M0429,Swalayan Nusantara,Grocery,supermarket,retailer,Bogor,Unknown,Ya,"EDC, QRIS",170216555.0,1.0,0.05,0.0006543759009998,0.0,10,29.0,1.0,0.05,41.0,0,20.5,18.952582043168295,12.0,30.0,4.6,2.0,1,1,0,True,0.2622317974270525,368,Rendah,0,0.2622317974270525,QRIS + EDC,,,existing_bni
M0162,Resto Citra,F&B,warung,retailer,Jakarta,Unknown,Ya,EDC,133335110.0,2.0,0.114327,0.0012089193507147,0.0017709355268784,12,67.0,1.0,0.0571635,52.0,0,17.333333333333332,18.70837614881527,18.0,30.0,0.0,2.0,0,0,0,True,0.3017047226617601,209,Sedang,0,0.3017047226617601,QRIS + EDC,,,existing_bni
M0398,UD Sembako Bu Tini,Grocery,toko_kelontong,supplier,Bekasi,Unknown,Ya,QRIS,869212249.0,7.0,0.37307,0.0019325867993436,0.0169798505773149,6,29.0,0.7142857142857143,0.0532957142857142,109.0,0,13.625,20.583097899666473,20.0,5.0,0.0,2.0,0,0,0,True,0.3293846474230639,128,Sedang,0,0.3293846474230639,QRIS,,,existing_bni
M0071,Unknown_M0071,F&B,cafe,retailer,Bandung,Dago,Ya,EDC,90898680.0,4.0,0.237356,0.0016285726262643,0.0054436143184162,8,53.0,0.75,0.059339,53.0,0,10.6,18.325256048591385,1.0,42.0,4.3,1.0,1,1,1,True,0.2864901008614204,263,Rendah,0,0.2864901008614204,QRIS + EDC,,,existing_bni
M0601,Auto Sumber,Automotive,dealer,retailer,Jakarta,Senayan,Ya,QRIS,58632034.0,4.0,0.211565,0.0014902482716159,0.0086735592282343,2,31.0,0.75,0.05289125,47.0,0,9.4,17.886791777531293,16.0,49.0,0.0,1.0,0,1,0,True,0.277916633211792,315,Rendah,0,0.277916633211792,QRIS,,,existing_bni
M0392,Swalayan Mas Bro,Grocery,distributor,retailer,Bekasi,Summarecon,Ya,EDC,67777253.0,3.0,0.15815,0.0012356946293042,0.0031544789072522,5,38.0,1.0,0.0527166666666666,51.0,0,12.75,18.0317372098967,11.0,45.0,3.4,2.0,1,0,0,True,0.3154823379022473,165,Sedang,0,0.3154823379022473,QRIS + EDC,,,existing_bni
M0098,Warung Sejahtera,F&B,cafe,retailer,Jakarta,Unknown,Ya,"EDC, QRIS",83049696.0,5.0,0.279117,0.001935017194781,0.0092873493824365,7,40.0,1.0,0.0558234,52.0,0,8.666666666666666,18.234949745612347,15.0,44.0,4.4,3.0,1,1,1,True,0.3752195788475115,62,Tinggi,1,0.3752195788475115,QRIS + EDC,,,existing_bni
M0174,PT Distributor Pratama,F&B,restaurant,supplier,Bogor,Unknown,Ya,"EDC, QRIS",386607908.0,4.0,0.213563,0.0010866288469189,0.0038437350640203,10,29.0,0.75,0.05339075,85.0,0,17.0,19.77292158236681,1.0,15.0,3.7,2.0,1,0,0,True,0.2598579982412644,377,Rendah,0,0.2598579982412644,QRIS + EDC,,,existing_bni
M0649,Toko Sparepart Mas Bro,Automotive,dealer,retailer,Bogor,Dramaga,Tidak,,53337964.0,2.0,0.125054,0.0010342560219403,0.0018262772620934,9,62.0,0.5,0.062527,52.0,0,17.333333333333332,17.79215892450929,9.0,46.0,3.4,1.0,1,0,0,True,0.1697782586399626,513,Rendah,0,0.1697782586399626,QRIS,0.0,0.506962867162816,ml_model
M0701,mart surya,Grocery,toko_kelontong,retailer,Jakarta,Senayan,Tidak,,67777253.0,5.0,0.273644,0.0017517483188186,0.0071566925766608,7,40.0,0.8,0.0547288,48.0,0,8.0,18.0317372098967,11.0,33.0,3.1,2.0,1,1,0,True,0.3164451621119232,159,Sedang,0,0.3164451621119232,QRIS,0.0,0.5088474553882061,ml_model
M0597,Toko Sparepart Prima,Automotive,accessories,retailer,Bandung,Dago,Tidak,,51501039.0,2.0,0.117593,0.00105858124782,0.0006993182904434,9,62.0,0.5,0.0587965,48.0,0,16.0,17.75711255960482,7.0,19.0,0.0,1.0,0,1,0,True,0.1702054655440958,512,Rendah,0,0.1702054655440958,QRIS,0.0,0.5067230999388869,ml_model
M0563,Digital Mas Bro,Electronics,gadget,retailer,Bandung,Cihampelas,Tidak,,143811249.0,1.0,0.0625,0.0006022892284208,0.0,11,31.0,1.0,0.0625,52.0,0,26.0,18.784012233848987,19.0,25.0,4.4,1.0,1,0,0,True,0.2610039663016252,371,Rendah,0,0.2610039663016252,QRIS,0.0,0.5187658640319475,ml_model
M0617,Motor Bersama,Automotive,sparepart,retailer,Depok,Margonda,Tidak,,72453484.0,3.0,0.186595,0.0014292634985261,0.0036223681231605,3,31.0,1.0,0.0621983333333333,61.0,0,15.25,18.098455327713506,14.0,30.0,4.0,2.0,1,1,1,True,0.3267912104203062,132,Sedang,0,0.3267912104203062,QRIS,0.0,0.5094577367501197,ml_model
M0589,Digital Anugrah,Electronics,gadget,retailer,Depok,Sawangan,Tidak,,138627665.0,5.0,0.281617,0.0020657087026264,0.0070133071717857,6,29.0,0.6,0.0563234,45.0,0,7.5,18.747302235190183,19.0,27.0,4.0,1.0,1,0,0,True,0.2813503811969599,301,Rendah,0,0.2813503811969599,QRIS,0.0,0.5180900619940582,ml_model
M0600,Motor Harmoni,Automotive,dealer,retailer,Jakarta,Kemang,Tidak,,92209197.0,2.0,0.10994,0.0007286517210312,0.0002968329434256,8,53.0,1.0,0.05497,53.0,0,17.666666666666668,18.339570444939273,9.0,30.0,0.0,1.0,0,0,0,True,0.2796074608731392,310,Rendah,0,0.2796074608731392,QRIS,0.0,0.5120356649673856,ml_model
M0621,Toko Sparepart Pratama,Automotive,sparepart,retailer,Bandung,Dago,Tidak,,32235309.0,5.0,0.282876,0.0016185930125261,0.0064800140869871,6,29.0,1.0,0.0565752,56.0,0,9.333333333333334,17.28857299355668,5.0,50.0,5.0,1.0,1,0,0,True,0.3612596951333718,74,Tinggi,1,0.3612596951333718,QRIS,0.0,0.5042082480849118,ml_model
M0582,Komputer Sumber,Electronics,accessories,retailer,Bandung,Buah Batu,Tidak,,45183425.0,2.0,0.108821,0.0007316683312941,0.0008250949613865,9,62.0,0.5,0.0544105,45.0,0,15.0,17.626240896142463,16.0,36.0,5.0,1.0,1,1,1,True,0.1546429890162624,560,Rendah,0,0.1546429890162624,QRIS,0.0,0.5058984615459043,ml_model
M0520,PT Elektronik Buana,Electronics,accessories,supplier,Tangerang,BSD,Tidak,,536785804.0,5.0,0.260975,0.0018124596166577,0.0069579654365708,10,29.0,0.6,0.052195,60.0,0,10.0,20.10110969953142,4.0,41.0,5.0,5.0,1,0,0,True,0.2680474979130304,343,Rendah,0,0.2680474979130304,QRIS,0.0,0.569622566874587,ml_model
M0518,Gadget Sentosa,Electronics,accessories,retailer,Bekasi,Grand Galaxy,Tidak,,27240088.0,1.0,0.055556,0.0006414380186821,0.0,12,67.0,1.0,0.055556,49.0,0,24.5,17.120200306494286,13.0,6.0,0.0,1.0,0,0,0,True,0.2621475791083466,369,Rendah,0,0.2621475791083466,QRIS,0.0,0.5035561570719446,ml_model
M0562,Komputer Citra,Electronics,gadget,retailer,Depok,Sawangan,Tidak,,425110936.0,3.0,0.162278,0.0013246818288673,0.0016200035217467,2,31.0,1.0,0.0540926666666666,64.0,0,16.0,19.867860721062044,20.0,36.0,3.6,1.0,1,1,0,True,0.3198752524647781,149,Sedang,0,0.3198752524647781,QRIS,0.0,0.5552717965921257,ml_model
M0673,Toko Sparepart Maju,Automotive,sparepart,retailer,Jakarta,Pluit,Tidak,,48234310.0,6.0,0.361086,0.0024436892320744,0.010766483032727,8,53.0,0.5,0.060181,57.0,0,8.142857142857142,17.69158117225133,19.0,1.0,3.3,2.0,1,0,1,True,0.2892086511715098,243,Sedang,0,0.2892086511715098,QRIS,0.0,0.5062966979636752,ml_model
M0561,Komputer Lestari,Electronics,accessories,retailer,Bandung,Dago,Tidak,,85224317.0,2.0,0.1,0.0008315342082763,0.0022036072749226,14,48.0,1.0,0.05,52.0,0,17.333333333333332,18.260797373609492,8.0,45.0,0.0,1.0,0,1,0,True,0.2833612045200735,283,Rendah,0,0.2833612045200735,QRIS,0.0,0.5111242722160069,ml_model
M0625,UD Oli Indonesia,Automotive,accessories,supplier,Depok,Margonda,Tidak,,1052621231.0,4.0,0.253059,0.0015375841484677,0.0029029255653661,0,39.0,0.5,0.06326475,78.0,0,15.6,20.77454930168565,3.0,81.0,3.8,1.0,1,0,1,True,0.2212928761625766,474,Rendah,0,0.2212928761625766,QRIS + EDC,1.0,0.6340619130681605,ml_model
M0555,Komputer Harmoni,Electronics,gadget,retailer,Bandung,Cihampelas,Tidak,,88972900.0,2.0,0.112361,0.0008468533362002,0.0009458405654919,9,62.0,0.5,0.0561805,53.0,0,17.666666666666668,18.303842398185942,2.0,8.0,0.0,1.0,0,0,1,True,0.1601667597583798,546,Rendah,0,0.1601667597583798,QRIS,0.0,0.5116133999173712,ml_model
M0584,Toko IT Mulia,Electronics,service,retailer,Jakarta,Kemang,Tidak,,506798259.0,3.0,0.167203,0.0012482337650314,0.0029985158352828,5,38.0,1.0,0.0557343333333333,53.0,0,13.25,20.04362357309834,16.0,26.0,3.1,1.0,1,0,0,True,0.3168643296672107,158,Sedang,0,0.3168643296672107,QRIS,0.0,0.5657794623031388,ml_model
M0522,PT Elektronik Barokah,Electronics,service,supplier,Depok,Cinere,Tidak,,454490765.0,2.0,0.104545,0.0009177947761948,0.0003823610796669,0,39.0,1.0,0.0522725,49.0,0,16.333333333333332,19.934688154543736,15.0,26.0,3.1,3.0,1,0,0,True,0.2876684671943961,253,Sedang,0,0.2876684671943961,QRIS,0.0,0.5590572042811383,ml_model
M0519,Toko IT Lestari,Electronics,gadget,retailer,Tangerang,Karawaci,Tidak,,71800290.0,4.0,0.234024,0.0012038360879263,0.0017256559253389,8,53.0,0.75,0.058506,63.0,0,12.6,18.089399086935032,13.0,36.0,4.4,1.0,1,0,0,True,0.2669971761891965,347,Rendah,0,0.2669971761891965,QRIS,0.0,0.5093724919455743,ml_model
M0684,Bengkel Mbak Sri,Automotive,bengkel,retailer,Jakarta,Menteng,Tidak,,101995280.0,5.0,0.272041,0.0018173421234081,0.0061932432772369,8,53.0,0.6,0.0544082,64.0,0,10.666666666666666,18.44043710547242,18.0,48.0,4.2,1.0,1,0,0,True,0.2692648103537304,342,Rendah,0,0.2692648103537304,QRIS,0.0,0.5133124249878166,ml_model
M0596,Toko Sparepart Mbak Sri,Automotive,sparepart,retailer,Bogor,Dramaga,Tidak,,41490923.0,3.0,0.1666679999999999,0.0011545359224097,0.0026664654239931,7,40.0,1.0,0.055556,64.0,0,16.0,17.540985262487677,2.0,27.0,3.1,1.0,1,0,0,True,0.312582163974376,178,Sedang,0,0.312582163974376,QRIS,0.0,0.5054164639719838,ml_model
M0654,UD Oli Pak Haji,Automotive,dealer,supplier,Depok,Cinere,Tidak,,121421591.0,3.0,0.185417,0.0017590692060694,0.0016099413880713,13,36.0,1.0,0.0618056666666666,34.0,0,8.5,18.61477927909436,8.0,28.0,4.9,1.0,1,0,0,True,0.3415882364827309,109,Sedang,0,0.3415882364827309,QRIS,0.0,0.5158463849331899,ml_model
M0685,Toko Sparepart Lestari,Automotive,bengkel,retailer,Bekasi,Harapan Indah,Tidak,,21858162.0,2.0,0.118421,0.0009063027627038,0.0011370211053253,3,31.0,1.0,0.0592105,53.0,0,17.666666666666668,16.90008500241485,12.0,37.0,3.9,1.0,1,1,1,True,0.2883989433758592,245,Sedang,0,0.2883989433758592,QRIS,0.0,0.5028535709624556,ml_model
M0612,UD Oli Surya,Automotive,dealer,supplier,Jakarta,Pluit,Tidak,,281468827.0,22.0,1.606294,0.0046709278362636,0.0056750433929514,16,46.0,0.8181818181818182,0.0730133636363636,308.0,1,13.391304347826088,19.45553226406605,3.0,31.0,0.0,2.0,0,1,0,True,0.719481094160515,15,Tinggi,1,0.719481094160515,QRIS,0.0,0.5366799853496922,ml_model
M0542,Digital Jaya,Electronics,service,retailer,Bogor,Tanah Sareal,Tidak,,23754055.0,4.0,0.245062,0.0016453244892805,0.0020375820692777,12,67.0,1.0,0.0612655,52.0,0,10.4,16.983263852811227,17.0,11.0,4.2,1.0,1,1,1,True,0.3504411350923292,92,Tinggi,1,0.3504411350923292,QRIS,0.0,0.5031010726513113,ml_model
M0682,Motor Surya,Automotive,accessories,retailer,Depok,Sawangan,Tidak,,23768064.0,8.0,0.49225,0.0030658857986612,0.0125122632254169,14,48.0,0.75,0.0615312499999999,59.0,1,6.555555555555555,16.983853430890278,10.0,15.0,0.0,1.0,0,0,0,True,0.4088791693890151,37,Tinggi,1,0.4088791693890151,QRIS,0.0,0.50310290146798,ml_model
M0633,PT Otomotif Buana,Automotive,sparepart,supplier,Tangerang,Cipondoh,Tidak,,259325264.0,7.0,0.413789,0.0025110510013575,0.0149221442406862,12,67.0,0.7142857142857143,0.0591127142857142,43.0,0,5.375,19.37359368116538,17.0,94.0,0.0,1.0,0,0,1,True,0.3591914975102185,77,Tinggi,1,0.3591914975102185,QRIS,0.0,0.5338034937601622,ml_model
M0687,Motor Pak Haji,Automotive,dealer,retailer,Tangerang,BSD,Tidak,,52889063.0,1.0,0.060976,0.000599944197415,0.0,9,62.0,0.0,0.060976,47.0,0,23.5,17.783707145778365,4.0,13.0,0.0,1.0,0,0,0,True,0.01076073757577,623,Rendah,0,0.01076073757577,QRIS,0.0,0.5069042740187611,ml_model
M0688,PT Otomotif Indonesia,Automotive,dealer,supplier,Tangerang,BSD,Tidak,,218030027.0,2.0,0.109988,0.0008063695385961,0.0016350967222599,13,36.0,1.0,0.054994,49.0,0,16.333333333333332,19.200143354386917,17.0,8.0,3.7,3.0,1,0,0,True,0.2831236650082919,287,Rendah,0,0.2831236650082919,QRIS,0.0,0.5284332996009955,ml_model
M0613,Auto Buana,Automotive,bengkel,retailer,Jakarta,Sudirman,Tidak,,84475470.0,3.0,0.19115,0.001357206000652,0.0013282016451588,3,31.0,1.0,0.0637166666666666,39.0,0,9.75,18.25197176616317,2.0,40.0,3.3,1.0,1,0,0,True,0.3239453618521565,141,Sedang,0,0.3239453618521565,QRIS,0.0,0.5110265575612534,ml_model
M0564,Komputer Bu Tini,Electronics,service,retailer,Bogor,Tanah Sareal,Tidak,,48963164.0,3.0,0.153069,0.0014752357129281,0.0061743767765954,10,29.0,1.0,0.051023,39.0,0,9.75,17.706578838686816,11.0,7.0,4.7,1.0,1,1,0,True,0.3258489907953587,137,Sedang,0,0.3258489907953587,QRIS,0.0,0.50639183516371,ml_model
M0680,Motor Citra,Automotive,bengkel,retailer,Jakarta,Kelapa Gading,Tidak,,206208754.0,0.0,0.0,0.0,0.0,-1,0.0,0.0,0.0,0.0,0,0.0,19.14439958742367,3.0,29.0,3.8,1.0,1,0,0,False,0.0,633,Tidak Teranalisis,0,0.0,QRIS,0.0,0.5268947476941617,ml_model
M0645,Toko Sparepart Persada,Automotive,bengkel,retailer,Jakarta,Sudirman,Tidak,,52631809.0,4.0,0.217847,0.0015010810103451,0.0045732397554901,14,48.0,0.5,0.0544617499999999,64.0,0,12.8,17.778831247770334,19.0,24.0,4.1,1.0,1,0,0,True,0.2164719407743147,488,Rendah,0,0.2164719407743147,QRIS,0.0,0.5068706956593831,ml_model
M0614,Toko Sparepart Jaya,Automotive,accessories,retailer,Depok,Cinere,Tidak,,23844397.0,3.0,0.157981,0.0013464678196327,0.0049153523004553,0,39.0,0.3333333333333333,0.0526603333333333,59.0,0,14.75,16.987059863012878,8.0,49.0,0.0,1.0,0,0,1,True,0.1538060234324855,563,Rendah,0,0.1538060234324855,QRIS,0.0,0.5031128664220994,ml_model
M0691,Bengkel Jaya,Automotive,sparepart,retailer,Bandung,Dago,Tidak,,47447312.0,2.0,0.126395,0.0009967004531449,0.0004326717480441,3,31.0,1.0,0.0631975,53.0,0,17.666666666666668,17.67513045338728,11.0,20.0,4.8,1.0,1,1,0,True,0.2932019931050366,223,Sedang,0,0.2932019931050366,QRIS,0.0,0.5061939707244819,ml_model
M0657,UD Oli Kang Asep,Automotive,bengkel,supplier,Bandung,Buah Batu,Tidak,,297565055.0,1.0,0.058824,0.0006768846221443,0.0,11,31.0,1.0,0.058824,31.0,0,15.5,19.51114343467418,18.0,75.0,3.6,3.0,1,0,1,True,0.2640436653439336,361,Rendah,0,0.2640436653439336,QRIS,0.0,0.5387693963866552,ml_model
M0587,Digital Bu Tini,Electronics,service,retailer,Jakarta,Kelapa Gading,Tidak,,43426273.0,8.0,0.480663,0.0031772125493185,0.0181873066183684,7,40.0,0.75,0.060082875,48.0,1,5.333333333333333,17.58657520760007,15.0,36.0,4.8,1.0,1,0,0,True,0.4128661482606705,36,Tinggi,1,0.4128661482606705,QRIS,0.0,0.5056690945326632,ml_model
M0531,Toko IT Pratama,Electronics,service,retailer,Bogor,Tanah Sareal,Tidak,,116655209.0,3.0,0.152272,0.0011171236740405,0.0024853470178351,12,67.0,0.6666666666666666,0.0507573333333333,57.0,0,14.25,18.57473321895769,3.0,4.0,0.0,1.0,0,0,1,True,0.226261653756168,455,Rendah,0,0.226261653756168,QRIS,0.0,0.515224730457283,ml_model
M0694,Motor Persada,Automotive,bengkel,retailer,Bekasi,Kemang Pratama,Tidak,,114300562.0,4.0,0.224075,0.0018361314694009,0.0047644202953236,2,31.0,0.75,0.05601875,48.0,0,9.6,18.5543420543872,9.0,47.0,4.4,1.0,1,0,0,True,0.2946730022635526,217,Sedang,0,0.2946730022635526,QRIS,0.0,0.514917608558245,ml_model
M0660,PT Otomotif Lestari,Automotive,accessories,supplier,Jakarta,Kelapa Gading,Tidak,,262172087.0,1.0,0.053763,0.0005444085070121,0.0,9,62.0,1.0,0.053763,43.0,0,21.5,19.384511670538096,11.0,30.0,0.0,2.0,0,0,0,True,0.2576015587712587,385,Rendah,0,0.2576015587712587,QRIS,0.0,0.5341734315789738,ml_model
M0606,Motor Sentosa,Automotive,accessories,retailer,Bandung,Cihampelas,Tidak,,355528591.0,4.0,0.209586,0.0013357408196894,0.0038638593313712,4,22.0,1.0,0.0523965,40.0,0,8.0,19.689116231540257,12.0,6.0,0.0,2.0,0,0,1,True,0.3332565707509725,120,Sedang,0,0.3332565707509725,QRIS,0.0,0.5462817009185849,ml_model
M0549,Digital Lestari,Electronics,accessories,retailer,Bogor,Cibinong,Tidak,,91699848.0,2.0,0.106847,0.0008949289896421,0.0012778909767816,3,31.0,0.0,0.0534235,60.0,0,20.0,18.3340312905514,15.0,40.0,3.7,5.0,1,0,1,True,0.0368425521099777,600,Rendah,0,0.0368425521099777,QRIS,0.0,0.5119692073324414,ml_model
M0605,Toko Sparepart Harmoni,Automotive,sparepart,retailer,Jakarta,Pluit,Tidak,,95257224.0,1.0,0.073684,0.0008726388171586,0.0,8,53.0,0.0,0.073684,50.0,0,25.0,18.372091422112764,5.0,30.0,4.7,1.0,1,1,0,True,0.0242277244461259,607,Rendah,0,0.0242277244461259,QRIS,0.0,0.5124333492568905,ml_model
M0591,CV Tech Supply Sentosa,Electronics,accessories,supplier,Jakarta,Tebet,Tidak,,311606891.0,8.0,0.439502,0.0018745210892856,0.0092823183155988,16,46.0,0.75,0.05493775,94.0,1,10.444444444444445,19.55725298981639,15.0,30.0,3.3,3.0,1,0,1,True,0.3502934037546042,94,Tinggi,1,0.3502934037546042,QRIS,0.0,0.5405910226677424,ml_model
M0594,Komputer Gemilang,Electronics,computer,retailer,Bekasi,Summarecon,Tidak,,88657917.0,4.0,0.2371359999999999,0.0018522611836429,0.0044172766835207,9,62.0,0.5,0.0592839999999999,59.0,0,11.8,18.30029590403681,13.0,2.0,0.0,1.0,0,1,0,True,0.2340782329901141,421,Rendah,0,0.2340782329901141,QRIS,0.0,0.5115723007203071,ml_model
M0515,Komputer Makmur,Electronics,computer,retailer,Jakarta,Menteng,Tidak,,39071575.0,3.0,0.16392,0.0012291253686136,0.0018162151284179,3,31.0,0.6666666666666666,0.05464,42.0,0,10.5,17.480905804072837,11.0,50.0,4.1,1.0,1,0,1,True,0.2323718432984352,428,Rendah,0,0.2323718432984352,QRIS,0.0,0.5051006509454987,ml_model
M0697,Motor Berkah,Automotive,bengkel,retailer,Bandung,Buah Batu,Tidak,,88059186.0,3.0,0.1532649999999999,0.0010802027112702,0.0025507508867255,10,29.0,1.0,0.0510883333333333,35.0,0,8.75,18.29351972590768,11.0,30.0,3.1,1.0,1,0,1,True,0.3080160544832849,193,Sedang,0,0.3080160544832849,QRIS,0.0,0.5114941774594152,ml_model
M0602,UD Oli Maju,Automotive,dealer,supplier,Depok,Cinere,Tidak,,140717900.0,4.0,0.226174,0.0013416166514556,0.0024853470178351,11,31.0,1.0,0.0565435,98.0,0,19.6,18.762267742136792,5.0,30.0,0.0,2.0,0,1,1,True,0.3350161202790576,118,Sedang,0,0.3350161202790576,QRIS,0.0,0.5183625813691769,ml_model
M0554,PT Elektronik Bu Tini,Electronics,accessories,supplier,Bekasi,Kemang Pratama,Tidak,,360692616.0,22.0,1.316962,0.0045773005361778,0.0353470178351319,16,46.0,0.9090909090909092,0.059861909090909,170.0,1,7.391304347826087,19.703536677130877,7.0,70.0,4.2,1.0,1,0,0,True,0.7119182493298692,16,Tinggi,1,0.7119182493298692,QRIS,0.0,0.546950008772672,ml_model
M0650,Auto Bu Tini,Automotive,sparepart,retailer,Bogor,Dramaga,Tidak,,122863645.0,3.0,0.155226,0.0011048747684595,0.0023444771463788,6,29.0,1.0,0.051742,61.0,0,15.25,18.626585729313778,14.0,21.0,4.0,1.0,1,0,0,True,0.3093075470937804,190,Sedang,0,0.3093075470937804,QRIS,0.0,0.5160344549806516,ml_model
M0001,Kafe Berkah,F&B,cafe,retailer,Jakarta,Kemang,Tidak,,102671254.0,3.0,0.169395,0.0011872555134353,0.0013231705783211,10,29.0,0.3333333333333333,0.0564649999999999,50.0,0,12.5,18.44704274282954,20.0,37.0,4.8,5.0,1,1,0,True,0.1476396300626069,575,Rendah,0,0.1476396300626069,QRIS,0.0,0.5134006110043745,ml_model
M0513,CV Tech Supply Pratama,Electronics,accessories,supplier,Bekasi,Grand Galaxy,Tidak,,243065512.0,1.0,0.054795,0.0006865671214751,0.0,8,53.0,1.0,0.054795,29.0,0,14.5,19.308841565792097,11.0,95.0,3.5,1.0,1,0,0,True,0.264118313376384,360,Rendah,0,0.264118313376384,QRIS,0.0,0.5316898774723839,ml_model
M0285,PT Tekstil Citra,Fashion,accessories,supplier,Depok,Sawangan,Tidak,,1621190673.0,10.0,0.54925,0.0026868774692497,0.0225945211682137,16,46.0,0.4,0.054925,99.0,1,9.0,21.20642670017289,10.0,43.0,3.1,3.0,1,0,0,True,0.3266279064053096,133,Sedang,0,0.3266279064053096,QRIS + EDC,1.0,0.6998516171706763,ml_model
M0192,Warung Mulia,F&B,cafe,retailer,Tangerang,Karawaci,Tidak,,141917848.0,8.0,0.437512,0.0024470586297954,0.015706990667371,0,39.0,0.75,0.0546889999999999,56.0,1,6.222222222222222,18.770758919984527,7.0,27.0,0.0,2.0,0,0,1,True,0.3759857618961909,59,Tinggi,1,0.3759857618961909,QRIS,0.0,0.5185190225272401,ml_model
M0185,Bakery Utama,F&B,warung,retailer,Tangerang,Karawaci,Tidak,,53697848.0,3.0,0.163858,0.0012403806359124,0.0027721178275853,12,67.0,1.0,0.0546193333333333,53.0,0,13.25,17.798883502810913,3.0,17.0,3.3,1.0,1,0,0,True,0.3162081908737308,161,Sedang,0,0.3162081908737308,QRIS,0.0,0.5070098411572552,ml_model
M0179,PT Distributor Citra,F&B,bakery,supplier,Bogor,Bogor Tengah,Tidak,,238117434.0,3.0,0.16428,0.0014678336323384,0.0054083968505521,8,53.0,1.0,0.05476,39.0,0,9.75,19.28827453431172,11.0,26.0,3.9,1.0,1,0,0,True,0.3265242520799263,134,Sedang,0,0.3265242520799263,QRIS,0.0,0.5310464441641342,ml_model
M0176,Bakery Barokah,F&B,restaurant,retailer,Bekasi,Grand Galaxy,Tidak,,138234893.0,4.0,0.223669,0.0016562744952736,0.0052071541770432,14,48.0,0.75,0.05591725,60.0,0,12.0,18.74446492657399,2.0,34.0,5.0,1.0,1,0,0,True,0.2865091316943726,262,Rendah,0,0.2865091316943726,QRIS,0.0,0.5180388522013929,ml_model
M0175,Bakery Pak Haji,F&B,restaurant,retailer,Depok,Cimanggis,Tidak,,84226631.0,6.0,0.355016,0.0021390999604769,0.0136040047292028,9,62.0,0.5,0.0591693333333333,53.0,0,7.571428571428571,18.2490217237388,12.0,37.0,4.4,5.0,1,1,0,True,0.2748982879640076,326,Rendah,0,0.2748982879640076,QRIS,0.0,0.5109940871675187,ml_model
M0171,Bakery Kang Asep,F&B,catering,retailer,Jakarta,Cempaka Putih,Tidak,,29486320.0,4.0,0.226848,0.0015061192813292,0.0056750433929514,2,31.0,0.75,0.056712,53.0,0,10.6,17.19943701885506,4.0,13.0,3.8,1.0,1,0,0,True,0.2800103030405794,308,Rendah,0,0.2800103030405794,QRIS,0.0,0.503849388510618,ml_model
M0169,Bakery Buana,F&B,cafe,retailer,Bogor,Cibinong,Tidak,,52648625.0,1.0,0.051282,0.0006141608416841,0.0,7,40.0,0.0,0.051282,47.0,0,23.5,17.77915069933763,20.0,13.0,0.0,3.0,0,1,0,True,0.0105300419584643,624,Rendah,0,0.0105300419584643,QRIS,0.0,0.50687289058805,ml_model
M0168,RM Mandiri,F&B,warung,retailer,Bandung,Braga,Tidak,,361985127.0,3.0,0.160346,0.0012105686557081,0.0011018036374613,13,36.0,0.6666666666666666,0.0534486666666666,45.0,0,11.25,19.707113686073193,15.0,7.0,3.5,1.0,1,0,1,True,0.2312114099540216,438,Rendah,0,0.2312114099540216,QRIS,0.0,0.5471172540921387,ml_model
M0160,Dapur Anugrah,F&B,warung,retailer,Depok,Cimanggis,Tidak,,118556268.0,3.0,0.167885,0.0010433912499966,0.0027016828918572,14,48.0,0.6666666666666666,0.0559616666666666,47.0,0,11.75,18.59089824971864,12.0,13.0,3.1,1.0,1,0,1,True,0.2243360824979892,460,Rendah,0,0.2243360824979892,QRIS,0.0,0.515472681475683,ml_model
M0146,Dapur Pak Haji,F&B,warung,retailer,Tangerang,Karawaci,Tidak,,132705186.0,3.0,0.18476,0.0011888828487228,0.0027620556939098,4,22.0,0.6666666666666666,0.0615866666666666,50.0,0,12.5,18.703640586707316,19.0,31.0,3.4,2.0,1,0,1,True,0.2324303814096384,427,Rendah,0,0.2324303814096384,QRIS,0.0,0.5173178467524788,ml_model
M0144,Kedai Kang Asep,F&B,cafe,retailer,Bekasi,Summarecon,Tidak,,77529608.0,2.0,0.1143049999999999,0.0010088564446494,0.0012376424420798,10,29.0,1.0,0.0571524999999999,59.0,0,19.666666666666668,18.166170472973345,3.0,12.0,4.3,2.0,1,0,1,True,0.2926623805238586,224,Sedang,0,0.2926623805238586,QRIS,0.0,0.5101201750229413,ml_model
M0134,Dapur Anugrah,F&B,restaurant,retailer,Jakarta,Cempaka Putih,Tidak,,100556788.0,5.0,0.278088,0.0019614412405032,0.0075113827887203,10,29.0,1.0,0.0556176,55.0,0,9.166666666666666,18.42623319055109,6.0,22.0,3.3,2.0,1,1,0,True,0.3763209386458974,58,Tinggi,1,0.3763209386458974,QRIS,0.0,0.5131247598714336,ml_model
M0133,Kedai Sukses,F&B,cafe,retailer,Jakarta,Pluit,Tidak,,25239648.0,4.0,0.249597,0.0016063698401359,0.0019168364651724,11,31.0,0.5,0.06239925,40.0,0,8.0,17.043926689042966,6.0,48.0,3.9,1.0,1,0,1,True,0.2240893231504396,462,Rendah,0,0.2240893231504396,QRIS,0.0,0.5032950101649918,ml_model
M0127,Warung Mandiri,F&B,catering,retailer,Tangerang,Cipondoh,Tidak,,26923694.0,2.0,0.110884,0.0008966913130295,0.0006087590873644,0,39.0,0.0,0.055442,59.0,0,19.666666666666668,17.108517311865544,15.0,22.0,3.5,1.0,1,1,0,True,0.0372857885767155,599,Rendah,0,0.0372857885767155,QRIS,0.0,0.503514853627,ml_model
M0121,Bakery Maju,F&B,restaurant,retailer,Jakarta,Thamrin,Tidak,,133809640.0,1.0,0.055046,0.0005760240908625,0.0,5,38.0,1.0,0.055046,58.0,0,29.0,18.71192875836897,11.0,19.0,4.1,1.0,1,1,1,True,0.2591457470535229,380,Rendah,0,0.2591457470535229,QRIS,0.0,0.5174618597627947,ml_model
M0119,UD Supplier Purnama,F&B,restaurant,supplier,Tangerang,Karawaci,Tidak,,734175201.0,8.0,0.46325,0.0017587150307666,0.0035670263879455,16,46.0,0.875,0.05790625,98.0,1,10.88888888888889,20.4142582529186,5.0,78.0,4.4,2.0,1,0,0,True,0.3784493230722096,56,Tinggi,1,0.3784493230722096,QRIS,0.0,0.5946901864830754,ml_model
M0193,UD Supplier Nusantara,F&B,catering,supplier,Depok,Sawangan,Tidak,,349241771.0,6.0,0.33626,0.0019788748949324,0.0108117626342665,14,48.0,0.3333333333333333,0.0560433333333333,38.0,0,5.428571428571429,19.67127499676871,14.0,8.0,3.9,1.0,1,1,0,True,0.2243021361029751,461,Rendah,0,0.2243021361029751,QRIS,0.0,0.5454678603771232,ml_model
M0194,Warung Makmur,F&B,restaurant,retailer,Tangerang,Gading Serpong,Tidak,,21398579.0,3.0,0.16403,0.0011823292647426,0.0028073352954494,12,67.0,0.3333333333333333,0.0546766666666666,54.0,0,13.5,16.878835122650294,18.0,45.0,3.4,1.0,1,0,1,True,0.1469338141826009,577,Rendah,0,0.1469338141826009,QRIS,0.0,0.5027935739179643,ml_model
M0199,CV Bahan Utama,F&B,bakery,supplier,Jakarta,Menteng,Tidak,,308294784.0,23.0,1.470949,0.0047575300360769,0.033139637260081,16,46.0,0.7391304347826086,0.0639543043478261,195.0,1,8.125,19.54656697737111,12.0,53.0,0.0,1.0,0,0,0,True,0.7000621364141429,17,Tinggi,1,0.7000621364141429,QRIS,0.0,0.5401614439162372,ml_model
M0257,Toko Baju Citra,Fashion,footwear,retailer,Bogor,Dramaga,Tidak,,205348693.0,4.0,0.208817,0.0012475334156233,0.0061479636756974,16,46.0,0.25,0.05220425,64.0,0,12.8,19.14022003847323,18.0,16.0,0.0,1.0,0,0,1,True,0.1417014290201568,586,Rendah,0,0.1417014290201568,QRIS,0.0,0.5267827895024024,ml_model
M0282,Butik Prima,Fashion,footwear,retailer,Depok,Cinere,Tidak,,119152841.0,3.0,0.1895,0.0011060503321247,0.0006439765552285,1,28.0,0.6666666666666666,0.0631666666666666,64.0,0,16.0,18.595917613511595,11.0,3.0,4.1,1.0,1,1,1,True,0.2291142981420312,444,Rendah,0,0.2291142981420312,QRIS,0.0,0.5155504896387838,ml_model
M0280,Fashion Nusantara,Fashion,footwear,retailer,Bekasi,Harapan Indah,Tidak,,46418923.0,3.0,0.171401,0.0009282409959496,0.0017508112595275,11,31.0,1.0,0.0571336666666666,69.0,0,17.25,17.653217778877973,18.0,20.0,4.9,3.0,1,0,0,True,0.3027827296175048,207,Sedang,0,0.3027827296175048,QRIS,0.0,0.506059733811471,ml_model
M0279,PT Tekstil Utama,Fashion,accessories,supplier,Depok,Cimanggis,Tidak,,311167424.0,1.0,0.051282,0.0005294949723475,0.0,6,29.0,1.0,0.051282,27.0,0,13.5,19.55584166933978,16.0,34.0,3.6,2.0,1,0,0,True,0.2567041953315635,390,Rendah,0,0.2567041953315635,QRIS,0.0,0.5405340274571351,ml_model
M0278,Butik Sukses,Fashion,footwear,retailer,Tangerang,BSD,Tidak,,38255764.0,2.0,0.107624,0.0010323242919445,0.0009106230976278,2,31.0,0.0,0.053812,55.0,0,18.333333333333332,17.459804825834105,3.0,14.0,0.0,1.0,0,0,1,True,0.0431210969780258,594,Rendah,0,0.0431210969780258,QRIS,0.0,0.5049941569680003,ml_model
M0510,Toko IT Lestari,Electronics,gadget,retailer,Bekasi,Summarecon,Tidak,,31082169.0,4.0,0.221744,0.0016916277957798,0.0059869695368902,13,36.0,1.0,0.055436,59.0,0,11.8,17.25214490084625,20.0,22.0,0.0,1.0,0,0,0,True,0.3504332827822714,93,Tinggi,1,0.3504332827822714,QRIS,0.0,0.5040577149482501,ml_model
M0273,Outlet Barokah,Fashion,footwear,retailer,Bogor,Dramaga,Tidak,,187042678.0,3.0,0.162665,0.0014809434523692,0.0057957889970568,2,31.0,0.6666666666666666,0.0542216666666666,57.0,0,14.25,19.04684737872489,20.0,18.0,4.0,2.0,1,1,0,True,0.2436378613835798,406,Rendah,0,0.2436378613835798,QRIS,0.0,0.5243991884737722,ml_model
M0270,Toko Baju Surya,Fashion,footwear,retailer,Bekasi,Grand Galaxy,Tidak,,73858859.0,1.0,0.051546,0.000656188497083,0.0,13,36.0,0.0,0.051546,51.0,0,25.5,18.117666532663566,2.0,1.0,3.6,2.0,1,1,0,True,0.0124529481802744,620,Rendah,0,0.0124529481802744,QRIS,0.0,0.5096411427443036,ml_model
M0260,Butik Makmur,Fashion,textile,retailer,Bekasi,Kemang Pratama,Tidak,,131849364.0,2.0,0.108128,0.0009474378151358,0.0013684501798606,9,62.0,1.0,0.054064,44.0,0,14.666666666666666,18.697170654673094,15.0,47.0,3.9,2.0,1,0,0,True,0.2893306755039381,239,Sedang,0,0.2893306755039381,QRIS,0.0,0.5172062516214718,ml_model
M0248,PT Tekstil Pratama,Fashion,clothing,supplier,Depok,Margonda,Tidak,,174482780.0,27.0,2.13143,0.0064259587938854,0.0132065504490227,16,46.0,0.7037037037037037,0.0789418518518518,377.0,1,13.464285714285714,18.977336618520173,20.0,99.0,4.0,1.0,1,1,0,True,0.8605681673395854,2,Tinggi,1,0.8605681673395854,QRIS,0.0,0.5227631315798189,ml_model
M0208,Dapur Persada,F&B,warung,retailer,Bogor,Sentul,Tidak,,104260940.0,3.0,0.174862,0.0011539464535749,0.0012326113752421,0,39.0,0.3333333333333333,0.0582873333333333,49.0,0,12.25,18.462407362776645,12.0,43.0,4.1,5.0,1,1,0,True,0.1466268713350188,578,Rendah,0,0.1466268713350188,QRIS,0.0,0.5136079944935344,ml_model
M0246,Toko Baju Berkah,Fashion,accessories,retailer,Bekasi,Summarecon,Tidak,,48591000.0,7.0,0.39132,0.0024855198282698,0.0131361155132945,1,28.0,0.4285714285714285,0.0559028571428571,51.0,0,6.375,17.698948907116588,3.0,3.0,4.9,1.0,1,1,1,True,0.2845855137890486,276,Rendah,0,0.2845855137890486,QRIS,0.0,0.5063432567116811,ml_model
M0243,PT Tekstil Bang Jali,Fashion,footwear,supplier,Bogor,Sentul,Tidak,,440750636.0,2.0,0.105046,0.0009594356765043,0.0007949085603602,8,53.0,1.0,0.052523,67.0,0,22.333333333333332,19.903989824504965,10.0,6.0,3.1,3.0,1,0,1,True,0.2895952428139617,237,Sedang,0,0.2895952428139617,QRIS,0.0,0.5572877014666855,ml_model
M0239,Outlet Bu Tini,Fashion,accessories,retailer,Bandung,Setiabudhi,Tidak,,36193575.0,4.0,0.208166,0.0015388024029976,0.0060171559379166,2,31.0,1.0,0.0520415,49.0,0,9.8,17.40439220248483,13.0,21.0,3.9,3.0,1,0,0,True,0.3423045389738017,105,Sedang,0,0.3423045389738017,QRIS,0.0,0.5047249618487807,ml_model
M0220,UD Kain Sukses,Fashion,accessories,supplier,Tangerang,Karawaci,Tidak,,314187126.0,2.0,0.1152779999999999,0.0012095933166313,0.00315950997409,3,31.0,1.0,0.0576389999999999,20.0,0,6.666666666666667,19.565499312227185,14.0,81.0,4.9,1.0,1,0,0,True,0.3018208314725139,208,Sedang,0,0.3018208314725139,QRIS,0.0,0.5409256361952338,ml_model
M0216,Fashion Abadi,Fashion,textile,retailer,Tangerang,Karawaci,Tidak,,130003547.0,1.0,0.051546,0.0005866234244899,0.0,8,53.0,0.0,0.051546,46.0,0,23.0,18.68307230035512,11.0,41.0,3.8,2.0,1,0,1,True,0.009309470171771,628,Rendah,0,0.009309470171771,QRIS,0.0,0.5169655600083926,ml_model
M0215,Fashion Maju,Fashion,accessories,retailer,Jakarta,Cempaka Putih,Tidak,,49439372.0,4.0,0.223054,0.0015043604845893,0.0061882122103992,12,67.0,0.25,0.0557635,51.0,0,10.2,17.716257688994457,14.0,30.0,4.3,1.0,1,0,0,True,0.154589112266125,561,Rendah,0,0.154589112266125,QRIS,0.0,0.5064539942707955,ml_model
M0210,Resto Utama,F&B,restaurant,retailer,Depok,Cimanggis,Tidak,,2104741179.0,5.0,0.303011,0.0018505479518345,0.0096193997937262,14,48.0,0.6,0.0606021999999999,61.0,0,10.166666666666666,21.467458341651827,8.0,22.0,4.9,1.0,1,0,0,True,0.2735546831649474,330,Rendah,0,0.2735546831649474,QRIS + EDC,1.0,0.7500920198773203,ml_model
M0116,Dapur Anugrah,F&B,restaurant,retailer,Bekasi,Grand Galaxy,Tidak,,86132090.0,4.0,0.221013,0.0016894598835303,0.0058611928659472,9,62.0,0.5,0.05525325,47.0,0,9.4,18.27139261772598,10.0,22.0,0.0,1.0,0,0,0,True,0.2252694809222967,456,Rendah,0,0.2252694809222967,QRIS,0.0,0.5112427234765853,ml_model
M0115,Resto Bu Tini,F&B,bakery,retailer,Bandung,Buah Batu,Tidak,,55222173.0,3.0,0.169619,0.0012507788423272,0.0016954695243126,9,62.0,1.0,0.0565396666666666,34.0,0,8.5,17.826875133484865,19.0,30.0,3.4,5.0,1,0,0,True,0.3171969379525557,156,Sedang,0,0.3171969379525557,QRIS,0.0,0.5072088028689129,ml_model
M0114,Dapur Anugrah,F&B,restaurant,retailer,Bogor,Tanah Sareal,Tidak,,602692636.0,5.0,0.280804,0.0025152081627277,0.0078132467989837,4,22.0,0.8,0.0561608,57.0,0,9.5,20.216917901687093,11.0,9.0,0.0,2.0,0,1,0,True,0.3515889540578654,90,Tinggi,1,0.3515889540578654,QRIS,0.0,0.5780389343410197,ml_model
M0038,Warung Makmur,F&B,cafe,retailer,Bogor,Sentul,Tidak,,11254705.0,1.0,0.05,0.0005939214355794,0.0,7,40.0,1.0,0.05,51.0,0,25.5,16.236296910258112,15.0,29.0,4.6,3.0,1,0,1,True,0.2595000058040289,379,Rendah,0,0.2595000058040289,QRIS,0.0,0.5014693072376523,ml_model
M0060,Dapur Harmoni,F&B,bakery,retailer,Bandung,Cihampelas,Tidak,,157981834.0,5.0,0.267367,0.0021293974104527,0.0078585264005232,8,53.0,0.2,0.0534734,56.0,0,9.333333333333334,18.877990616027443,2.0,4.0,3.7,2.0,1,0,1,True,0.1829448627250217,507,Rendah,0,0.1829448627250217,QRIS,0.0,0.5206129752823715,ml_model
M0058,Dapur Bu Tini,F&B,cafe,retailer,Depok,Cinere,Tidak,,49709611.0,4.0,0.2193999999999999,0.0015581653628676,0.0034362186501647,5,38.0,0.75,0.05485,48.0,0,9.6,17.721708872769824,15.0,38.0,4.1,2.0,1,0,0,True,0.2816913194902664,297,Rendah,0,0.2816913194902664,QRIS,0.0,0.5064892682954659,ml_model
M0056,Toko Grosir Mas Bro,F&B,restaurant,supplier,Depok,Margonda,Tidak,,619872329.0,6.0,0.317862,0.0017628240359124,0.0141423288808391,11,31.0,0.6666666666666666,0.0529769999999999,97.0,0,13.857142857142858,20.245024095444272,20.0,18.0,3.4,1.0,1,0,1,True,0.2962155952115134,214,Sedang,0,0.2962155952115134,QRIS,0.0,0.5802255766943615,ml_model
M0050,Kafe Mas Bro,F&B,warung,retailer,Jakarta,Menteng,Tidak,,13433523.0,2.0,0.1187459999999999,0.0009766736726012,0.0003370814781274,5,38.0,1.0,0.0593729999999999,45.0,0,15.0,16.413263931696463,8.0,30.0,0.0,1.0,0,0,1,True,0.2916081070730707,227,Sedang,0,0.2916081070730707,QRIS,0.0,0.5017537508485337,ml_model
M0049,UD Supplier Lestari,F&B,cafe,supplier,Bandung,Dago,Tidak,,387371458.0,3.0,0.160599,0.0011594040244399,0.004847432898146,1,28.0,0.6666666666666666,0.053533,48.0,0,12.0,19.774894633017176,19.0,96.0,0.0,2.0,0,0,1,True,0.2289221905554834,446,Rendah,0,0.2289221905554834,QRIS,0.0,0.5503999323952301,ml_model
M0043,Kafe Gemilang,F&B,restaurant,retailer,Tangerang,Karawaci,Tidak,,59169487.0,7.0,0.379515,0.0022668820425513,0.0126128845621714,5,38.0,0.5714285714285714,0.0542164285714285,59.0,0,7.375,17.895916561581807,15.0,34.0,4.7,1.0,1,0,1,True,0.3093568413977554,189,Sedang,0,0.3093568413977554,QRIS,0.0,0.5077240131664332,ml_model
M0042,PT Distributor Sumber,F&B,warung,supplier,Tangerang,Gading Serpong,Tidak,,337506262.0,7.0,0.3968,0.0022873477996902,0.0124267350891756,9,62.0,0.2857142857142857,0.0566857142857142,88.0,0,11.0,19.637094625141717,12.0,30.0,4.1,5.0,1,1,0,True,0.2404098799134819,409,Rendah,0,0.2404098799134819,QRIS,0.0,0.5439480300449112,ml_model
M0032,Kedai Bang Jali,F&B,restaurant,retailer,Bekasi,Harapan Indah,Tidak,,347769466.0,3.0,0.177997,0.0012544546311436,0.0027570246270721,7,40.0,0.3333333333333333,0.0593323333333333,47.0,0,11.75,19.66705036707161,16.0,1.0,0.0,1.0,0,0,0,True,0.1514509543953149,568,Rendah,0,0.1514509543953149,QRIS,0.0,0.5452772324809895,ml_model
M0064,Bakery Harmoni,F&B,catering,retailer,Bekasi,Summarecon,Tidak,,22374087.0,4.0,0.209945,0.0015428914074841,0.0101023822101476,0,39.0,0.75,0.05248625,54.0,0,10.8,16.923414061517956,13.0,25.0,0.0,5.0,0,0,0,True,0.2801495407971003,306,Rendah,0,0.2801495407971003,QRIS,0.0,0.5029209231711831,ml_model
M0029,Kedai Bang Jali,F&B,bakery,retailer,Tangerang,Karawaci,Tidak,,38241244.0,3.0,0.159673,0.0011033362328175,0.0031142303725504,1,28.0,0.3333333333333333,0.0532243333333333,57.0,0,14.25,17.45942520314887,3.0,13.0,3.7,2.0,1,0,1,True,0.1429718865833088,585,Rendah,0,0.1429718865833088,QRIS,0.0,0.5049922615584939,ml_model
M0023,Resto Citra,F&B,bakery,retailer,Depok,Margonda,Tidak,,69774235.0,7.0,0.413432,0.0026037595248563,0.0135386008603124,1,28.0,1.0,0.0590617142857142,50.0,0,6.25,18.06077538784624,10.0,10.0,3.4,1.0,1,0,0,True,0.4347771897346249,28,Tinggi,1,0.4347771897346249,QRIS,0.0,0.5091080790562295,ml_model
M0017,Kafe Abadi,F&B,restaurant,retailer,Bogor,Cibinong,Tidak,,26388846.0,0.0,0.0,0.0,0.0,-1,0.0,0.0,0.0,0.0,0,0.0,17.08845201673307,12.0,10.0,3.9,1.0,1,0,1,False,0.0,633,Tidak Teranalisis,0,0.0,QRIS,0.0,0.5034450321406753,ml_model
M0016,CV Bahan Bersama,F&B,bakery,supplier,Bandung,Setiabudhi,Tidak,,187665180.0,4.0,0.227128,0.0015015034571091,0.005846099665434,12,67.0,0.5,0.056782,44.0,0,8.8,19.05016998088587,8.0,79.0,0.0,1.0,0,0,0,True,0.2173269438845113,486,Rendah,0,0.2173269438845113,QRIS,0.0,0.5244802624818437,ml_model
M0013,PT Distributor Sejahtera,F&B,restaurant,supplier,Tangerang,Karawaci,Tidak,,357115500.0,9.0,0.482356,0.0021991003521298,0.0217140844716122,16,46.0,0.6666666666666666,0.0535951111111111,116.0,1,11.6,19.693569819631534,20.0,53.0,4.0,1.0,1,1,0,True,0.3566074550056977,85,Tinggi,1,0.3566074550056977,QRIS,0.0,0.5464870903221004,ml_model
M0009,Bakery Berkah,F&B,bakery,retailer,Tangerang,Cipondoh,Tidak,,43032794.0,6.0,0.327918,0.0023820644569967,0.0071239906422156,9,62.0,0.8333333333333334,0.054653,57.0,0,8.142857142857142,17.577473057388097,11.0,28.0,0.0,5.0,0,0,1,True,0.3667699602484073,68,Tinggi,1,0.3667699602484073,QRIS,0.0,0.5056177320531342,ml_model
M0008,Kedai Nusantara,F&B,warung,retailer,Depok,Margonda,Tidak,,130997822.0,2.0,0.130827,0.0013238203589753,0.00315950997409,8,53.0,0.5,0.0654135,52.0,0,17.333333333333332,18.69069126270673,3.0,12.0,4.0,2.0,1,1,0,True,0.1833829312974107,506,Rendah,0,0.1833829312974107,QRIS,0.0,0.5170952128787275,ml_model
M0003,Toko Grosir Persada,F&B,restaurant,supplier,Tangerang,Alam Sutera,Tidak,,494051751.0,2.0,0.113747,0.0008513931583682,0.0011018036374613,12,67.0,1.0,0.0568735,42.0,0,14.0,20.018150830798735,6.0,90.0,3.9,1.0,1,1,0,True,0.285496736533625,270,Rendah,0,0.285496736533625,QRIS,0.0,0.5641434856671866,ml_model
M0063,Kedai Bersama,F&B,cafe,retailer,Bandung,Braga,Tidak,,24259006.0,3.0,0.156914,0.0011407923050234,0.0031293235730636,1,28.0,0.3333333333333333,0.0523046666666666,46.0,0,11.5,17.00429852906785,5.0,25.0,4.3,3.0,1,0,0,True,0.1444159408059417,582,Rendah,0,0.1444159408059417,QRIS,0.0,0.5031669918508036,ml_model
M0113,Dapur Bersama,F&B,catering,retailer,Bandung,Cihampelas,Tidak,,69317446.0,7.0,0.430253,0.0024838356576806,0.0072397051794833,9,62.0,0.4285714285714285,0.0614647142857142,63.0,0,7.875,18.054207192935547,17.0,37.0,3.9,1.0,1,0,1,True,0.2880159967931833,249,Sedang,0,0.2880159967931833,QRIS,0.0,0.5090484645164854,ml_model
M0099,RM Citra,F&B,restaurant,retailer,Bandung,Buah Batu,Tidak,,65962839.0,1.0,0.054054,0.0005963153264715,0.0,9,62.0,0.0,0.054054,58.0,0,29.0,18.004602111126587,7.0,49.0,4.6,1.0,1,0,1,True,0.0099733124270359,626,Rendah,0,0.0099733124270359,QRIS,0.0,0.5086106542720139,ml_model
M0112,Bakery Nusantara,F&B,bakery,retailer,Bekasi,Kemang Pratama,Tidak,,64111705.0,0.0,0.0,0.0,0.0,-1,0.0,0.0,0.0,0.0,0,0.0,17.976137526122567,14.0,39.0,4.3,3.0,1,0,1,False,0.0,633,Tidak Teranalisis,0,0.0,QRIS,0.0,0.5083690568079792,ml_model
M0109,CV Bahan Jaya,F&B,bakery,supplier,Bandung,Braga,Tidak,,361596791.0,1.0,0.052083,0.0007060541823103,0.0,2,31.0,1.0,0.052083,54.0,0,27.0,19.706040314761527,6.0,30.0,0.0,5.0,0,0,1,True,0.264754624431566,358,Rendah,0,0.264754624431566,QRIS,0.0,0.5470670062136122,ml_model
M0108,Dapur Surya,F&B,cafe,retailer,Bogor,Bogor Tengah,Tidak,,76831097.0,6.0,0.311521,0.0018582391656281,0.0176942620682715,7,40.0,0.5,0.0519201666666666,51.0,0,7.285714285714286,18.15712003803416,15.0,31.0,0.0,1.0,0,1,0,True,0.2582893921802898,383,Rendah,0,0.2582893921802898,QRIS,0.0,0.5100290208310355,ml_model
M0107,Kedai Barokah,F&B,warung,retailer,Bandung,Dago,Tidak,,358545924.0,4.0,0.225163,0.0016148265382911,0.0029129876990415,11,31.0,0.5,0.05629075,40.0,0,8.0,19.697567313007244,17.0,27.0,4.5,1.0,1,0,0,True,0.2222707587991041,469,Rendah,0,0.2222707587991041,QRIS,0.0,0.5466722127306566,ml_model
M0106,PT Distributor Karya,F&B,restaurant,supplier,Bandung,Buah Batu,Tidak,,406559434.0,2.0,0.127504,0.000994811509713,0.000925716298141,14,48.0,1.0,0.063752,53.0,0,17.666666666666668,19.823240687826388,11.0,94.0,4.4,1.0,1,0,1,True,0.2932165208367314,222,Sedang,0,0.2932165208367314,QRIS,0.0,0.5528782145556281,ml_model
M0103,Kedai Mulia,F&B,catering,retailer,Bekasi,Grand Galaxy,Tidak,,48233141.0,3.0,0.151724,0.0011836875277837,0.0030639197041732,5,38.0,1.0,0.0505746666666666,51.0,0,12.75,17.691556936097815,4.0,17.0,3.9,1.0,1,0,1,True,0.312553490419761,179,Sedang,0,0.312553490419761,QRIS,0.0,0.5062965453739188,ml_model
M0101,Warung Nusantara,F&B,bakery,retailer,Depok,Margonda,Tidak,,18368840.0,3.0,0.1627,0.0013264076427356,0.0018916811309838,14,48.0,0.0,0.0542333333333333,62.0,0,15.5,16.726166363203102,19.0,36.0,4.7,1.0,1,0,1,True,0.0699912461968552,592,Rendah,0,0.0699912461968552,QRIS,0.0,0.5023980495538757,ml_model
M0097,Kedai Buana,F&B,restaurant,retailer,Jakarta,Kelapa Gading,Tidak,,85712415.0,2.0,0.107639,0.0008945457135155,0.0006389454883908,6,29.0,0.5,0.0538195,55.0,0,18.333333333333332,18.26650825055386,17.0,14.0,3.1,1.0,1,0,1,True,0.1618965660142031,538,Rendah,0,0.1618965660142031,QRIS,0.0,0.5111879621088626,ml_model
M0067,Warung Anugrah,F&B,catering,retailer,Tangerang,BSD,Tidak,,61539566.0,4.0,0.234398,0.0017235059927403,0.0033054109123839,5,38.0,0.75,0.0585995,56.0,0,11.2,17.93519089175932,4.0,26.0,4.1,2.0,1,0,0,True,0.290513492142078,232,Sedang,0,0.290513492142078,QRIS,0.0,0.5080333521925793,ml_model
M0094,Bakery Sejahtera,F&B,bakery,retailer,Bandung,Buah Batu,Tidak,,48891008.0,1.0,0.053097,0.000643478238433,0.0,4,22.0,0.0,0.053097,62.0,0,31.0,17.70510407250918,7.0,30.0,4.9,1.0,1,0,1,True,0.0120182964579928,621,Rendah,0,0.0120182964579928,QRIS,0.0,0.5063824166727086,ml_model
M0085,Resto Sumber,F&B,bakery,retailer,Jakarta,Pluit,Tidak,,31716758.0,3.0,0.159402,0.0012033845488981,0.0029280808995547,14,48.0,1.0,0.0531339999999999,55.0,0,13.75,17.272355774226938,15.0,15.0,4.2,1.0,1,0,0,True,0.3141350873667318,172,Sedang,0,0.3141350873667318,QRIS,0.0,0.5041405555223653,ml_model
M0078,Dapur Mas Bro,F&B,restaurant,retailer,Jakarta,Kemang,Tidak,,50168273.0,1.0,0.051546,0.0006108908960008,0.0,0,39.0,0.0,0.051546,43.0,0,21.5,17.73089339283894,13.0,30.0,3.2,1.0,1,1,1,True,0.0104060587351539,625,Rendah,0,0.0104060587351539,QRIS,0.0,0.5065491368366084,ml_model
M0073,Bakery Berkah,F&B,catering,retailer,Jakarta,Sudirman,Tidak,,63576633.0,2.0,0.120778,0.0008442132638725,0.0009408094986541,9,62.0,1.0,0.060389,48.0,0,16.0,17.967756570869028,5.0,22.0,4.8,1.0,1,0,0,True,0.2858055569423373,269,Rendah,0,0.2858055569423373,QRIS,0.0,0.5082992221036124,ml_model
M0070,Kafe Bu Tini,F&B,warung,retailer,Bandung,Setiabudhi,Tidak,,36740572.0,6.0,0.343396,0.0020786539478524,0.017140844716122,7,40.0,0.8333333333333334,0.0572326666666666,67.0,0,9.571428571428571,17.4193922337102,11.0,19.0,4.7,1.0,1,0,1,True,0.3544536306770852,86,Tinggi,1,0.3544536306770852,QRIS,0.0,0.5047963663060616,ml_model
M0068,RM Persada,F&B,warung,retailer,Bogor,Bogor Tengah,Tidak,,162011780.0,1.0,0.05,0.0006198368263382,0.0,7,40.0,1.0,0.05,51.0,0,25.5,18.903179612774743,14.0,6.0,4.4,2.0,1,0,1,True,0.2606710598674461,372,Rendah,0,0.2606710598674461,QRIS,0.0,0.5211381710696241,ml_model
M0284,Fashion Sejahtera,Fashion,clothing,retailer,Tangerang,Cipondoh,Tidak,,21551717.0,2.0,0.100505,0.0008255149078162,0.0017558423263653,14,48.0,1.0,0.0502525,52.0,0,17.333333333333332,16.88596609291416,2.0,17.0,3.3,1.0,1,1,0,True,0.2831346907763293,286,Rendah,0,0.2831346907763293,QRIS,0.0,0.5028135655876862,ml_model
M0276,Fashion Anugrah,Fashion,clothing,retailer,Bekasi,Summarecon,Tidak,,99522382.0,8.0,0.445746,0.0026227739492891,0.0208034613739843,12,67.0,0.375,0.05571825,49.0,1,5.444444444444445,18.41589313160416,4.0,47.0,3.9,1.0,1,0,0,True,0.2909175271774931,229,Sedang,0,0.2909175271774931,QRIS,0.0,0.512989809369845,ml_model
M0288,Fashion Abadi,Fashion,footwear,retailer,Jakarta,Cempaka Putih,Tidak,,111494462.0,3.0,0.15,0.0011747719907532,0.0062033054109123,13,36.0,0.3333333333333333,0.05,54.0,0,13.5,18.529485488438564,6.0,18.0,3.1,1.0,1,1,0,True,0.1453286762504533,580,Rendah,0,0.1453286762504533,QRIS,0.0,0.5145515879347686,ml_model
M0438,Swalayan Prima,Grocery,distributor,retailer,Tangerang,Alam Sutera,Tidak,,18961263.0,4.0,0.235951,0.0015196857909828,0.0052423716449073,10,29.0,0.75,0.05898775,56.0,0,11.2,16.757908719235694,16.0,39.0,4.5,1.0,1,0,1,True,0.2814432227181539,300,Rendah,0,0.2814432227181539,QRIS,0.0,0.5024753890516137,ml_model
M0432,Minimarket Buana,Grocery,toko_kelontong,retailer,Bandung,Setiabudhi,Tidak,,10476980.0,2.0,0.116671,0.0008523898451706,5.534173521495233e-05,10,29.0,0.5,0.0583355,63.0,0,21.0,16.164691122837226,10.0,34.0,3.0,2.0,1,0,1,True,0.1608051309252705,542,Rendah,0,0.1608051309252705,QRIS,0.0,0.5013677753841755,ml_model
M0430,CV Grosir Sentosa,Grocery,toko_kelontong,supplier,Jakarta,Senayan,Tidak,,72059909.0,4.0,0.2514429999999999,0.0017505771227481,0.0038537971976957,12,67.0,0.5,0.0628607499999999,65.0,0,13.0,18.09300841432424,18.0,33.0,0.0,1.0,0,0,0,True,0.2307719668402507,439,Rendah,0,0.2307719668402507,QRIS,0.0,0.5094063734780477,ml_model
M0427,Mart Prima,Grocery,toko_kelontong,retailer,Depok,Cimanggis,Tidak,,27551537.0,1.0,0.066667,0.0006532005786462,0.0,6,29.0,0.0,0.066667,51.0,0,25.5,17.13156891777632,9.0,33.0,3.2,1.0,1,1,1,True,0.013679837600164,614,Rendah,0,0.013679837600164,QRIS,0.0,0.5035968149277452,ml_model
M0425,PT Distribusi Sentosa,Grocery,toko_kelontong,supplier,Jakarta,Pluit,Tidak,,493138566.0,2.0,0.107931,0.0013041310425121,0.00315950997409,12,67.0,1.0,0.0539655,75.0,0,25.0,20.01630076148,4.0,85.0,4.3,1.0,1,1,0,True,0.305431039731425,201,Sedang,0,0.305431039731425,QRIS,0.0,0.5640262270124162,ml_model
M0422,Toko Sukses,Grocery,distributor,retailer,Depok,Cimanggis,Tidak,,318714653.0,3.0,0.16905,0.0010926103076029,0.0013835433803738,8,53.0,0.6666666666666666,0.05635,51.0,0,12.75,19.579806758876455,16.0,30.0,4.1,1.0,1,0,0,True,0.2266651014119016,453,Rendah,0,0.2266651014119016,QRIS,0.0,0.54151269171402,ml_model
M0421,Toko Sentosa,Grocery,supermarket,retailer,Bekasi,Kemang Pratama,Tidak,,419541552.0,6.0,0.342664,0.0025124249699175,0.0076698613941086,1,28.0,0.6666666666666666,0.0571106666666666,48.0,0,6.857142857142857,19.854673132601327,18.0,30.0,3.1,1.0,1,0,1,True,0.3323221020991158,124,Sedang,0,0.3323221020991158,QRIS,0.0,0.5545534786644282,ml_model
M0420,Mart Kang Asep,Grocery,minimarket,retailer,Bandung,Braga,Tidak,,69773625.0,4.0,0.220608,0.0013961882402687,0.0029482051669056,1,28.0,0.5,0.055152,57.0,0,11.4,18.06076664532606,5.0,7.0,0.0,3.0,0,1,0,True,0.211980764802839,499,Rendah,0,0.211980764802839,QRIS,0.0,0.5091079994466272,ml_model
M0418,UD Sembako Mulia,Grocery,minimarket,supplier,Bogor,Bogor Tengah,Tidak,,322798777.0,0.0,0.0,0.0,0.0,-1,0.0,0.0,0.0,0.0,0,0.0,19.592539708727127,11.0,75.0,0.0,1.0,0,0,0,False,0.0,633,Tidak Teranalisis,0,0.0,QRIS,0.0,0.5420421551907774,ml_model
M0417,Minimarket Sejahtera,Grocery,minimarket,retailer,Bekasi,Kemang Pratama,Tidak,,265211128.0,4.0,0.216897,0.0015979126607479,0.0056951676603023,0,39.0,0.75,0.05422425,50.0,0,10.0,19.396036779950546,16.0,30.0,0.0,1.0,0,1,1,True,0.2832619658855412,284,Rendah,0,0.2832619658855412,QRIS,0.0,0.5345683061773854,ml_model
M0411,Minimarket Harmoni,Grocery,distributor,retailer,Depok,Margonda,Tidak,,124579346.0,3.0,0.169507,0.0011934594322417,0.0017256559253389,4,22.0,1.0,0.0565023333333333,55.0,0,13.75,18.64045339616472,2.0,18.0,4.4,2.0,1,0,0,True,0.3145967243986651,168,Sedang,0,0.3145967243986651,QRIS,0.0,0.5162582076491555,ml_model
M0406,Swalayan Purnama,Grocery,toko_kelontong,retailer,Tangerang,Alam Sutera,Tidak,,115014059.0,6.0,0.336894,0.0018394183129555,0.0066711946268206,9,62.0,0.8333333333333334,0.056149,64.0,0,9.142857142857142,18.56056493972384,14.0,33.0,4.5,5.0,1,1,1,True,0.3430575318039366,104,Sedang,0,0.3430575318039366,QRIS,0.0,0.5150106727755782,ml_model
M0404,Minimarket Mas Bro,Grocery,supermarket,retailer,Bekasi,Summarecon,Tidak,,68495768.0,4.0,0.219907,0.0013558261195022,0.005337961914824,9,62.0,0.5,0.05497675,50.0,0,10.0,18.04228253490147,20.0,43.0,3.2,2.0,1,0,0,True,0.2100937607078813,501,Rendah,0,0.2100937607078813,QRIS,0.0,0.5089412284596238,ml_model
M0403,CV Grosir Kang Asep,Grocery,supermarket,supplier,Jakarta,Kuningan,Tidak,,295504599.0,5.0,0.259216,0.0017104663957507,0.0135134455261238,12,67.0,0.2,0.0518432,68.0,0,11.333333333333334,19.504194961525137,16.0,98.0,0.0,1.0,0,0,1,True,0.1632802418010092,530,Rendah,0,0.1632802418010092,QRIS,0.0,0.5385020082112849,ml_model
M0400,Mart Mandiri,Grocery,minimarket,retailer,Bekasi,Kemang Pratama,Tidak,,200041355.0,2.0,0.119411,0.0009298371337274,0.0005936658868513,3,31.0,1.0,0.0597055,40.0,0,13.333333333333334,19.114034683136275,13.0,9.0,4.2,1.0,1,0,1,True,0.2895515714307479,238,Sedang,0,0.2895515714307479,QRIS,0.0,0.526091849146787,ml_model
M0289,Fashion Berkah,Fashion,textile,retailer,Jakarta,Thamrin,Tidak,,84553301.0,4.0,0.242089,0.0015416284663461,0.0036575855910245,9,62.0,0.75,0.06052225,60.0,0,12.0,18.252892686360592,1.0,10.0,4.1,2.0,1,0,0,True,0.2829875918690172,289,Rendah,0,0.2829875918690172,QRIS,0.0,0.5110367135193775,ml_model
M0394,PT Distribusi Nusantara,Grocery,distributor,supplier,Bekasi,Summarecon,Tidak,,1273668317.0,3.0,0.156642,0.0010079413876482,0.0033909390486252,8,53.0,0.6666666666666666,0.052214,53.0,0,13.25,20.96516701326146,17.0,34.0,0.0,1.0,0,1,1,True,0.2217215630161853,471,Rendah,0,0.2217215630161853,QRIS + EDC,1.0,0.6604082400796967,ml_model
M0391,Minimarket Pak Haji,Grocery,supermarket,retailer,Jakarta,Thamrin,Tidak,,29251072.0,4.0,0.218432,0.0012478729829974,0.0037129273262395,6,29.0,1.0,0.054608,57.0,0,11.4,17.19142681472999,19.0,32.0,3.5,1.0,1,1,1,True,0.3300827694579499,127,Sedang,0,0.3300827694579499,QRIS,0.0,0.5038186784866968,ml_model
M0390,PT Distribusi Utama,Grocery,minimarket,supplier,Tangerang,Alam Sutera,Tidak,,185483609.0,3.0,0.176233,0.0013288330909169,0.001670314190124,14,48.0,0.3333333333333333,0.0587443333333333,25.0,0,6.25,19.03847708031301,20.0,66.0,3.8,1.0,1,0,1,True,0.1546530592171157,559,Rendah,0,0.1546530592171157,QRIS,0.0,0.5241961313264532,ml_model
M0435,Swalayan Gemilang,Grocery,minimarket,retailer,Bogor,Bogor Tengah,Tidak,,253816303.0,7.0,0.390794,0.0019632402672639,0.0170754408472316,16,46.0,0.7142857142857143,0.0558277142857142,69.0,0,8.625,19.352121350739996,13.0,19.0,0.0,1.0,0,0,0,True,0.3323661549739395,123,Sedang,0,0.3323661549739395,QRIS,0.0,0.5330875122559996,ml_model
M0440,UD Sembako Pratama,Grocery,minimarket,supplier,Jakarta,Menteng,Tidak,,281477153.0,6.0,0.349465,0.002438172365945,0.0106608306291349,7,40.0,1.0,0.0582441666666666,49.0,0,7.0,19.45556184416882,20.0,30.0,3.7,1.0,1,0,0,True,0.4129126862584832,35,Tinggi,1,0.4129126862584832,QRIS,0.0,0.536681066466308,ml_model
M0387,Mart Pratama,Grocery,distributor,retailer,Jakarta,Kemang,Tidak,,89306102.0,2.0,0.110426,0.0007990985057803,0.0004427338817196,9,62.0,0.0,0.055213,44.0,0,14.666666666666666,18.30758038617665,15.0,42.0,4.3,1.0,1,0,1,True,0.0328345539925854,605,Rendah,0,0.0328345539925854,QRIS,0.0,0.5116568761710895,ml_model
M0442,Mart Surya,Grocery,distributor,retailer,Bekasi,Grand Galaxy,Tidak,,63756055.0,6.0,0.323575,0.0024063677085129,0.0122342967826327,10,29.0,0.8333333333333334,0.0539291666666666,58.0,0,8.285714285714286,17.9705747335694,13.0,19.0,3.3,2.0,1,1,1,True,0.3674770037390166,67,Tinggi,1,0.3674770037390166,QRIS,0.0,0.5083226393291674,ml_model
M0509,Digital Anugrah,Electronics,gadget,retailer,Bandung,Buah Batu,Tidak,,68590833.0,7.0,0.397362,0.0023283366937065,0.0114255527884687,1,28.0,0.5714285714285714,0.056766,53.0,0,6.625,18.043669468608464,13.0,13.0,0.0,1.0,0,1,1,True,0.313741258467982,174,Sedang,0,0.313741258467982,QRIS,0.0,0.5089536353032857,ml_model
M0505,Gadget Pratama,Electronics,gadget,retailer,Bekasi,Harapan Indah,Tidak,,36558405.0,4.0,0.220964,0.0015294479491078,0.0048952280331044,8,53.0,0.75,0.055241,43.0,0,8.6,17.414421704037373,14.0,29.0,5.0,1.0,1,1,1,True,0.280534513872655,303,Rendah,0,0.280534513872655,QRIS,0.0,0.5047725864243398,ml_model
M0504,PT Elektronik Kang Asep,Electronics,service,supplier,Bandung,Setiabudhi,Tidak,,461676685.0,10.0,0.550512,0.0026590855410718,0.0270268910522476,16,46.0,0.8,0.0550512,104.0,1,9.454545454545457,19.95037539020918,12.0,52.0,0.0,1.0,0,0,0,True,0.4254857209542596,31,Tinggi,1,0.4254857209542596,QRIS,0.0,0.559982038471354,ml_model
M0503,PT Elektronik Pak Haji,Electronics,accessories,supplier,Bogor,Cibinong,Tidak,,96123649.0,4.0,0.223196,0.0015295616524444,0.0065454179558775,8,53.0,1.0,0.055799,65.0,0,13.0,18.3811459414782,17.0,80.0,0.0,1.0,0,0,1,True,0.3432406818610521,103,Sedang,0,0.3432406818610521,QRIS,0.0,0.5125463912083542,ml_model
M0501,Komputer Jaya,Electronics,service,retailer,Bandung,Braga,Tidak,,151116223.0,3.0,0.161243,0.0012365071987864,0.0015596307196941,6,29.0,0.3333333333333333,0.0537476666666666,46.0,0,11.5,18.833559794079868,11.0,12.0,0.0,2.0,0,0,0,True,0.1491309671673477,573,Rendah,0,0.1491309671673477,QRIS,0.0,0.5197181220099256,ml_model
M0494,Toko IT Buana,Electronics,gadget,retailer,Bandung,Setiabudhi,Tidak,,30245084.0,7.0,0.432554,0.0027323576164629,0.0111035645108545,8,53.0,0.8571428571428571,0.0617934285714285,58.0,0,7.25,17.224844249901082,9.0,43.0,4.6,1.0,1,0,1,True,0.4065962070680725,41,Tinggi,1,0.4065962070680725,QRIS,0.0,0.5039484397831288,ml_model
M0489,CV Grosir Karya,Grocery,supermarket,supplier,Bandung,Dago,Tidak,,1134789840.0,7.0,0.365364,0.0023042138129963,0.0198475586748169,12,67.0,0.8571428571428571,0.0521948571428571,95.0,0,11.875,20.84971330862062,12.0,19.0,3.0,3.0,1,0,0,True,0.3811978045166455,54,Tinggi,1,0.3811978045166455,QRIS + EDC,1.0,0.6439594612279292,ml_model
M0488,Minimarket Sejahtera,Grocery,distributor,retailer,Bandung,Cihampelas,Tidak,,24806264.0,6.0,0.346628,0.002278753505356,0.0075566623902598,12,67.0,0.8333333333333334,0.0577713333333333,61.0,0,8.714285714285714,17.026606800199648,13.0,2.0,0.0,3.0,0,0,1,True,0.3637867447433329,69,Tinggi,1,0.3637867447433329,QRIS,0.0,0.5032384339243142,ml_model
M0480,PT Distribusi Buana,Grocery,distributor,supplier,Depok,Cinere,Tidak,,720646965.0,4.0,0.240971,0.0012475155324158,0.0020375820692777,0,39.0,0.75,0.06024275,104.0,0,20.8,20.39565993039641,4.0,7.0,3.4,1.0,1,0,0,True,0.2695966419319791,339,Rendah,0,0.2695966419319791,QRIS,0.0,0.5929862727189852,ml_model
M0475,Swalayan Mandiri,Grocery,toko_kelontong,retailer,Bekasi,Jababeka,Tidak,,288576548.0,4.0,0.216935,0.0014060912717073,0.0098759842024501,8,53.0,1.0,0.05423375,49.0,0,9.8,19.480470943206193,14.0,20.0,4.5,1.0,1,0,1,True,0.3370974420759548,116,Sedang,0,0.3370974420759548,QRIS,0.0,0.5376027840087947,ml_model
M0470,Minimarket Sejahtera,Grocery,minimarket,retailer,Jakarta,Sudirman,Tidak,,39105105.0,2.0,0.1,0.0007897913779781,0.0017457801926898,1,28.0,0.5,0.05,33.0,0,11.0,17.481763604664987,3.0,38.0,3.2,1.0,1,0,0,True,0.1564749466012095,558,Rendah,0,0.1564749466012095,QRIS,0.0,0.5051050278600553,ml_model
M0468,PT Distribusi Persada,Grocery,supermarket,supplier,Bandung,Cihampelas,Tidak,,539420605.0,2.0,0.114128,0.0007734133573354,0.0002062737403466,11,31.0,1.0,0.057064,92.0,0,30.666666666666668,20.10600616964584,19.0,84.0,4.2,1.0,1,0,1,True,0.2820073328291222,295,Rendah,0,0.2820073328291222,QRIS,0.0,0.5699598406476717,ml_model
M0465,CV Grosir Mas Bro,Grocery,supermarket,supplier,Bandung,Setiabudhi,Tidak,,268977303.0,1.0,0.058419,0.0003836865964603,0.0,16,46.0,1.0,0.058419,55.0,0,27.5,19.410137562259404,11.0,7.0,3.6,3.0,1,0,0,True,0.2507582758254209,400,Rendah,0,0.2507582758254209,QRIS,0.0,0.5350576000019699,ml_model
M0464,PT Distribusi Kang Asep,Grocery,toko_kelontong,supplier,Bandung,Cihampelas,Tidak,,349209968.0,2.0,0.106075,0.0008906971972823,0.0012074560410535,7,40.0,1.0,0.0530375,61.0,0,20.333333333333332,19.671183929632196,20.0,30.0,0.0,1.0,0,0,1,True,0.2865817957253501,261,Rendah,0,0.2865817957253501,QRIS,0.0,0.545463742798276,ml_model
M0455,Mart Citra,Grocery,supermarket,retailer,Bandung,Buah Batu,Tidak,,40741921.0,2.0,0.101546,0.0007044385205628,0.0018967121978215,5,38.0,0.0,0.050773,43.0,0,14.333333333333334,17.522768144871527,5.0,19.0,4.4,1.0,1,0,1,True,0.0277573005421797,606,Rendah,0,0.0277573005421797,QRIS,0.0,0.505318692382556,ml_model
M0445,CV Grosir Sukses,Grocery,supermarket,supplier,Depok,Cimanggis,Tidak,,103639013.0,3.0,0.188668,0.0015500111191531,0.0035318089200815,14,48.0,1.0,0.0628893333333333,40.0,0,10.0,18.456424399911658,5.0,30.0,4.0,1.0,1,1,1,True,0.3324342137689766,122,Sedang,0,0.3324342137689766,QRIS,0.0,0.513526861168745,ml_model
M0389,Minimarket Bu Tini,Grocery,toko_kelontong,retailer,Jakarta,Thamrin,Tidak,,154450073.0,6.0,0.3237339999999999,0.0018951208016309,0.0113199003848766,6,29.0,0.3333333333333333,0.0539556666666666,61.0,0,8.714285714285714,18.855381456448207,11.0,30.0,0.0,2.0,0,0,0,True,0.2193893085888154,477,Rendah,0,0.2193893085888154,QRIS,0.0,0.5201526670943781,ml_model
M0395,Mart Mulia,Grocery,toko_kelontong,retailer,Jakarta,Kuningan,Tidak,,189802783.0,2.0,0.123185,0.0009656298191898,0.0002062737403466,12,67.0,1.0,0.0615925,61.0,0,20.333333333333332,19.06149611210418,12.0,21.0,0.0,2.0,0,1,0,True,0.291508870285339,228,Sedang,0,0.291508870285339,QRIS,0.0,0.5247586518069568,ml_model
M0383,Toko Karya,Grocery,minimarket,retailer,Jakarta,Senayan,Tidak,,9708320.0,3.0,0.163856,0.0012157313453819,0.0026060926219404,9,62.0,0.6666666666666666,0.0546186666666666,48.0,0,12.0,16.088493910794956,10.0,31.0,3.9,2.0,1,1,1,True,0.2317608353611225,433,Rendah,0,0.2317608353611225,QRIS,0.0,0.5012674268538855,ml_model
M0325,Toko Baju Persada,Fashion,clothing,retailer,Bekasi,Jababeka,Tidak,,26551169.0,3.0,0.160292,0.0012484000856158,0.0022740422106507,12,67.0,0.6666666666666666,0.0534306666666666,55.0,0,13.75,17.094584372477875,4.0,23.0,0.0,2.0,0,0,0,True,0.2329160574847955,425,Rendah,0,0.2329160574847955,QRIS,0.0,0.5034662225364248,ml_model
M0348,PT Tekstil Pak Haji,Fashion,accessories,supplier,Depok,Cinere,Tidak,,95441970.0,2.0,0.11615,0.0009742571542495,0.0005735416195004,3,31.0,0.5,0.058075,72.0,0,24.0,18.37402898725905,10.0,8.0,3.5,1.0,1,0,0,True,0.1662650959591705,519,Rendah,0,0.1662650959591705,QRIS,0.0,0.5124574530640716,ml_model
M0346,PT Tekstil Barokah,Fashion,textile,supplier,Tangerang,Karawaci,Tidak,,354294820.0,6.0,0.329434,0.0023752819841688,0.0112897139838502,2,31.0,1.0,0.0549056666666666,85.0,0,12.142857142857142,19.68563995217312,16.0,10.0,3.7,1.0,1,0,0,True,0.4082666851983872,39,Tinggi,1,0.4082666851983872,QRIS,0.0,0.5461220063356477,ml_model
M0345,UD Kain Mandiri,Fashion,clothing,supplier,Jakarta,Kelapa Gading,Tidak,,201877039.0,4.0,0.216328,0.0014273806742332,0.0039644806681256,14,48.0,0.75,0.054082,34.0,0,6.8,19.123169357153294,10.0,77.0,4.2,1.0,1,0,0,True,0.2755047880824267,325,Rendah,0,0.2755047880824267,QRIS,0.0,0.5263308406835253,ml_model
M0343,Outlet Gemilang,Fashion,clothing,retailer,Tangerang,Cipondoh,Tidak,,81855815.0,1.0,0.055351,0.0003912109572104,0.0,16,46.0,1.0,0.055351,61.0,0,30.5,18.220469916068243,18.0,30.0,0.0,1.0,0,0,1,True,0.2508219573626303,399,Rendah,0,0.2508219573626303,QRIS,0.0,0.5106847205607322,ml_model
M0380,Toko Harmoni,Grocery,toko_kelontong,retailer,Jakarta,Cempaka Putih,Tidak,,31722334.0,5.0,0.285863,0.0017067609706919,0.0070032450381103,9,62.0,0.6,0.0571726,60.0,0,10.0,17.272531564884176,3.0,49.0,3.1,1.0,1,0,1,True,0.265512823466679,353,Rendah,0,0.265512823466679,QRIS,0.0,0.5041412834240565,ml_model
M0333,PT Tekstil Indonesia,Fashion,footwear,supplier,Tangerang,Karawaci,Tidak,,312665237.0,3.0,0.165041,0.0016905800722656,0.0039091389329107,12,67.0,0.6666666666666666,0.0550136666666666,73.0,0,18.25,19.560643648995576,11.0,72.0,0.0,5.0,0,0,1,True,0.2533248347889527,396,Rendah,0,0.2533248347889527,QRIS,0.0,0.5407282769708662,ml_model
M0329,Outlet Sejahtera,Fashion,footwear,retailer,Jakarta,Senayan,Tidak,,115145584.0,5.0,0.265152,0.0017571930338265,0.0096898347294543,12,67.0,0.8,0.0530304,50.0,0,8.333333333333334,18.56170784220196,11.0,4.0,4.7,5.0,1,0,0,True,0.3159263449320871,163,Sedang,0,0.3159263449320871,QRIS,0.0,0.5150278279847019,ml_model
M0320,CV Konveksi Bersama,Fashion,clothing,supplier,Bogor,Cibinong,Tidak,,265171025.0,6.0,0.332459,0.001994849505863,0.0108117626342665,12,67.0,0.6666666666666666,0.0554098333333333,56.0,0,8.0,19.39588555691373,19.0,30.0,4.0,1.0,1,0,0,True,0.3080149781541227,194,Sedang,0,0.3080149781541227,QRIS,0.0,0.534563095717221,ml_model
M0353,Minimarket Jaya,Grocery,distributor,retailer,Bekasi,Kemang Pratama,Tidak,,142078980.0,3.0,0.166236,0.0012646023033484,0.0081553593439488,2,31.0,1.0,0.055412,53.0,0,13.25,18.771893665166647,10.0,28.0,3.4,1.0,1,1,0,True,0.3175168894823196,154,Sedang,0,0.3175168894823196,QRIS,0.0,0.518540029558956,ml_model
M0316,Fashion Jaya,Fashion,accessories,retailer,Jakarta,Kelapa Gading,Tidak,,66912975.0,0.0,0.0,0.0,0.0,-1,0.0,0.0,0.0,0.0,0,0.0,18.01890346742645,5.0,41.0,0.0,2.0,0,0,1,False,0.0,633,Tidak Teranalisis,0,0.0,QRIS,0.0,0.5087346580285597,ml_model
M0313,Butik Karya,Fashion,footwear,retailer,Depok,Cinere,Tidak,,138015245.0,3.0,0.157547,0.0011868490389117,0.001670314190124,2,31.0,1.0,0.0525156666666666,40.0,0,10.0,18.74287471528007,4.0,26.0,4.8,1.0,1,0,1,True,0.3132208128428115,177,Sedang,0,0.3132208128428115,QRIS,0.0,0.5180102142296019,ml_model
M0309,CV Konveksi Mbak Sri,Fashion,accessories,supplier,Bogor,Tanah Sareal,Tidak,,455851613.0,8.0,0.459287,0.0017935238964581,0.0111085955776922,16,46.0,0.75,0.057410875,121.0,1,13.444444444444445,19.93767790662729,14.0,87.0,3.6,1.0,1,0,0,True,0.3484153154924752,97,Sedang,0,0.3484153154924752,QRIS,0.0,0.5592323782693789,ml_model
M0307,Butik Berkah,Fashion,clothing,retailer,Bekasi,Summarecon,Tidak,,207345782.0,3.0,0.157799,0.0011562383111216,0.0050059115035343,9,62.0,0.6666666666666666,0.0525996666666666,60.0,0,15.0,19.149898406856412,11.0,32.0,3.8,2.0,1,0,0,True,0.2285269514158183,449,Rendah,0,0.2285269514158183,QRIS,0.0,0.5270427558317111,ml_model
M0299,UD Kain Citra,Fashion,clothing,supplier,Tangerang,Cipondoh,Tidak,,563844856.0,6.0,0.342872,0.0016780402451281,0.00897039217166,16,46.0,0.8333333333333334,0.0571453333333333,80.0,0,11.428571428571429,20.15028969538079,20.0,92.0,0.0,3.0,0,1,1,True,0.3363036675410474,117,Sedang,0,0.3363036675410474,QRIS,0.0,0.5730831934179367,ml_model
M0293,Outlet Sukses,Fashion,clothing,retailer,Tangerang,Karawaci,Tidak,,38631235.0,4.0,0.222194,0.0015308185876593,0.0031645410409277,7,40.0,0.5,0.0555485,46.0,0,9.2,17.46957172998875,13.0,30.0,4.4,2.0,1,0,0,True,0.2182072323921718,482,Rendah,0,0.2182072323921718,QRIS,0.0,0.5050431700931244,ml_model
M0351,Swalayan Prima,Grocery,minimarket,retailer,Jakarta,Thamrin,Tidak,,86860749.0,3.0,0.169628,0.0011097745835721,0.0025255955525369,11,31.0,0.6666666666666666,0.0565426666666666,52.0,0,13.0,18.27981681961806,16.0,11.0,3.8,1.0,1,0,0,True,0.2274927725307199,451,Rendah,0,0.2274927725307199,QRIS,0.0,0.5113378020352503,ml_model
M0339,Outlet Makmur,Fashion,textile,retailer,Bandung,Buah Batu,Tidak,,95214072.0,1.0,0.057143,0.0005902944885781,0.0,5,38.0,1.0,0.057143,40.0,0,20.0,18.371638314466715,7.0,25.0,3.1,2.0,1,0,0,True,0.259979462876247,376,Rendah,0,0.259979462876247,QRIS,0.0,0.5124277192079195,ml_model
M0354,Toko Mas Bro,Grocery,toko_kelontong,retailer,Depok,Cinere,Tidak,,56857308.0,2.0,0.107143,0.0009291347071554,0.005846099665434,12,67.0,0.5,0.0535715,53.0,0,17.666666666666668,17.856055336299683,12.0,36.0,0.0,1.0,0,1,0,True,0.1634148859569128,527,Rendah,0,0.1634148859569128,QRIS,0.0,0.5074222254569228,ml_model
M0378,CV Grosir Utama,Grocery,toko_kelontong,supplier,Depok,Sawangan,Tidak,,340754762.0,25.0,1.70519,0.005323291831813,0.0255729127361457,16,46.0,0.84,0.0682076,233.0,1,8.961538461538462,19.64667360643295,5.0,98.0,3.3,5.0,1,1,0,True,0.7891837522393896,7,Tinggi,1,0.7891837522393896,QRIS,0.0,0.5443688166224233,ml_model
M0361,Toko Sejahtera,Grocery,distributor,retailer,Bandung,Setiabudhi,Tidak,,104784022.0,4.0,0.214469,0.001444217952239,0.0068523130329786,14,48.0,0.5,0.05361725,46.0,0,9.2,18.46741186593911,18.0,39.0,3.6,1.0,1,1,0,True,0.2135981891649404,497,Rendah,0,0.2135981891649404,QRIS,0.0,0.5136762324645427,ml_model
M0367,Swalayan Buana,Grocery,supermarket,retailer,Tangerang,BSD,Tidak,,80332371.0,2.0,0.107692,0.0009114423699841,0.0010967725706236,8,53.0,0.5,0.053846,54.0,0,18.0,18.20168323591024,11.0,13.0,3.7,5.0,1,0,0,True,0.1626648587683583,534,Rendah,0,0.1626648587683583,QRIS,0.0,0.5104859227725463,ml_model
M0369,PT Distribusi Mas Bro,Grocery,supermarket,supplier,Bogor,Dramaga,Tidak,,318184155.0,2.0,0.100633,0.0008934226452909,0.000633914421553,11,31.0,0.0,0.0503165,43.0,0,14.333333333333334,19.578140880044987,7.0,5.0,0.0,1.0,0,1,0,True,0.036214806406942,602,Rendah,0,0.036214806406942,QRIS,0.0,0.5414439113541296,ml_model
M0371,PT Distribusi Mas Bro,Grocery,minimarket,supplier,Bandung,Setiabudhi,Tidak,,300094546.0,7.0,0.410069,0.0021772446023074,0.0090861067089276,0,39.0,0.7142857142857143,0.0585812857142857,91.0,0,11.375,19.51960813963571,14.0,8.0,4.9,1.0,1,0,1,True,0.3437725406530293,101,Sedang,0,0.3437725406530293,QRIS,0.0,0.5390976213535056,ml_model
M0366,Minimarket Karya,Grocery,toko_kelontong,retailer,Depok,Margonda,Tidak,,45759115.0,10.0,0.544851,0.0031202760816491,0.0297235428772671,9,62.0,0.7,0.0544851,50.0,1,4.545454545454546,17.6389015866674,18.0,20.0,3.4,1.0,1,0,1,True,0.4208159397462727,32,Tinggi,1,0.4208159397462727,QRIS,0.0,0.5059736077798703,ml_model
M0377,PT Distribusi Jaya,Grocery,toko_kelontong,supplier,Bandung,Braga,Tidak,,591313273.0,2.0,0.11898,0.0008682705186747,0.0001459009382939,0,39.0,1.0,0.05949,48.0,0,16.0,20.19785650938062,4.0,10.0,3.1,3.0,1,1,1,True,0.2867307054789312,260,Rendah,0,0.2867307054789312,QRIS,0.0,0.5765888698013079,ml_model
M0362,Swalayan Gemilang,Grocery,toko_kelontong,retailer,Bekasi,Summarecon,Tidak,,260852330.0,2.0,0.103479,0.0008365710993332,0.0007043493572812,12,67.0,0.5,0.0517395,54.0,0,18.0,19.37946502356296,11.0,42.0,0.0,5.0,0,0,1,True,0.1589021533073447,550,Rendah,0,0.1589021533073447,QRIS,0.0,0.534001936972035,ml_model
M0368,UD Sembako Lestari,Grocery,supermarket,supplier,Depok,Sawangan,Tidak,,297246976.0,9.0,0.486107,0.0023146693643367,0.0182376172867456,6,29.0,0.7777777777777778,0.0540118888888888,101.0,1,10.1,19.51007392359279,10.0,76.0,4.3,1.0,1,0,1,True,0.3899453600711429,51,Tinggi,1,0.3899453600711429,QRIS,0.0,0.538728120294742,ml_model
M0296,Toko Baju Mulia,Fashion,textile,retailer,Tangerang,Cipondoh,Tidak,,71649473.0,4.0,0.24481,0.0014785741707579,0.0030437954368223,11,31.0,0.5,0.0612024999999999,47.0,0,9.4,18.08729637096936,4.0,4.0,3.4,2.0,1,0,0,True,0.2178833930585641,484,Rendah,0,0.2178833930585641,QRIS,0.0,0.509352809559643,ml_model
M0247,PT Tekstil Sentosa,Fashion,footwear,supplier,Tangerang,Unknown,Tidak,,201247036.0,4.0,0.236611,0.0016656797995998,0.0052926823132845,12,67.0,0.75,0.05915275,73.0,0,14.6,19.120043751173196,17.0,18.0,3.1,1.0,1,0,0,True,0.288099784542012,248,Sedang,0,0.288099784542012,QRIS,0.0,0.5262488206304149,ml_model
M0608,Bengkel Mbak Sri,Automotive,sparepart,retailer,Bogor,Unknown,Tidak,,21419467.0,5.0,0.279005,0.0019537617496446,0.0066510703594697,14,48.0,0.8,0.055801,55.0,0,9.166666666666666,16.879810786074135,15.0,37.0,3.8,1.0,1,0,0,True,0.3260565125881497,135,Sedang,0,0.3260565125881497,QRIS,0.0,0.5027963007792138,ml_model
M0033,UD Supplier Gemilang,F&B,restaurant,supplier,Bandung,Unknown,Tidak,,291107222.0,4.0,0.204351,0.0012692863734459,0.0074962895882071,7,40.0,0.75,0.05108775,59.0,0,11.8,19.489202221187135,11.0,100.0,3.5,2.0,1,0,0,True,0.2672821526172635,345,Rendah,0,0.2672821526172635,QRIS,0.0,0.5379312807170668,ml_model
M0006,UD Supplier Sentosa,F&B,restaurant,supplier,Bandung,Unknown,Tidak,,244002842.0,2.0,0.124074,0.0009315821502406,0.0009508716323296,8,53.0,0.5,0.062037,40.0,0,13.333333333333334,19.31269043482894,10.0,30.0,3.3,1.0,1,0,1,True,0.1650504079138451,521,Rendah,0,0.1650504079138451,QRIS,0.0,0.5318117532648374,ml_model
M0402,Toko Purnama,Grocery,minimarket,retailer,Depok,Unknown,Tidak,,38284760.0,1.0,0.052632,0.0005704231823252,0.0,10,29.0,0.0,0.052632,42.0,0,21.0,17.460562489856095,11.0,16.0,4.0,1.0,1,1,1,True,0.008675233252033,629,Rendah,0,0.008675233252033,QRIS,0.0,0.5049979420429191,ml_model
M0322,Butik Jaya,Fashion,accessories,retailer,Bandung,Unknown,Tidak,,112182921.0,0.0,0.0,0.0,0.0,-1,0.0,0.0,0.0,0.0,0,0.0,18.53564132912902,12.0,42.0,0.0,3.0,0,1,0,False,0.0,633,Tidak Teranalisis,0,0.0,QRIS,0.0,0.5146413902546201,ml_model
M0620,PT Otomotif Sumber,Automotive,dealer,supplier,Bogor,Cibinong,Tidak,,262172087.0,4.0,0.210071,0.0014149943945293,0.0072950469146982,2,31.0,0.5,0.05251775,56.0,0,11.2,19.384511670538096,10.0,46.0,3.4,1.0,1,0,0,True,0.2118815314268282,500,Rendah,0,0.2118815314268282,QRIS,0.0,0.5341734315789755,ml_model
M0461,Minimarket Maju,Grocery,minimarket,retailer,Depok,Cimanggis,Tidak,,67777253.0,5.0,0.264389,0.0018908691061342,0.0052675269790959,13,36.0,0.6,0.0528777999999999,56.0,0,9.333333333333334,18.0317372098967,17.0,34.0,4.3,3.0,1,0,1,True,0.2718981232578712,333,Rendah,0,0.2718981232578712,QRIS,0.0,0.5088474553882062,ml_model
M0557,Digital Bang Jali,Electronics,computer,retailer,Bandung,Buah Batu,Tidak,,57075784.0,2.0,0.103103,0.000813199623016,0.0004477649485573,1,28.0,0.5,0.0515515,39.0,0,13.0,17.859890504118226,17.0,4.0,3.7,1.0,1,0,0,True,0.1578121873375364,553,Rendah,0,0.1578121873375364,QRIS,0.0,0.5074507413783168,ml_model
M0536,Gadget Utama,Electronics,accessories,retailer,Bekasi,Unknown,Tidak,,68521546.0,3.0,0.161016,0.0011034794599431,0.0014036676477247,6,29.0,0.6666666666666666,0.053672,69.0,0,17.25,18.042658808515007,11.0,30.0,3.9,1.0,1,0,1,True,0.2264326522658785,454,Rendah,0,0.2264326522658785,QRIS,0.0,0.5089445927232276,ml_model
M0235,Butik Sukses,Fashion,textile,retailer,Depok,Unknown,Tidak,,452161366.0,4.0,0.21073,0.001458334442659,0.0036827409252131,1,28.0,0.75,0.0526824999999999,51.0,0,10.2,19.92954968072197,9.0,47.0,3.9,5.0,1,0,1,True,0.2763993180610593,324,Rendah,0,0.2763993180610593,QRIS,0.0,0.5587573202955077,ml_model
M0111,Kafe Maju,F&B,cafe,retailer,Depok,Cimanggis,Tidak,,69545840.5,3.0,0.151546,0.0014472306302628,0.0040500088043669,13,36.0,0.3333333333333333,0.0505153333333333,51.0,0,12.75,18.05749668302925,9.0,34.0,0.0,1.0,0,1,1,True,0.1577796695652675,554,Rendah,0,0.1577796695652675,QRIS,0.0,0.5090782718186319,ml_model
M0640,PT Otomotif Abadi,Automotive,dealer,supplier,Bekasi,Unknown,Tidak,,104420542.0,6.0,0.348552,0.0024346682403967,0.0119437526727542,9,62.0,0.5,0.058092,40.0,0,5.714285714285714,18.463936986086388,15.0,49.0,0.0,1.0,0,1,0,True,0.2876721119073531,252,Sedang,0,0.2876721119073531,QRIS,0.0,0.5136288152154109,ml_model
M0197,Dapur Persada,F&B,warung,retailer,Bekasi,Grand Galaxy,Tidak,,69545840.5,2.0,0.108112,0.0009770903062278,0.0018061529947425,12,67.0,1.0,0.054056,49.0,0,16.333333333333332,18.05749668302925,20.0,4.0,3.3,1.0,1,1,0,True,0.2906691590512738,230,Sedang,0,0.2906691590512738,QRIS,0.0,0.5090782718186297,ml_model
M0092,Kedai Persada,F&B,catering,retailer,Tangerang,Gading Serpong,Tidak,,69545840.5,5.0,0.279773,0.0017597408225857,0.0074057303851281,1,28.0,0.4,0.0559546,70.0,0,11.666666666666666,18.05749668302925,20.0,17.0,4.6,1.0,1,0,1,True,0.2173583460174093,485,Rendah,0,0.2173583460174093,QRIS,0.0,0.5090782718186315,ml_model
M0547,Toko IT Bersama,Electronics,service,retailer,Depok,Unknown,Tidak,,110371765.0,2.0,0.108566,0.0008111423978697,0.0023947878147561,13,36.0,0.5,0.054283,53.0,0,17.666666666666668,18.519364916345893,9.0,45.0,4.0,1.0,1,1,1,True,0.1582112634483325,551,Rendah,0,0.1582112634483325,QRIS,0.0,0.5144051417689537,ml_model
M0355,Mart Persada,Grocery,distributor,retailer,Bandung,Unknown,Tidak,,64545787.0,3.0,0.160907,0.0011967664623127,0.0012074560410535,0,39.0,0.6666666666666666,0.0536356666666666,59.0,0,14.75,17.982885421385102,16.0,2.0,3.0,2.0,1,0,1,True,0.2306382497956204,440,Rendah,0,0.2306382497956204,QRIS,0.0,0.5084257106037473,ml_model
M0484,Mart Berkah,Grocery,supermarket,retailer,Depok,Unknown,Tidak,,67777253.0,5.0,0.283145,0.0024464129333113,0.017140844716122,7,40.0,0.8,0.056629,35.0,0,5.833333333333333,18.0317372098967,6.0,11.0,0.0,2.0,0,0,1,True,0.3486911107418061,96,Sedang,0,0.3486911107418061,QRIS,0.0,0.5088474553882057,ml_model
