merchant_id,observed_qris_amount,observed_edc_amount,gross_qris_mdr_period,gross_edc_mdr_period,observation_months,monthly_gross_qris_mdr,monthly_gross_edc_mdr,monthly_net_qris_fbi,monthly_net_edc_fbi,monthly_net_total_fbi
M0003,7184460.29,5711694.4,11705.24844,72196.71687999999,12,975.43737,6016.393073333333,829.1217644999999,5113.934112333332,5943.055876833332
M0005,18937199.88,11283893.19,32776.86546,53445.859505,12,2731.405455,4453.821625416666,2321.69463675,3785.7483816041663,6107.443018354166
M0708,503481979.17,493398443.55,3524373.85419,4925612.93905,12,293697.8211825,410467.7449208333,249643.148005125,348897.5831827083,598540.7311878332
M0694,12915280.04,6253553.17,22023.47121,46074.328655,12,1835.2892675,3839.5273879166666,1559.995877375,3263.5982797291667,4823.594157104167
M0695,302930443.7,1960782342.09,2120513.1059,16728377.700535001,12,176709.42549166665,1394031.4750445834,150203.01166791664,1184926.753787896,1335129.7654558124
M0696,9021114.61,1828740.18,21831.64515,8508.557755,12,1819.3037625,709.0464795833333,1546.408198125,602.6895076458333,2149.0977057708333
M0697,15792821.41,8110068.1,21298.71426,83551.64156,12,1774.892855,6962.636796666667,1508.65892675,5918.241277166667,7426.900203916667
M0698,430067192.4,937689828.96,3010470.3468000004,3425912.389025,12,250872.52890000003,285492.6990854167,213241.64956500003,242668.79422260416,455910.4437876042
M0701,11357101.28,3238623.28,12366.62013,22894.612965,12,1030.5516774999999,1907.88441375,875.9689258749999,1621.7017516875,2497.6706775625
M0703,278170574.49,401528034.92,1947194.02143,2834798.20482,12,162266.1684525,236233.183735,137926.243184625,200798.20617475,338724.449359375
M0706,199975959.06,344665858.98,1399831.7134200002,1847194.766335,12,116652.64278500002,153932.89719458335,99154.74636725002,130842.96261539584,229997.70898264585
M0645,6912760.15,5690608.86,12090.58575,9460.91329,12,1007.5488125,788.4094408333334,856.416490625,670.1480247083334,1526.5645153333335
M0692,273356164.94,451678252.1,1913493.15458,2747419.628555,12,159457.76288166668,228951.63571291664,135539.0984494167,194608.89035597915,330147.98880539584
M0012,11766915.83,4972442.85,19942.12581,30032.348550000002,12,1661.8438175000001,2502.6957125000004,1412.5672448750001,2127.291355625,3539.8586005
M0011,9287994.68,8366920.05,16761.46014,46495.890770000005,12,1396.788345,3874.6575641666673,1187.27009325,3293.458929541667,4480.729022791667
M0010,205607021.6,180037707.87,1439249.1512,443160.433545,12,119937.42926666666,36930.03612875,101946.81487666666,31390.5307094375,133337.34558610414
M0008,15640632.65,2868801.43,28084.31631,50732.844175000006,12,2340.3596924999997,4227.737014583334,1989.3057386249998,3593.5764623958335,5582.882201020833
M0007,18253400.5,7183946.47,30815.5533,29664.90237,12,2567.962775,2472.0751975,2182.76835875,2101.2639178749996,4284.032276624999
M0439,286930640.01,408309092.48,2008514.48007,2070478.287375,12,167376.2066725,172539.85728125,142269.775671625,146658.8786890625,288928.6543606875
M0438,647194660.41,518353499.71,4530362.62287,3170749.31063,12,377530.2185725,264229.1092191667,320900.68578662496,224594.74283629167,545495.4286229166
M0468,273803311.96999997,395686768.03,1916623.18379,3187765.250485,12,159718.59864916667,265647.10420708335,135760.80885179166,225800.03857602083,361560.8474278125
M0467,507732969.88,385827374.7,3554130.78916,2721765.5111350003,12,296177.56576333335,226813.79259458336,251750.93089883335,192791.72370539585,444542.6546042292
M0465,428503140.62,217768634.0,2999521.98434,1805062.59776,12,249960.16536166667,150421.88314666666,212466.14055741666,127858.60067466665,340324.7412320833
M0463,373556317.05,608713822.12,2614894.21935,3700739.3097,12,217907.8516125,308394.942475,185221.673870625,262135.70110374998,447357.374974375
M0462,525099337.42,568099494.08,3675695.36194,3981134.77606,12,306307.94682833337,331761.23133833334,260361.75480408335,281997.04663758335,542358.8014416667
M0461,9455873.17,5753457.6,8648.94393,52725.853259999996,12,720.7453274999999,4393.821105,612.633528375,3734.74793925,4347.381467625
M0460,380137390.01,357226590.48,2660961.73007,2297751.8449,12,221746.81083916666,191479.32040833333,188484.78921329166,162757.4223470833,351242.21156037494
M0063,310736521.33,608324543.4300001,2175155.6493100002,3592881.46982,12,181262.97077583335,299406.7891516667,154073.52515945834,254495.7707789167,408569.29593837506
M0062,8328954.2,2251684.05,13932.49029,3377.5260749999998,12,1161.0408575,281.46050625,986.8847288749998,239.24143031249997,1226.1261591874998
M0061,328774164.46,307906997.51,2301419.15122,2356727.654195,12,191784.92926833333,196393.97118291666,163017.18987808333,166934.87550547917,329952.06538356247
M0060,488236236.38,605588165.08,3417653.65466,4419347.956135,12,284804.47122166667,368278.99634458334,242083.80053841666,313037.1468928958,555120.9474313124
M0059,432327429.88,969513595.09,3026292.00916,9371805.092290001,12,252191.00076333332,780983.7576908334,214362.35064883332,663836.1940372083,878198.5446860417
M0058,414914460.11,232410276.6,2904401.22077,1170050.65666,12,242033.43506416667,97504.22138833335,205728.41980454166,82878.58818008334,288607.007984625
M0053,7230494.29,3190380.67,6713.139120000001,18968.919384999997,12,559.42826,1580.743282083333,475.514021,1343.631789770833,1819.145810770833
M0022,293719222.66999996,364673238.84000003,2056034.55869,2154983.53204,12,171336.21322416668,179581.96100333333,145635.7812405417,152644.66685283332,298280.448093375
M0052,7226737.69,5533212.17,6522.30879,32150.889975000002,12,543.5257325,2679.24083125,461.996872625,2277.3547065625003,2739.3515791875
M0051,325746411.54,127837462.95,2280224.8807800002,1408682.912895,12,190018.74006500002,117390.24274125001,161515.92905525002,99781.7063300625,261297.63538531252
M0050,456013712.71999997,629791775.43,3192095.98904,2477116.278715,12,266007.9990866667,206426.35655958334,226106.79922366666,175462.40307564582,401569.20229931246
M0048,284528501.36,333215943.68,1991699.50952,2545172.8355,12,165974.95912666668,212097.73629166666,141078.71525766668,180283.07584791665,321361.7911055833
M0047,366002739.87,558089367.31,2562019.17909,1841230.59506,12,213501.5982575,153435.88292166666,181476.358518875,130420.50048341666,311896.8590022917
M0081,466995358.79,530500164.94,3268967.5115300003,4008988.5680050002,12,272413.9592941667,334082.3806670834,231551.8654000417,283970.02356702083,515521.8889670625
M0080,6438786.13,2053933.53,4082.0934599999996,15376.519035000001,12,340.17445499999997,1281.3765862500002,289.14828674999995,1089.1700983125002,1378.3183850625
M0079,17012350.58,5276621.32,28519.367130000002,30580.402895,12,2376.6139275,2548.3669079166666,2020.121838375,2166.1118717291665,4186.233710104167
M0077,11001135.48,4147306.49,7639.75578,42450.36721,12,636.6463150000001,3537.530600833333,541.14936775,3006.901010708333,3548.0503784583334
M0076,9235104.89,1366394.71,10965.31071,7654.208135,12,913.7758924999999,637.8506779166667,776.7095086249999,542.1730762291667,1318.8825848541665
M0075,303997236.93,252970561.55,2127980.65851,1811522.94006,12,177331.7215425,150960.245005,150731.963311125,128316.20825425,279048.171565375
M0073,6903847.66,3820057.9299999997,6482.19057,13317.659135,12,540.1825474999999,1109.8049279166667,459.1551653749999,943.3341887291666,1402.4893541041665
M0071,8495386.07,2763719.7199999997,11790.96966,40638.811855,12,982.580805,3386.5676545833335,835.19368425,2878.582506395833,3713.776190645833
M0069,12511473.23,5053293.62,28456.57302,23752.58974,12,2371.381085,1979.3824783333332,2015.67392225,1682.4751065833332,3698.1490288333334
M0037,194231566.10999998,254785273.13,1359620.96277,1179968.240775,12,113301.74689750001,98330.68673125001,96306.484862875,83581.0837215625,179887.5685844375
M0068,8675907.51,4706593.37,15724.48143,24875.11718,12,1310.3734525,2072.9264316666668,1113.817434625,1761.9874669166668,2875.804901541667
M0067,11464521.77,10887200.75,14272.38411,60921.250115,12,1189.3653425,5076.770842916667,1010.960541125,4315.255216479167,5326.215757604166
M0066,303469729.02,390300202.46,2124288.1031400003,3407527.02022,12,177024.00859500002,283960.58501833334,150470.40730575,241366.49726558334,391836.9045713333
M0065,10633064.15,4386474.6,14816.60103,31740.248955,12,1234.7167525,2645.02074625,1049.509239625,2248.2676343125,3297.7768739374997
M0064,14320311.97,2939907.05,17131.19382,9158.893085,12,1427.599485,763.2410904166667,1213.4595622499999,648.7549268541667,1862.2144891041667
M0088,14724714.88,12718162.95,22426.80669,89913.12301000001,12,1868.9005575,7492.760250833334,1588.565473875,6368.846213208333,7957.411687083333
M0085,15290709.27,3881780.9,15100.148640000001,11887.007055,12,1258.34572,990.58392125,1069.593862,841.9963330625,1911.5901950624998
M0644,512693863.84999996,962849314.23,3588857.04695,7369385.7864500005,12,299071.4205791667,614115.4822041667,254210.70749229167,521998.1598735417,776208.8673658334
M0642,482556737.03999996,510595997.72,3377897.15928,4428775.918295,12,281491.42994,369064.65985791665,239267.71544899998,313704.9608792291,552972.6763282291
M0641,395122318.04,343117894.18,2765856.22628,2553480.713035,12,230488.01885666666,212790.05941958333,195914.81602816665,180871.5505066458,376786.3665348125
M0639,254299209.13,1291408248.3,1780094.46391,8385830.533375001,12,148341.20532583332,698819.2111145834,126090.02452695831,593996.3294473959,720086.3539743542
M0636,8851524.15,8437324.04,10266.51996,43550.539469999996,12,855.54333,3629.2116224999995,727.2118304999999,3084.8298791249995,3812.0417096249994
M0635,443798859.34999996,981400340.18,3106592.01545,8793327.13509,12,258882.66795416665,732777.2612575,220050.26776104164,622860.672068875,842910.9398299167
M0632,366030838.01,493581400.34,2562215.86607,4322836.52115,12,213517.98883916668,360236.37676250003,181490.29051329166,306200.92024812504,487691.2107614167
M0084,5391027.94,6159094.41,2976.7095,58921.869395,12,248.059125,4910.155782916667,210.85025625,4173.632415479166,4384.482671729166
M0083,14132848.44,5743921.57,31110.63939,31520.935484999998,12,2592.5532825,2626.74462375,2203.670290125,2232.7329301874997,4436.4032203125
M0082,5469682.220000001,867006.1900000001,9695.7402,14176.975670000002,12,807.97835,1181.4146391666668,686.7815975,1004.2024432916668,1690.9840407916668
M0104,280347868.12,410806436.61,1962435.07684,3090028.07224,12,163536.25640333333,257502.33935333334,139005.81794283332,218876.98845033333,357882.80639316665
M0103,431168435.39,760423353.23,3018179.04773,6011587.4410500005,12,251514.92064416668,500965.6200875,213787.68254754166,425820.777074375,639608.4596219166
M0101,423967866.38,321414940.42,2967775.06466,2247238.665825,12,247314.5887216667,187269.88881875,210217.40041341668,159179.4054959375,369396.8059093542
M0132,275514466.42,313136062.87,1928601.2649400001,1537810.99027,12,160716.77207833334,128150.91585583333,136609.25626658334,108928.27847745833,245537.53474404168
M0597,333431053.01,383320815.0,2334017.37107,2553029.893245,12,194501.44758916667,212752.49110374998,165326.23045079166,180839.61743818747,346165.84788897913
M0628,345978188.51,403197740.81,2421847.31957,3817163.5916150003,12,201820.60996416665,318096.9659679167,171547.51846954165,270382.4210727292,441929.93954227085
M0626,6600621.41,11019278.9,7602.83226,34290.277175,12,633.569355,2857.5230979166668,538.5339517499999,2428.8946332291666,2967.4285849791668
M0622,11650398.12,5962058.84,22006.10451,51195.28118,12,1833.8420425000002,4266.2734316666665,1558.765736125,3626.3324169166663,5185.098153041667
M0618,190751907.51999998,413405722.25,1335263.35264,1948429.23474,12,111271.94605333333,162369.102895,94581.15414533333,138013.73746074998,232594.8916060833
M0617,12177601.65,7653423.59,15431.46225,47227.46357,12,1285.9551875,3935.6219641666667,1093.061909375,3345.2786695416667,4438.340578916666
M0616,402205847.66,380916251.90000004,2815440.93362,2755530.737,12,234620.07780166666,229627.5614166667,199427.06613141665,195183.42720416668,394610.49333558336
M0614,9325942.17,3882248.18,18784.66245,58254.10942,12,1565.3885375,4854.509118333333,1330.580256875,4126.332750583333,5456.913007458334
M0099,13857413.23,10170338.05,20471.51487,29332.64085,12,1705.9595725,2444.3867375,1450.0656366249998,2077.728726875,3527.7943635
M0097,7519967.54,4064230.67,14640.027810000001,54873.39217,12,1220.0023175000001,4572.782680833333,1037.001969875,3886.865278708333,4923.867248583333
M0095,406951904.13,289447044.64,2848663.32891,1300171.950745,12,237388.61074250002,108347.66256208334,201780.31913112503,92095.51317777083,293875.8323088959
M0599,297148089.54,370090019.42,2080036.62678,2671046.684815,12,173336.385565,222587.22373458333,147335.92773025,189199.1401743958,336535.0679046458
M0130,15393344.26,7663338.95,20621.82162,123394.88376,12,1718.485135,10282.90698,1460.7123647499998,8740.470932999999,10201.183297749998
M0129,9047296.47,4574967.91,7353.52644,30612.316745,12,612.79387,2551.0263954166667,520.8747894999999,2168.372436104167,2689.2472256041665
M0124,292076348.13,205191892.36,2044534.43691,1037351.8159350001,12,170377.86974249998,86445.98466125001,144821.18928112497,73479.0869620625,218300.2762431875
M0123,14050434.86,8248721.62,24411.53295,74619.086895,12,2034.2944125000001,6218.25724125,1729.1502506250001,5285.5186550625,7014.6689056875
M0120,10621453.07,5781362.87,11905.24968,42974.878430000004,12,992.10414,3581.239869166667,843.288519,3044.053888791667,3887.342407791667
M0148,11610380.92,6579609.25,15353.31054,41841.72789,12,1279.442545,3486.8106575,1087.52616325,2963.789058875,4051.315222125
M0115,8264585.03,6752285.18,6698.042370000001,37073.068380000004,12,558.1701975000001,3089.4223650000004,474.44466787500005,2626.0090102500003,3100.4536781250004
M0113,9777359.79,4128321.55,12358.59759,18584.95578,12,1029.8831324999999,1548.746315,875.4006626249999,1316.43436775,2191.835030375
M0112,6454251.57,3773143.15,4850.50302,49108.621215,12,404.208585,4092.38510125,343.57729725,3478.5273360624997,3822.1046333124996
M0111,10163681.629999999,6221723.74,12543.890309999999,49120.81015,12,1045.3241925,4093.4008458333333,888.5255636249999,3479.3907189583333,4367.916282583334
M0109,489981174.40000004,316063781.73,3429868.2208000002,2786837.9456350002,12,285822.3517333334,232236.49546958334,242948.99897333336,197401.02114914585,440350.0201224792
M0108,11695124.38,6190583.69,16062.39831,36273.992995,12,1338.5331925,3022.832749583333,1137.753213625,2569.407837145833,3707.161050770833
M0106,344698507.16,401808082.49,2412889.5501200003,2195723.853695,12,201074.1291766667,182976.98780791668,170913.00980016668,155530.43963672916,326443.44943689584
M0137,310979848.23,273883855.36,2176858.93761,1953613.86137,12,181404.9114675,162801.15511416667,154194.174747375,138380.98184704166,292575.15659441665
M0136,10040168.6,4616969.46,10905.28986,6925.45419,12,908.7741550000001,577.1211825,772.45803175,490.553005125,1263.0110368750002
M0135,263752869.01,401774081.05,1846270.08307,2235750.39184,12,153855.84025583332,186312.53265333336,130777.46421745831,158365.65275533334,289143.1169727917
M0134,456678865.68,696016076.93,3196752.05976,4722178.21187,12,266396.00498,393514.85098916665,226436.60423300002,334487.6233407916,560924.2275737916
M0133,10832734.9,3282971.3200000003,19065.68865,32960.748735,12,1588.8073875,2746.72906125,1350.4862793749999,2334.7197020625,3685.2059814374998
M0163,286038891.51,230981388.26,2002272.24057,1180900.18976,12,166856.0200475,98408.34914666666,141827.617040375,83647.09677466666,225474.71381504164
M0581,301485472.11,1249677642.41,2110398.3047700003,10638164.09301,12,175866.52539750002,886513.6744175,149486.54658787503,753536.623254875,903023.16984275
M0612,422951519.22,280152375.59000003,2960660.63454,866923.2991,12,246721.719545,72243.60825833333,209713.46161325,61407.06701958333,271120.52863283333
M0611,401756548.78,2304270767.31,2812295.8414600003,12949733.619,12,234357.98678833336,1079144.4682500002,199204.28877008337,917272.7980125,1116477.0867825835
M0610,338288927.03,377323319.21,2368022.4892100003,2828981.852605,12,197335.2074341667,235748.48771708334,167734.92631904167,200386.21455952083,368121.14087856247
M0609,223339791.55,271341286.85,1563378.54085,2151839.44563,12,130281.54507083334,179319.9538025,110739.31331020834,152421.960732125,263161.27404233336
M0604,449491151.55,981582008.23,3146438.06085,7803614.095535,12,262203.1717375,650301.1746279167,222872.695976875,552755.9984337292,775628.6944106042
M0603,440058053.01,470804178.16,3080406.37107,1513617.896835,12,256700.53092249998,126134.82473625,218195.45128412498,107214.60102581249,325410.0523099375
M0602,217801841.95,2100790023.22,1524612.89365,19762022.02075,12,127051.07447083334,1646835.1683958333,107993.41330020834,1399809.8931364582,1507803.3064366665
M0600,347566450.14,857835012.83,2432965.15098,6491592.6307500005,12,202747.09591499998,540966.0525625,172335.03152775,459821.144678125,632156.176205875
M0593,186680562.32,358521866.65999997,1306763.93624,2251996.32054,12,108896.99468666666,187666.360045,92562.44548366666,159516.40603825002,252078.8515219167
M0592,5481237.75,6391117.13,1952.1961800000001,31138.488605,12,162.683015,2594.8740504166667,138.28056275,2205.6429428541664,2343.9235056041666
M0591,206512591.07,3055982967.32,1445588.13749,31316532.244055,12,120465.67812416668,2609711.0203379164,102395.82640554167,2218254.367287229,2320650.1936927703
M0590,436231449.5,471334386.57,3053620.1465,5006421.51009,12,254468.34554166664,417201.7925075,216298.09371041664,354621.523631375,570919.6173417916
M0589,368730862.12,1506497201.48,2581116.0348400003,9664688.270915,12,215093.00290333337,805390.6892429166,182829.05246783336,684582.0858564791,867411.1383243125
M0588,485110200.92,441792755.15999997,3395771.40644,4103150.650095,12,282980.95053666667,341929.22084125,240533.80795616665,290639.8377150625,531173.6456712291
M0587,237222872.61,1279570562.92,1660560.10827,14340423.067545,12,138380.0090225,1195035.25562875,117623.00766912499,1015779.9672844374,1133402.9749535625
M0586,6761019.350000001,2965167.91,11599.359690000001,18510.207000000002,12,966.6133075000001,1542.51725,821.6213113750001,1311.1396625,2132.760973875
M0585,294172567.56,536542780.96,2059207.97292,4522014.818575,12,171600.66441,376834.5682145834,145860.5647485,320309.3829823959,466169.9477308959
M0584,263544910.18,516844099.58,1844814.3712600002,4607901.9286,12,153734.53093833334,383991.82738333335,130674.35129758333,326393.0532758333,457067.4045734166
M0583,521921616.65,1527190584.95,3653451.31655,16523510.06793,12,304454.2763791667,1376959.1723275,258786.13492229168,1170415.296478375,1429201.4314006667
M0582,514908162.88,412632852.51,3604357.14016,3290942.1688,12,300363.0950133333,274245.18073333334,255308.6307613333,233108.40362333335,488417.03438466665
M0146,324855693.11,367723348.31,2273989.85177,2110652.140645,12,189499.15431416666,175887.67838708335,161074.28116704166,149504.52662902084,310578.8077960625
M0144,9435153.23,3463748.7,19352.40351,26087.357070000002,12,1612.7002925,2173.9464225,1370.7952486249999,1847.8544591250002,3218.64970775
M0143,373797642.64,237810023.98,2616583.49848,1524686.608775,12,218048.62487333335,127057.21739791667,185341.33114233334,107998.63478822916,293339.96593056247
M0138,9594744.52,4544868.64,10667.595720000001,34669.320285,12,888.9663100000001,2889.11002375,755.6213635000001,2455.7435201875,3211.3648836875
M0172,10655132.27,6272026.82,13683.24291,60032.351725,12,1140.2702425,5002.695977083334,969.229706125,4252.291580520833,5221.521286645833
M0169,7692989.59,5873433.11,16255.9902,68283.29939,12,1354.66585,5690.274949166666,1151.4659725000001,4836.733706791666,5988.199679291666
M0167,10561533.96,3678394.69,11587.977930000001,9008.71057,12,965.6648275000001,750.7258808333332,820.815103375,638.1169987083332,1458.9321020833331
M0166,362881967.16,161961553.0,2540173.77012,1633234.89525,12,211681.14751,136102.90793750001,179928.97538350002,115687.471746875,295616.447130375
M0196,415620432.58,315573618.74,2909343.02806,3049036.25662,12,242445.25233833332,254086.35471833334,206078.46448758332,215973.40151058332,422051.8659981666
M0161,13356751.629999999,13081572.46,20146.54152,167159.3529,12,1678.87846,13929.946075,1427.0466909999998,11840.454163749999,13267.500854749998
M0159,430193224.51,276109404.40999997,3011352.57157,1241790.26552,12,250946.04763083335,103482.52212666666,213304.14048620834,87960.14380766667,301264.284293875
M0157,9336330.7,3171609.19,10634.26461,13865.572989999999,12,886.1887175,1155.4644158333333,753.260409875,982.1447534583333,1735.4051633333333
M0154,12623886.37,11189174.95,15985.52028,24428.395510000002,12,1332.12669,2035.6996258333336,1132.3076865,1730.3446819583335,2862.6523684583335
M0153,482330540.56,295961871.01,3376313.7839200003,1301966.26658,12,281359.4819933334,108497.18888166668,239155.55969433335,92222.61054941667,331378.17024375004
M0152,9230887.86,5595000.93,10826.922480000001,90512.11550500001,12,902.24354,7542.676292083334,766.907009,6411.274848270834,7178.181857270834
M0149,5667623.54,2492192.02,7440.38853,12212.37509,12,620.0323775,1017.6979241666667,527.027520875,865.0432355416666,1392.0707564166667
M0179,356253740.72,304792655.97,2493776.18504,1048921.380715,12,207814.68208666667,87410.11505958333,176642.47977366665,74298.59780064583,250941.07757431248
M0595,6241805.13,2987685.2800000003,8878.147830000002,39612.954845,12,739.8456525000001,3301.0795704166667,628.868804625,2805.9176348541664,3434.7864394791663
M0594,12048916.17,11942803.72,22223.553330000002,95057.895225,12,1851.9627775000001,7921.49126875,1574.168360875,6733.2675784375,8307.4359393125
M0211,504898708.45,1100826565.4,3534290.95915,7949995.4021149995,12,294524.24659583333,662499.6168429166,250345.60960645834,563124.6743164791,813470.2839229375
M0210,14475605.42,8432366.76,20861.64285,33932.670640000004,12,1738.4702375,2827.7225533333335,1477.6997018749998,2403.5641703333335,3881.2638722083334
M0579,353308871.97,605975051.5,2473162.10379,4356677.2993250005,12,206096.84198250002,363056.4416104167,175182.315685125,308597.9753688542,483780.2910539792
M0578,5854805.62,3142911.08,4185.71115,45336.118095000005,12,348.8092625,3778.0098412500006,296.48787312499996,3211.3083650625003,3507.7962381875004
M0577,234578188.45000002,480859438.07,1642047.31915,5609434.547195,12,136837.27659583333,467452.8789329166,116311.68510645833,397334.9470929791,513646.6321994374
M0573,222132359.73000002,436368698.7,1554926.51811,3278330.257215,12,129577.2098425,273194.18810125004,110140.62836612499,232215.05988606252,342355.6882521875
M0572,5066847.43,4590227.1,5912.07945,50382.255935,12,492.6732875,4198.521327916666,418.772294375,3568.7431287291665,3987.5154231041665
M0571,7157899.99,9692179.46,2521.66503,95114.127305,12,210.1387525,7926.177275416667,178.617939625,6737.250684104167,6915.868623729167
M0570,404472761.40999997,457245639.47,2831309.32987,4602226.9595,12,235942.44415583333,383518.91329166666,200551.07753245832,325991.07629791665,526542.1538303749
M0568,8391787.629999999,2884433.36,13072.51539,49276.35386,12,1089.3762825000001,4106.362821666667,925.969840125,3490.4083984166664,4416.378238541666
M0567,8638679.72,4041440.02,9595.1742,51816.86175,12,799.59785,4318.071812499999,679.6581725,3670.3610406249995,4350.019213125
M0177,11116010.02,7249254.66,18400.9824,39620.306975,12,1533.4152000000001,3301.6922479166665,1303.40292,2806.438410729166,4109.841330729167
M0176,371786227.44,485905044.04,2602503.59208,3374854.215765,12,216875.29934,281237.85131374997,184344.00443899998,239052.17361668748,423396.17805568746
M0175,491942777.76,473021027.45,3443599.4443200002,3678394.32452,12,286966.62036,306532.86037666665,243921.62730599998,260552.93132016665,504474.55862616666
M0459,558551660.01,541804001.09,3909861.62007,3717295.024005,12,325821.80167250003,309774.58533375,276948.531421625,263308.3975336875,540256.9289553125
M0458,13730157.99,3428839.39,27432.28479,9368.13054,12,2286.0237325000003,780.677545,1943.1201726250001,663.57591325,2606.696085875
M0457,378824061.31,304944374.19,2651768.42917,1371360.58296,12,220980.70243083333,114280.04858,187833.59706620834,97138.041293,284971.63835920836
M0456,12322809.5,2536759.09,20289.42402,27944.311410000002,12,1690.7853349999998,2328.6926175000003,1437.1675347499997,1979.3887248750002,3416.556259625
M0455,22459334.68,2671139.73,42367.96032,25291.65834,12,3530.66336,2107.638195,3001.0638559999998,1791.4924657499998,4792.556321749999
M0672,9118816.22,4552139.14,15322.15941,32061.670545,12,1276.8466175,2671.80587875,1085.319624875,2271.0349969374997,3356.3546218124998
M0671,213752126.12,500106927.52,1496264.88284,3452710.1656950004,12,124688.74023666668,287725.84714125004,105985.42920116667,244566.97007006253,350552.39927122917
M0669,327109309.59,343600921.08,2289765.16713,3945656.398285,12,190813.7639275,328804.6998570833,162191.69933837498,279483.99487852084,441675.69421689585
M0668,338226493.77,2190688196.51,2367585.45639,14076537.17543,12,197298.7880325,1173044.7646191667,167703.96982762497,997088.0499262917,1164792.0197539167
M0667,9704710.18,4797411.45,17756.28216,26317.648540000002,12,1479.6901799999998,2193.1373783333333,1257.736653,1864.1667715833332,3121.903424583333
M0666,7934577.04,5085112.21,10157.948489999999,68970.87944,12,846.4957074999999,5747.573286666667,719.5213513749999,4885.437293666667,5604.958645041666
M0663,412792464.72,964059745.78,2889547.25304,8671499.642115,12,240795.60442,722624.9701762501,204676.26375699998,614231.2246498126,818907.4884068125
M0421,14246967.52,8732404.25,9972.47334,63092.422515,12,831.039445,5257.70187625,706.3835282499999,4469.0465948125,5175.430123062501
M0452,529078725.38,949111217.87,3703551.0776600004,5177884.053085,12,308629.2564716667,431490.33775708335,262334.8680009167,366766.78709352086,629101.6550944375
M0451,375229267.51,231423059.83,2626604.87257,912052.4767450001,12,218883.73938083334,76004.37306208334,186051.17847370834,64603.71710277083,250654.89557647918
M0450,522075946.38,308331962.61,3654531.62466,656794.791095,12,304544.30205500004,54732.899257916666,258862.65674675003,46522.964369229165,305385.6211159792
M0205,4774273.47,1667437.79,8262.52239,9141.615135,12,688.5435325,761.80126125,585.2620026249999,647.5310720625,1232.7930746875
M0204,5410222.61,5300266.1899999995,4044.94164,29658.71535,12,337.07847,2471.5596124999997,286.51669949999996,2100.825670625,2387.342370125
M0203,516488129.81,801538987.51,3615416.90867,6383289.0400950005,12,301284.74238916667,531940.75334125,256092.03103079167,452149.6403400625,708241.6713708541
M0202,10845048.53,6920331.01,15355.80288,67839.618765,12,1279.65024,5653.30156375,1087.7027039999998,4805.3063291875005,5893.0090331875
M0199,276747051.48,480788991.76,1937229.36036,2016162.5748700001,12,161435.78003,168013.54790583334,137220.4130255,142811.51571995835,280031.92874545837
M0198,14134989.08,13513510.82,18413.13525,72359.80011,12,1534.4279374999999,6029.9833425,1304.263746875,5125.485841125,6429.749588
M0228,6908332.53,3411099.61,4740.95139,26671.644695,12,395.07928250000003,2222.6370579166664,335.81739012500003,1889.2414992291665,2225.0588893541667
M0227,266881568.66,385996576.71999997,1868170.98062,3471577.711015,12,155680.91505166667,289298.1425845833,132328.77779391667,245903.4211968958,378232.19899081247
M0193,13342184.39,9120338.99,14824.29735,27855.695035,12,1235.3581125,2321.3079195833334,1050.054395625,1973.1117316458333,3023.1661272708334
M0191,11667779.2,13057366.22,12994.00941,70127.95572,12,1082.8341175,5843.9963099999995,920.4089998750001,4967.396863499999,5887.805863374999
M0190,14826305.58,6934847.16,25950.155430000003,55033.027345,12,2162.5129525,4586.085612083333,1838.136009625,3898.172770270833,5736.308779895833
M0188,382594867.68,438631479.11,2678164.07376,2499813.51033,12,223180.33948,208317.7925275,189703.288558,177070.12364837498,366773.412206375
M0184,10756509.46,9953485.64,21040.48053,37455.816805,12,1753.3733775,3121.3180670833335,1490.367370875,2653.1203570208336,4143.487727895834
M0183,19088256.66,9616823.58,36002.00964,58662.925989999996,12,3000.16747,4888.577165833333,2550.1423495,4155.290590958333,6705.432940458333
M0182,12722821.06,1717168.0999999999,19639.55736,4327.90935,12,1636.62978,360.6591125,1391.135313,306.560245625,1697.695558625
M0564,781607719.95,2731641835.8,5471254.039650001,26096091.96754,12,455937.83663750003,2174674.330628333,387547.161141875,1848473.181034083,2236020.342175958
M0563,202328046.29,318779060.66,1416296.32403,2374598.85536,12,118024.69366916666,197883.23794666666,100320.98961879166,168200.75225466664,268521.7418734583
M0562,378603409.5,860699400.37,2650223.8665,8071466.291900001,12,220851.988875,672622.1909916668,187724.19054375,571728.8623429168,759453.0528866667
M0561,7857216.01,3073165.32,11557.71267,26733.48765,12,963.1427225000001,2227.7906375,818.6713141250001,1893.6220418749997,2712.2933559999997
M0560,16112529.68,6597852.18,34969.633050000004,29554.279609999998,12,2914.1360875000005,2462.8566341666665,2477.0156743750003,2093.4281390416663,4570.443813416667
M0558,394864294.33,512723408.67,2764050.06031,4858942.04971,12,230337.50502583335,404911.8374758333,195786.87927195834,344175.0618544583,539961.9411264167
M0557,278575531.87,401257968.27,1950028.72309,4010190.475315,12,162502.39359083332,334182.5396095833,138127.03455220832,284055.1586681458,422182.19322035415
M0556,9282493.3,9357199.78,12495.76056,97705.2683,12,1041.31338,8142.105691666667,885.1163730000001,6920.789837916666,7805.906210916666
M0555,472505842.74,1159504865.84,3307540.89918,8961369.647255,12,275628.40826500003,746780.8039379166,234284.14702525001,634763.6833472291,869047.8303724792
M0554,666424029.38,2806655633.02,4664968.20566,23899072.93495,12,388747.3504716667,1991589.4112458334,330435.24790091673,1692850.9995589582,2023286.247459875
M0553,210440836.5,414607527.25,1473085.8555,3728088.2512950003,12,122757.15462500001,310674.02094125,104343.58143125,264072.9178000625,368416.49923131254
M0552,287111993.78,432114091.85,2009783.95646,4318547.0517,12,167481.99637166667,359878.92097499996,142359.69691591666,305897.08282874996,448256.77974466665
M0551,661729445.28,2215938147.4500003,4632106.11696,24677405.389615,12,386008.84308,2056450.4491345834,328107.516618,1747982.8817643959,2076090.398382396
M0550,420678989.37,422139849.49,2944752.92559,3842969.3589000003,12,245396.0771325,320247.446575,208586.665562625,272210.32958875,480796.9951513751
M0209,7593848.34,4261007.26,7333.30824,14830.928765,12,611.10902,1235.9107304166666,519.442667,1050.5241208541665,1569.9667878541666
M0208,9791499.31,1803874.2,12522.80358,2705.8113000000003,12,1043.566965,225.48427500000003,887.03192025,191.66163375000002,1078.693554
M0233,241136432.72,349550287.71,1687955.02904,3158936.66734,12,140662.91908666666,263244.7222783333,119563.48122366666,223758.01393658333,343321.49516025
M0229,615004502.29,363516641.09000003,4305031.5160300005,2613958.79316,12,358752.6263358334,217829.89943,304939.73238545837,185155.4145155,490095.1469009584
M0258,7573695.0,10482276.86,7572.31407,107245.11938,12,631.0261725,8937.093281666666,536.372246625,7596.529289416666,8132.901536041666
M0257,490577192.37,1115282268.47,3434040.34659,10598615.020165,12,286170.0288825,883217.9183470834,243244.524550125,750735.2305950208,993979.7551451458
M0225,578198328.4399999,727105977.62,4047388.2990800003,9333975.118525,12,337282.3582566667,777831.2598770834,286690.00451816665,661156.5708955209,947846.5754136875
M0223,8544400.48,2468238.04,13096.40052,13614.26856,12,1091.36671,1134.52238,927.6617034999999,964.3440230000001,1892.0057265
M0221,717513500.66,1500015014.13,5022594.50462,15701490.383585,12,418549.54205166665,1308457.5319654166,355767.11074391665,1112188.902170604,1467956.0129145207
M0219,600077514.86,1142548034.16,4200542.60402,9859151.20971,12,350045.2170016667,821595.9341425,297538.4344514167,698356.5440211251,995894.9784725418
M0217,11779423.4,7504309.82,22501.311120000002,108917.80119000001,12,1875.1092600000002,9076.483432500001,1593.842871,7715.010917625001,9308.853788625001
M0216,396184902.35,531367343.41,2773294.3164500003,5214948.133640001,12,231107.85970416668,434579.0111366667,196441.68074854166,369392.1594661667,565833.8402147084
M0215,219724033.45,110004824.84,1538068.23415,405573.55939,12,128172.35284583333,33797.79661583334,108946.49991895833,28728.127123458336,137674.62704241666
M0243,12605048.19,8505849.95,10149.83811,56634.013730000006,12,845.8198425,4719.5011441666675,718.946866125,4011.5759725416674,4730.522838666668
M0242,353657280.62,542482357.04,2475600.96434,4637167.905215,12,206300.08036166665,386430.65876791667,175355.06830741666,328466.05995272915,503821.1282601458
M0533,3313268.73,1010386.05,3722.5054800000003,7167.00884,12,310.20879,597.2507366666667,263.6774715,507.6631261666667,771.3405976666668
M0276,17584248.47,6812183.2,20406.89676,28650.51855,12,1700.57473,2387.5432125,1445.4885205,2029.411730625,3474.900251125
M0275,457892436.02,488754421.11,3205247.0521400003,4715922.62815,12,267103.9210116667,392993.55234583333,227038.3328599167,334044.51949395833,561082.8523538751
M0273,14023546.39,11483641.15,24164.40186,57644.956215000006,12,2013.7001550000002,4803.746351250001,1711.6451317500002,4083.1843985625005,5794.8295303125005
M0272,432372450.89,561080108.99,3026607.15623,3391349.42916,12,252217.26301916665,282612.45243,214384.67356629166,240220.5845655,454605.25813179166
M0518,216083398.21,2163817105.83,1512583.78747,15696780.223070001,12,126048.64895583334,1308065.0185891667,107141.35161245834,1111855.2658007916,1218996.6174132498
M0517,288307909.09,532594567.2,2018155.36363,6775965.080625,12,168179.61363583335,564663.75671875,142952.67159045834,479964.1932109375,622916.8648013958
M0546,209618129.64,153555710.94,1467326.90748,1215960.343575,12,122277.24229000001,101330.02863125001,103935.6559465,86130.5243365625,190066.1802830625
M0545,425665467.39,1297275519.48,2979658.27173,9990256.482695,12,248304.8559775,832521.3735579167,211059.127580875,707643.1675242292,918702.2951051041
M0544,8743755.65,2547409.34,14599.6668,22929.885925000002,12,1216.6389000000001,1910.8238270833335,1034.1430650000002,1624.2002530208335,2658.343318020834
M0543,6886842.4399999995,2479556.16,9775.63869,7147.295625,12,814.6365575,595.6079687499999,692.4410738749999,506.2667734374999,1198.7078473124998
M0542,532004033.26,1458757067.9,3724028.23282,13088215.718335,12,310335.68606833334,1090684.6431945835,263785.3331580833,927081.9467153959,1190867.2798734792
M0539,296829567.08,966555595.4,2077806.96956,9574302.565955,12,173150.58079666668,797858.5471629166,147177.99367716667,678179.7650884792,825357.7587656458
M0537,15495572.01,10053544.14,20246.17038,49475.49216,12,1687.180865,4122.95768,1434.10373525,3504.514028,4938.61776325
M0535,534409196.56,2112210783.87,3740864.37592,17388908.23022,12,311738.69799333334,1449075.6858516668,264977.8932943333,1231714.3329739168,1496692.22626825
M0238,436065776.07,696459848.17,3052460.43249,8752946.536,12,254371.7027075,729412.2113333334,216215.94730137498,620000.3796333334,836216.3269347084
M0520,288893658.25,283280816.63,2022255.60775,2103986.720185,12,168521.30064583334,175332.22668208333,143243.10554895832,149032.39267977083,292275.4982287291
M0519,516476093.55,656604308.21,3615332.65485,5612646.651605,12,301277.7212375,467720.55430041667,256086.063051875,397562.4711553542,653648.5342072292
M0269,9348967.8,10125655.14,15305.71944,131986.54958,12,1275.4766200000001,10998.879131666667,1084.155127,9349.047261916667,10433.202388916667
M0266,516815516.46,349841600.77,3617708.61522,3272892.219345,12,301475.717935,272741.01827875,256254.36024475002,231829.8655369375,488084.22578168754
M0263,484888365.33,477528333.88,3394218.55731,4563904.02709,12,282851.5464425,380325.33559083333,240423.814476125,323276.5352522083,563700.3497283333
M0262,8741400.44,573326.89,11995.74792,4892.69933,12,999.64566,407.7249441666667,849.698811,346.5662025416667,1196.2650135416666
M0261,3934295.58,8161188.87,4308.39624,78976.73248,12,359.03302,6581.3943733333335,305.178067,5594.185217333334,5899.3632843333335
M0289,448692297.55,530284011.55,3140846.08285,4429035.335575,12,261737.1735708333,369086.27796458337,222476.5975352083,313723.33626989584,536199.9338051041
M0288,14392558.05,2919904.25,15548.24439,37730.38376,12,1295.6870325,3144.1986466666663,1101.333977625,2672.568849666666,3773.902827291666
M0256,11093741.34,5941915.63,13818.79059,36568.59578,12,1151.5658825,3047.382981666667,978.8310001250001,2590.275534416667,3569.1065345416673
M0254,4640175.74,1676933.14,7204.2852,2515.3997099999997,12,600.3571000000001,209.61664249999998,510.303535,178.174146125,688.477681125
M0252,244861875.35,335957593.98,1714033.12745,2155569.7570950002,12,142836.09395416666,179630.81309125002,121410.67986104166,152686.19112756252,274096.87098860415
M0250,6772596.58,2177452.5700000003,7195.1466,36514.45674,12,599.59555,3042.871395,509.65621749999997,2586.44068575,3096.0969032499997
M0249,360829987.87,328666696.86,2525809.91509,2935667.63629,12,210484.15959083333,244638.96969083333,178911.53565220832,207943.12423720834,386854.65988941665
M0248,553455489.93,589345056.13,3874188.42951,5830452.219655001,12,322849.0357925,485871.0183045834,274421.680423625,412990.36555889586,687412.0459825208
M0278,7945060.67,9572611.49,9360.9756,38354.221245,12,780.0812999999999,3196.18510375,663.0691049999999,2716.7573381875,3379.8264431875
M0277,6744724.6,4826327.67,10762.9905,79620.23072,12,896.915875,6635.019226666667,762.37849375,5639.766342666667,6402.144836416666
M0308,637682892.37,1498175817.58,4463780.246590001,13555290.977735,12,371981.6872158334,1129607.5814779166,316184.43413345836,960166.4442562291,1276350.8783896875
M0306,383524983.26,279423656.57,2684674.88282,1509516.85553,12,223722.90690166666,125793.07129416667,190164.47086641667,106924.11060004166,297088.58146645833
M0305,294169933.35,1143308630.73,2059189.53345,8734485.33845,12,171599.1277875,727873.7782041667,145859.258619375,618692.7114735417,764551.9700929166
M0303,359345882.99,322989656.98,2515421.18093,3054843.3290649997,12,209618.43174416665,254570.2774220833,178175.66698254165,216384.7358087708,394560.40279131243
M0502,253003246.02,413776950.0,1771022.72214,2747512.365195,12,147585.226845,228959.36376625,125447.44281825,194615.45920131248,320062.9020195625
M0531,11957142.84,4286603.54,17867.10585,60048.492865,12,1488.9254875,5004.041072083333,1265.5866643749998,4253.434911270833,5519.021575645833
M0529,245237841.1,332113641.83,1716664.8877,2535937.78173,12,143055.40730833335,211328.14847749998,121597.09621208334,179628.92620587497,301226.0224179583
M0527,405373572.79,457420425.87,2837615.00953,5174979.4128,12,236467.91746083333,431248.2844,200997.72984170832,366561.04174,567558.7715817083
M0526,431605227.0,528308358.82,3021236.589,4988268.615665,12,251769.71575,415689.0513054167,214004.25838749998,353335.69360960415,567339.9519971041
M0525,540819965.82,437047424.46,3785739.76074,4250936.15086,12,315478.313395,354244.67923833337,268156.56638575,301107.9773525834,569264.5437383334
M0523,383222445.25,444661960.82,2682557.11675,3301676.082435,12,223546.42639583335,275139.67353625,190014.46243645833,233868.7225058125,423883.18494227086
M0522,304054033.31,1104764042.3,2128378.23317,9668681.509375,12,177364.85276416666,805723.4591145833,150760.12484954167,684864.9402473958,835625.0650969375
M0521,14140155.13,16355820.879999999,23062.19115,163373.72771500002,12,1921.8492625,13614.477309583335,1633.571873125,11572.305713145835,13205.877586270835
M0294,6601206.42,6009846.86,6425.40606,96336.735175,12,535.450505,8028.061264583333,455.13292925,6823.852074895833,7278.985004145833
M0293,13446058.16,8738412.59,23464.92798,67439.27192,12,1955.410665,5619.939326666667,1662.09906525,4776.948427666666,6439.047492916667
M0324,10612968.24,2404383.87,19928.56398,33881.261185,12,1660.713665,2823.4384320833337,1411.60661525,2399.9226672708337,3811.5292825208335
M0323,311596915.03,625961245.97,2181178.40521,5516386.190385,12,181764.86710083333,459698.84919875,154500.13703570832,390744.0218189375,545244.1588546458
M0321,415873486.6,421820692.8,2911114.4062,4783411.861135,12,242592.86718333335,398617.65509458334,206203.93710583335,338825.00683039584,545028.9439362292
M0320,251194979.81,260375024.21,1758364.85867,2136008.70018,12,146530.40488916668,178000.725015,124550.84415579167,151300.61626275,275851.4604185417
M0319,985093395.88,2689451524.85,6895653.77116,36709935.623435,12,574637.8142633333,3059161.3019529167,488442.1421238333,2600287.106659979,3088729.2487838124
M0318,9445260.72,6579570.2700000005,6049.11111,86620.092655,12,504.09259249999997,7218.341054583333,428.478703625,6135.5898963958325,6564.0686000208325
M0286,364700855.09000003,336929774.25,2552905.98563,4071501.251405,12,212742.16546916668,339291.7709504167,180830.84064879167,288398.00530785415,469228.8459566458
M0285,14516450.2,9039224.120000001,27309.71829,66322.606075,12,2275.8098575,5526.883839583334,1934.438378875,4697.851263645834,6632.289642520834
M0284,19164394.54,6092301.83,30638.41125,42362.296015,12,2553.2009375000002,3530.191334583333,2170.2207968750004,3000.6626343958333,5170.883431270833
M0283,343506147.38,868317902.11,2404543.03166,8674248.9743,12,200378.58597166665,722854.0811916668,170321.79807591665,614425.9690129168,784747.7670888335
M0282,299326765.66,350875372.1,2095287.35962,3010863.70121,12,174607.27996833334,250905.30843416668,148416.18797308335,213269.51216904167,361685.700142125
M0281,6765683.73,6533355.74,9737.97651,21743.00572,12,811.4980425,1811.9171433333333,689.773336125,1540.1295718333333,2229.9029079583333
M0280,393241019.35,378279763.77,2752687.13545,3033158.74224,12,229390.59462083332,252763.22852,194982.00542770833,214848.744242,409830.7496697083
M0279,13225283.209999999,10957580.37,20678.59623,160562.934535,12,1723.2163524999999,13380.244544583335,1464.7338996249998,11373.207862895833,12837.941762520833
M0315,22899692.19,8980709.96,43864.109670000005,53727.619940000004,12,3655.3424725000004,4477.301661666667,3107.0411016250005,3805.7064124166673,6912.747514041668
M0314,370343948.21,248602817.91,2592407.63747,2236247.957555,12,216033.96978916667,186353.9964629167,183628.87432079166,158400.8969934792,342029.77131427085
M0313,13873513.71,6761762.3,21687.027000000002,59313.12967,12,1807.2522500000002,4942.7608058333335,1536.1644125000003,4201.346684958334,5737.511097458334
M0312,9810754.25,6160742.67,14134.507109999999,67303.571205,12,1177.8755924999998,5608.63093375,1001.1942536249998,4767.3362936875,5768.5305473125
M0310,14598354.790000001,14387853.12,25629.964320000003,136592.763015,12,2135.8303600000004,11382.730251250001,1815.4558060000002,9675.3207135625,11490.7765195625
M0309,14846733.65,10108969.629999999,19191.304050000002,72200.846995,12,1599.2753375000002,6016.737249583333,1359.3840368750002,5114.226662145833,6473.610699020834
M0339,13802725.44,4618873.24,23819.038979999998,52202.486475000005,12,1984.9199149999997,4350.20720625,1687.1819277499997,3697.6761253125,5384.8580530624995
M0338,469146351.34,757823791.59,3284024.45938,7015695.738600001,12,273668.7049483333,584641.3115500001,232618.39920608333,496945.11481750006,729563.5140235834
M0336,462734997.89,1154591636.48,3239144.98523,12861908.220755,12,269928.7487691667,1071825.6850629167,229439.43645379168,911051.8323034792,1140491.2687572709
M0334,8516154.16,5193343.84,4928.0871,42587.866409999995,12,410.673925,3548.9888674999997,349.07283624999997,3016.640537375,3365.713373625
M0302,12915481.35,4680948.22,28751.82378,13393.90865,12,2395.985315,1116.1590541666667,2036.58751775,948.7351960416667,2985.3227137916665
M0300,424305235.69,261833066.82999998,2970136.64983,3238103.8209700002,12,247511.38748583334,269841.9850808334,210384.67936295833,229365.68731870837,439750.3666816667
M0299,385590725.85,407678780.06,2699135.08095,3010262.8766449997,12,224927.92341249998,250855.23972041663,191188.734900625,213226.95376235413,404415.6886629791
M0298,8860110.94,4939982.52,10996.93656,82632.93218999999,12,916.41138,6886.077682499999,778.949673,5853.166030124999,6632.1157031249995
M0296,504542710.77,1153691322.59,3531798.97539,14420050.172740001,12,294316.5812825,1201670.8477283334,250169.094090125,1021420.2205690834,1271589.3146592083
M0295,719536744.45,639961657.0600001,5036757.21115,5880539.91597,12,419729.76759583334,490044.99299750006,356770.30245645833,416538.24404787505,773308.5465043334
M0353,12859407.96,7785081.66,14495.56032,81781.745785,12,1207.96336,6815.145482083334,1026.768856,5792.873659770834,6819.642515770834
M0352,309024392.21,185821684.06,2163170.74547,1216212.2168700001,12,180264.22878916666,101351.01807250001,153224.59447079166,86148.36536162501,239372.95983241667
M0350,546761165.77,1113758215.01,3827328.16039,10224810.62185,12,318944.0133658333,852067.5518208334,271102.4113609583,724257.4190477083,995359.8304086665
M0486,315669636.32,311076810.5,2209687.45424,2426591.606495,12,184140.62118666666,202215.96720791666,156519.52800866665,171883.57212672915,328403.10013539577
M0485,8369868.36,8783997.46,6657.31089,17034.5164,12,554.7759075,1419.5430333333334,471.559521375,1206.6115783333332,1678.1710997083333
M0516,4615556.71,979681.46,5718.648300000001,5554.48166,12,476.5540250000001,462.8734716666667,405.0709212500001,393.4424509166667,798.5133721666668
M0515,309957556.46,1143357330.53,2169702.8952200003,10995379.19833,12,180808.57460166668,916281.5998608334,153687.28841141667,778839.3598817084,932526.6482931251
M0514,192378221.26,449446285.91,1346647.54882,4113365.82631,12,112220.62906833332,342780.4855258333,95387.53470808332,291363.41269695834,386750.94740504166
M0513,6488035.26,9295742.65,7742.75562,40984.92097,12,645.229635,3415.4100808333333,548.44518975,2903.098568708333,3451.5437584583333
M0511,287015097.22,322254279.36,2009105.68054,2679017.46664,12,167425.47337833335,223251.45555333336,142311.65237158333,189763.73722033337,332075.3895919167
M0508,172821595.64000002,279843864.97,1209751.1694800002,2766701.00611,12,100812.59745666668,230558.41717583334,85690.70783816668,195974.65459945833,281665.362437625
M0507,362674241.55,349481951.16,2538719.69085,4776523.1248,12,211559.9742375,398043.59373333334,179825.978101875,338337.0546733333,518163.0327752083
M0506,8798331.72,6761837.53,13484.99577,40232.613540000006,12,1123.7496475,3352.7177950000005,955.187200375,2849.81012575,3804.997326125
M0504,213558672.88,301021036.92,1494910.71016,1929010.13414,12,124575.89251333334,160750.84451166666,105889.50863633334,136638.21783491666,242527.72647125
M0503,361814508.26,1280147687.15,2532701.55782,11708902.56436,12,211058.46315166669,975741.8803633334,179399.69367891666,829380.5983088333,1008780.29198775
M0317,1071475357.9300001,3439835607.53,7500327.5055100005,26531781.38268,12,625027.2921258333,2210981.7818899998,531273.1983069583,1879334.5146064998,2410607.7129134582
M0342,10522401.44,7584818.99,8260.96518,68260.526765,12,688.4137649999999,5688.377230416667,585.1517002499999,4835.1206458541665,5420.272346104166
M0341,346542045.15999997,466515564.73,2425794.31612,4284969.713425,12,202149.52634333333,357080.80945208337,171827.09739183332,303518.68803427083,475345.78542610415
M0372,12898414.89,4223556.13,14346.59631,6335.334195,12,1195.5496925,527.94451625,1016.2172386249999,448.7528388125,1464.9700774374999
M0370,9705955.2,2570596.36,12148.887630000001,6004.834375,12,1012.4073025000001,500.4028645833334,860.5462071250001,425.3424348958334,1285.8886420208335
M0368,16583341.81,6067443.44,22836.68736,82435.26875999999,12,1903.05728,6869.605729999999,1617.598688,5839.164870499999,7456.763558499999
M0367,482545486.08,532131877.07,3377818.4025600003,4350800.4211,12,281484.86688000005,362566.7017583333,239262.13684800002,308181.69649458333,547443.8333425834
M0366,205970204.82999998,797121086.1,1441791.43381,7013113.42447,12,120149.28615083334,584426.1187058333,102126.89322820834,496762.2008999583,598889.0941281667
M0365,555759475.84,432450252.05,3890316.3308800003,2290406.317835,12,324193.02757333335,190867.19315291665,275564.07343733334,162237.11417997914,437801.1876173125
M0333,311274853.98,745478344.5,2178923.97786,6702912.83448,12,181576.998155,558576.0695399999,154340.44843175,474789.65910899994,629130.10754075
M0331,10858187.23,6608824.510000001,13536.06726,37401.690795,12,1128.005605,3116.80756625,958.8047642500001,2649.2864313125,3608.0911955625
M0330,10818182.77,2930345.01,10105.54824,19114.774634999998,12,842.12902,1592.8978862499998,715.809667,1353.9632033125,2069.7728703125
M0327,7036301.13,6731701.56,8413.85538,77981.15023500001,12,701.154615,6498.42918625,595.98142275,5523.6648083125,6119.6462310625
M0326,465819850.03000003,1021341940.2,3260738.95021,13245764.969985,12,271728.2458508333,1103813.74749875,230969.0089732083,938241.6853739375,1169210.6943471457
M0356,332941332.72,962468042.09,2330589.32904,7215208.793195001,12,194215.77742000003,601267.3994329168,165083.410807,511077.28951797925,676160.7003249793
M0354,391887041.15,311302218.63,2743209.28805,2650308.97916,12,228600.77400416668,220859.08159666669,194310.65790354167,187730.21935716667,382040.87726070837
M0469,477472063.34,903704520.6,3342304.44338,7083511.560579999,12,278525.3702816667,590292.6300483333,236746.56473941667,501748.7355410833,738495.3002805
M0500,4774809.15,4554421.26,5750.902680000001,28307.92669,12,479.24189000000007,2358.9938908333334,407.3556065,2005.1448072083333,2412.5004137083333
M0499,349067688.3,744101741.55,2443473.8181000003,7136014.81405,12,203622.81817500002,594667.9011708334,173079.39544875,505467.71599520836,678547.1114439584
M0498,385135228.18,390543822.15999997,2695946.59726,5204457.71614,12,224662.21643833336,433704.80967833335,190962.88397258334,368649.0882265833,559611.9721991667
M0497,12674560.47,9448719.2,24522.57495,137871.538555,12,2043.5479125,11489.294879583334,1737.015725625,9765.900647645834,11502.916373270835
M0496,221286920.07999998,315419330.0,1549008.44056,2602449.993845,12,129084.03671333333,216870.83282041666,109721.43120633333,184340.20789735415,294061.6391036875
M0495,307246801.56,408904798.85,2150727.61092,2884481.2323249998,12,179227.30091,240373.4360270833,152343.2057735,204317.42062302082,356660.6263965208
M0494,8980962.23,5385437.17,9359.96784,29627.76365,12,779.99732,2468.980304166667,662.997722,2098.6332585416667,2761.6309805416668
M0493,11700504.95,6451249.79,17753.17665,56908.039575,12,1479.4313875,4742.33663125,1257.516679375,4030.9861365625,5288.5028159375
M0492,313102263.49,1146295549.63,2191715.84443,12372312.338195,12,182642.98703583333,1031026.0281829167,155246.53898045834,876372.1239554791,1031618.6629359375
M0490,10804829.86,5549129.069999999,16723.51284,74514.240135,12,1393.62607,6209.52001125,1184.5821595,5278.0920095625,6462.6741690624995
M0488,430493207.29,519610971.05,3013452.45103,3015602.577955,12,251121.03758583334,251300.21482958333,213452.88194795835,213605.18260514582,427058.06455310417
M0487,284585093.26,379692387.07,1992095.65282,4125497.92785,12,166007.97106833334,343791.4939875,141106.77540808334,292222.769889375,433329.54529745836
M0346,7467944.75,5364447.77,11173.54152,16755.45175,12,931.12846,1396.2876458333333,791.459191,1186.8444989583334,1978.3036899583335
M0344,470948049.24,292802071.34,3296636.34468,2205514.010065,12,274719.69539,183792.83417208333,233511.7410815,156223.90904627083,389735.65012777084
M0343,8835475.2,1633773.08,9710.26608,9439.624215,12,809.1888399999999,786.63535125,687.8105139999999,668.6400485624999,1356.4505625624997
M0397,806032982.5,2675419453.94,5642230.8775,25699379.211255,12,470185.90645833337,2141614.93427125,399658.0204895834,1820372.6941305625,2220030.714620146
M0396,375252473.23,500478259.9,2626767.31261,5727210.144325,12,218897.27605083332,477267.5120270834,186062.6846432083,405677.38522302086,591740.0698662292
M0395,9554152.08,7218795.16,13334.58945,87638.70534,12,1111.2157875,7303.225445,944.533419375,6207.74162825,7152.275047625
M0364,9782634.32,6443825.5,19271.01048,23786.947350000002,12,1605.9175400000001,1982.2456125,1365.029909,1684.908770625,3049.938679625
M0362,10329726.18,1397755.4,16488.36618,2096.6331,12,1374.0305150000002,174.719425,1167.92593775,148.51151124999998,1316.437449
M0361,14368889.34,8983195.22,17216.01684,106606.16305,12,1434.66807,8883.846920833334,1219.4678595,7551.269882708333,8770.737742208334
M0360,7379780.38,996948.87,10733.43558,9987.634075,12,894.452965,832.3028395833334,760.2850202499999,707.4574136458333,1467.742433895833
M0358,530524225.83,650883764.18,3713669.58081,4787424.50435,12,309472.4650675,398952.04202916665,263051.595307375,339109.23572479165,602160.8310321667
M0357,358820954.95,649934742.39,2511746.68465,7378003.63052,12,209312.22372083334,614833.6358766666,177915.39016270833,522608.5904951666,700523.980657875
M0388,9917999.47,2457590.14,14391.45543,18083.953045,12,1199.2879525,1506.9960870833331,1019.394759625,1280.9466740208331,2300.341433645833
M0387,8900787.33,3441311.64,9777.80487,32398.050965000002,12,814.8170725,2699.8375804166667,692.594511625,2294.8619433541667,2987.4564549791667
M0385,9754429.37,6588436.73,11591.76849,43910.593835,12,965.9807075,3659.2161529166665,821.083601375,3110.3337299791665,3931.4173313541664
M0382,185405812.82,447124938.98,1297840.68974,3922582.93557,12,108153.39081166667,326881.9112975,91930.38218991667,277849.62460287503,369780.0067927917
M0381,648859869.11,1066125399.19,4542019.08377,7036263.0478,12,378501.5903141667,586355.2539833334,321726.35176704166,498401.9658858333,820128.317652875
M0470,283261419.04,449675534.68,1982829.93328,2295485.907005,12,165235.82777333332,191290.49225041666,140450.45360733333,162596.91841285417,303047.3720201875
M0419,14846593.530000001,6889162.55,27561.228900000002,78223.388815,12,2296.769075,6518.6157345833335,1952.25371375,5540.8233743958335,7493.077088145834
M0418,575661928.5600001,993267554.86,4029633.4999200003,5161537.564635,12,335802.79166000005,430128.13038625004,285432.37291100004,365608.9108283125,651041.2837393126
M0416,313460462.39,132386465.08,2194223.23673,1282149.06027,12,182851.93639416667,106845.7550225,155424.14593504166,90818.891769125,246243.03770416667
M0413,511519121.29,982842033.89,3580633.84903,9195758.73278,12,298386.15408583335,766313.2277316666,253628.23097295835,651366.2435719166,904994.474544875
M0411,9448667.66,7836628.7,11065.88433,62347.10284,12,922.1570275,5195.591903333333,783.833473375,4416.253117833333,5200.086591208333
M0380,201686165.13,349810778.87,1411803.15591,1911699.944305,12,117650.2629925,159308.32869208333,100002.72354362499,135412.07938827082,235414.80293189583
M0379,229306471.28,390812173.14,1605145.29896,3048527.433355,12,133762.10824666667,254043.9527795833,113697.79200966666,215937.3598626458,329635.1518723125
M0378,13027126.77,11071536.04,17384.04651,113536.586825,12,1448.6705425,9461.382235416668,1231.369961125,8042.174900104167,9273.544861229168
M0375,10217792.61,4878387.32,17584.068209999998,13237.828695,12,1465.3390174999997,1103.15239125,1245.5381648749997,937.6795325625,2183.2176974374997
M0374,12165612.85,6650524.22,12003.221160000001,10900.78633,12,1000.2684300000001,908.3988608333334,850.2281655,772.1390317083334,1622.3671972083334
M0373,8785757.86,4200624.19,5283.79782,38679.55729,12,440.316485,3223.2964408333332,374.26901225,2739.801974708333,3114.070986958333
M0403,10522626.32,5361915.38,8973.35025,36358.46173,12,747.7791874999999,3029.8718108333337,635.6123093749999,2575.3910392083335,3211.0033485833333
M0401,257559398.73,428972018.75,1802915.79111,2873156.99001,12,150242.98259250002,239429.74916749998,127706.53520362501,203515.28679237497,331221.821996
M0399,12420380.85,10269920.01,12362.70786,129049.68719,12,1030.225655,10754.140599166667,875.69180675,9141.019509291667,10016.711316041667
M0425,13979881.53,1462005.29,18956.97951,13828.666185,12,1579.7482925000002,1152.38884875,1342.7860486250001,979.5305214375,2322.3165700625004
M0424,392634490.51,470862139.74,2748441.43357,3431125.596885,12,229036.78613083332,285927.13307375,194681.2682112083,243038.0631126875,437719.33132389584
M0662,380789902.95,798580031.22,2665529.32065,6601829.7485,12,222127.4433875,550152.4790416666,188808.326879375,467629.6071854166,656437.9340647917
M0661,515837782.48,3409404838.23,3610864.47736,20610822.575910002,12,300905.3731133333,1717568.5479925002,255769.5671463333,1459933.2657936253,1715702.8329399587
M0483,12310534.45,1433691.86,18382.42371,2150.5377900000003,12,1531.8686424999999,179.21148250000002,1302.0883461249998,152.329760125,1454.4181062499997
M0479,606486543.41,307067847.14,4245405.80387,1933980.7344850001,12,353783.81698916666,161165.06120708334,300716.24444079166,136990.30202602083,437706.5464668125
M0478,10405524.72,8447075.790000001,16196.21091,65049.792075000005,12,1349.6842425,5420.81600625,1147.2316061249999,4607.6936053125,5754.9252114374995
M0476,471768719.35,657580640.78,3302381.03545,6677280.65857,12,275198.4196208333,556440.0548808334,233918.6566777083,472974.04664870835,706892.7033264167
M0475,608326804.53,1148282637.44,4258287.63171,7415385.952355,12,354857.3026425,617948.8293629166,301628.70724612504,525256.5049584791,826885.2122046042
M0474,12541618.52,6163660.38,20976.22815,49385.167010000005,12,1748.0190125,4115.430584166667,1485.8161606249998,3498.1159965416673,4983.932157166667
M0473,12887593.31,2850827.15,21813.74994,31071.030595,12,1817.8124950000001,2589.2525495833333,1545.1406207500002,2200.864667145833,3746.005287895833
M0392,11978242.54,8647300.5,19575.6576,90340.338175,12,1631.3048,7528.361514583333,1386.60908,6399.107287395833,7785.716367395833
M0389,10567988.34,6758163.79,10908.483629999999,53906.55201,12,909.0403024999999,4492.2126675,772.6842571249999,3818.380767375,4591.0650245
M0420,445055968.38,421194191.68,3115391.7786600003,2770366.475505,12,259615.98155500003,230863.87295875,220673.58432175004,196234.2920149375,416907.87633668754
M0448,294730074.85,203175938.74,2063110.52395,1056362.15714,12,171925.87699583333,88030.17976166667,146136.9954464583,74825.65279741667,220962.64824387498
M0446,10830857.69,2862935.89,14703.27555,22982.42248,12,1225.2729625,1915.2018733333334,1041.482018125,1627.9215923333334,2669.4036104583333
M0445,165105888.53,554945365.54,1155741.21971,2675450.470825,12,96311.76830916667,222954.20590208334,81865.00306279167,189511.07501677083,271376.0780795625
M0443,416397199.02,571298464.99,2914780.3931400003,4535103.793625,12,242898.36609500003,377925.3161354167,206463.61118075,321236.51871510415,527700.1298958542
M0441,10574534.34,7117969.47,21287.31351,80634.549545,12,1773.9427925,6719.545795416667,1507.851373625,5711.613926104166,7219.465299729166
M0440,429380680.78000003,744304042.6,3005664.76546,5798971.4489049995,12,250472.06378833333,483247.6207420833,212901.25422008333,410760.47763077077,623661.7318508541
M0408,396113107.92,256257361.65,2772791.75544,1916749.998695,12,231065.97962,159729.16655791667,196406.082677,135769.79157422917,332175.87425122916
M0406,629884054.47,1520282883.0,4409188.38129,9131066.26395,12,367432.3651075,760922.1886625,312317.51034137496,646783.860363125,959101.3707045
M0405,9610838.41,4150226.9099999997,7634.91741,9372.804935,12,636.2431175,781.0670779166667,540.8066498750001,663.9070162291666,1204.7136661041668
M0436,526931687.53,559469935.56,3688521.81271,4314890.796615,12,307376.81772583333,359574.23305125,261270.29506695832,305638.09809356247,566908.3931605208
M0435,846322738.15,2472940603.53,5924259.16705,21232714.704355,12,493688.26392083336,1769392.8920295835,419635.02433270833,1503983.958225146,1923618.9825578541
M0434,8273403.31,7485794.85,10645.77975,28227.65315,12,887.1483125,2352.3044291666665,754.076065625,1999.4587647916665,2753.5348304166664
M0430,489037013.21,675371886.8100001,3423259.09247,5827885.878260001,12,285271.59103916667,485657.15652166674,242480.85238329167,412808.58304341673,655289.4354267084
M0027,382502727.12,411461439.87,2677519.08984,4513059.00597,12,223126.59082,376088.2504975,189657.602197,319675.012922875,509332.615119875
M0691,10214725.06,8048202.4,13368.415140000001,56603.422165,12,1114.034595,4716.951847083334,946.92940575,4009.4090700208335,4956.338475770834
M0689,198502500.49,147828664.76,1389517.50343,1466255.63134,12,115793.12528583333,122187.96927833334,98424.15649295833,103859.77388658334,202283.93037954165
M0688,12468845.24,13257407.67,17870.75958,118351.97244999999,12,1489.2299650000002,9862.664370833332,1265.84547025,8383.264715208332,9649.110185458332
M0685,314450301.37,1126525028.43,2201152.10959,8240056.87852,12,183429.34246583332,686671.4065433333,155914.94109595832,583670.6955618333,739585.6366577917
M0684,4860816.9399999995,4135731.63,1762.2534899999998,58465.396665,12,146.8544575,4872.11638875,124.82628887499999,4141.2989304375,4266.125219312499
M0681,416079269.42,1160822086.34,2912554.88594,7542527.656585,12,242712.90716166666,628543.9713820834,206305.97108741666,534262.3756747708,740568.3467621874
M0680,521997381.92,1394940766.78,3653981.67344,10072593.711845,12,304498.47278666665,839382.8093204167,258823.70186866666,713475.3879223542,972299.0897910208
M0693,409710301.01,354591530.26,2867972.10707,1995736.23151,12,238997.67558916667,166311.35262583333,203148.02425079167,141364.6497319583,344512.67398275
M0019,275106504.9,436863448.49,1925745.5343,1693433.302835,12,160478.794525,141119.44190291667,136406.97534625,119951.52561747917,256358.50096372917
M0018,597441335.8,804529579.9399999,4182089.3506,2522191.297935,12,348507.44588333333,210182.60816125,296231.3290008333,178655.2169370625,474886.54593789583
M0017,15845078.97,4148114.5,25927.944750000002,34270.82428,12,2160.6620625,2855.9020233333335,1836.562753125,2427.5167198333334,4264.079472958333
M0015,9409640.44,4833568.81,14191.476359999999,48888.296185,12,1182.62303,4074.024682083333,1005.2295754999999,3462.920979770833,4468.150555270833
M0014,556683923.26,854970070.87,3896787.46282,6176658.537105001,12,324732.2885683333,514721.54475875007,276022.4452830833,437513.31304493756,713535.7583280208
M0013,392034329.46,604804995.05,2744240.30622,2677085.10128,12,228686.69218500002,223090.42510666666,194383.68835725,189626.86134066666,384010.54969791666
M0043,17201016.73,3975001.33,34208.71074,13397.073685,12,2850.725895,1116.4228070833333,2423.11701075,948.9593860208332,3372.0763967708335
M0041,600652647.56,1055205777.7,4204568.53292,8318075.040575,12,350380.71107666666,693172.9200479167,297823.60441516666,589196.9820407291,887020.5864558958
M0040,359791896.48,355661038.07,2518543.27536,1086564.63577,12,209878.60627999998,90547.05298083334,178396.815338,76964.99503370833,255361.8103717083
M0629,269617677.56,546724571.5600001,1887323.74292,2453757.387985,12,157276.97857666668,204479.78233208333,133685.43179016668,173807.81498227082,307493.2467724375
M0659,177355377.6,891017895.86,1241487.6432,6345516.778555,12,103457.3036,528793.0648795833,87938.70805999999,449474.1051476458,537412.8132076458
M0657,9446838.23,8932029.26,12136.9482,108181.02862,12,1011.4123500000001,9015.085718333334,859.7004975,7662.822860583334,8522.523358083334
M0654,255513718.25,378989759.67,1788596.02775,2920237.55193,12,149049.66897916666,243353.1293275,126692.21863229165,206850.159928375,333542.3785606667
M0653,304741597.90999997,1583262356.23,2133191.18537,13243263.662190001,12,177765.93211416667,1103605.3051825,151101.04229704165,938064.509405125,1089165.5517021667
M0652,16000619.209999999,4764541.24,29234.9928,18973.814685,12,2436.2494,1581.15122375,2070.81199,1343.9785401875001,3414.7905301875003
M0649,358803884.82,1282285937.22,2511627.19374,8519131.525905,12,209302.266145,709927.62715875,177906.92622325,603438.4830849374,781345.4093081874
M0677,17017714.02,6013246.23,23745.033180000002,70065.71054500001,12,1978.7527650000002,5838.809212083334,1681.93985025,4962.987830270834,6644.927680520834
M0036,11762201.89,3134317.0700000003,20331.93318,23018.20406,12,1694.327765,1918.1836716666667,1440.17860025,1630.4561209166666,3070.6347211666666
M0035,12599784.68,5748322.38,14738.622480000002,65006.027475,12,1228.21854,5417.1689562500005,1043.9857590000001,4604.5936128125,5648.5793718125005
M0028,9254329.89,5694492.51,11958.53745,54093.096255,12,996.5447875,4507.75802125,847.0630693749999,3831.5943180624995,4678.657387437499
M0033,281418905.14,328021023.01,1969932.33598,2518653.11743,12,164161.02799833333,209887.75978583333,139536.8737985833,178404.59581795832,317941.46961654164
M0042,13771521.26,8678903.13,28183.239090000003,83678.29828,12,2348.6032575000004,6973.191523333334,1996.3127688750003,5927.212794833334,7923.525563708334
M0683,10707882.16,4430645.06,19936.34961,66464.44183,12,1661.3624675,5538.703485833333,1412.1580973750001,4707.897962958333,6120.056060333332
M0426,12600685.91,8958430.3,23363.06082,97191.043955,12,1946.921735,8099.253662916667,1654.8834747499998,6884.365613479167,8539.249088229168
M0429,7653359.6899999995,5538580.64,10166.52024,33548.272515000004,12,847.21002,2795.6893762500004,720.128517,2376.3359698125,3096.4644868125
M0449,366057667.88,840978895.64,2562403.67516,3881303.13991,12,213533.63959666668,323441.92832583335,181503.59365716667,274925.63907695835,456429.232734125
M0472,382313952.12,754943455.46,2676197.66484,7054212.63579,12,223016.47207000002,587851.0529824999,189564.00125950002,499673.3950351249,689237.3962946249
M0484,514933106.54,351052382.4,3604531.74578,1788784.374885,12,300377.64548166667,149065.36457375,255320.99865941665,126705.5598876875,382026.5585471041
M0398,7042744.39,5257704.58,7693.6771499999995,43916.456645,12,641.1397625,3659.7047204166665,544.9687981249999,3110.7490123541666,3655.7178104791665
M0404,15241179.8,5315978.83,25248.02535,17517.418945,12,2104.0021125,1459.7849120833334,1788.4017956249997,1240.8171752708333,3029.218970895833
M0363,313104283.65,378465882.9,2191729.98555,3062625.47287,12,182644.16546249998,255218.78940583335,155247.540643125,216935.97099495833,372183.5116380833
M0355,7488192.2700000005,2920758.59,4231.788839999999,8792.560935,12,352.64906999999994,732.7134112499999,299.75170949999995,622.8063995624999,922.5581090624999
M0528,7877746.28,7201060.0,9506.1261,88072.56427,12,792.1771749999999,7339.380355833334,673.3505987499999,6238.473302458334,6911.823901208334
M0271,9838244.6,7229217.28,18340.59816,65200.562920000004,12,1528.38318,5433.380243333334,1299.125703,4618.373206833334,5917.4989098333335
M0547,238159726.01,835798921.51,1667118.08207,6878119.06653,12,138926.50683916666,573176.5888775,118087.53081329165,487200.10054587503,605287.6313591667
M0234,9255288.64,8275041.43,14746.35165,106942.37789,12,1228.8626375000001,8911.864824166667,1044.5332418750002,7575.085100541667,8619.618342416667
M0236,9383193.31,4385254.9,18176.554949999998,52964.877810000005,12,1514.7129125,4413.739817500001,1287.5059756249998,3751.6788448750003,5039.184820500001
M0201,558912801.84,494836384.51,3912389.61288,2313371.10662,12,326032.46774,192780.92555166667,277127.597579,163863.78671891667,440991.38429791667
M0174,409800062.45,942562192.54,2868600.43715,8392762.536805,12,239050.03642916668,699396.8780670833,203192.53096479166,594487.3463570208,797679.8773218124
M0566,8259055.05,8493930.28,8423.78895,60048.05276,12,701.9824125,5004.004396666666,596.685050625,4253.403737166666,4850.088787791667
M0608,17630672.45,7225719.96,27064.26627,59603.41185,12,2255.3555225,4966.950987499999,1917.052194125,4221.908339375,6138.9605335
M0114,9090433.07,4261518.25,18076.23021,6392.277375000001,12,1506.3525175000002,532.68978125,1280.399639875,452.78631406249997,1733.1859539375
M0126,5719727.79,1617843.1400000001,6649.661910000001,25699.882555000004,12,554.1384925000001,2141.6568795833336,471.01771862500004,1820.4083476458336,2291.426066270834
M0090,379940781.4,253825100.13,2659585.4698,1121304.48594,12,221632.12248333334,93442.04049500001,188387.30411083333,79425.73442075,267813.0385315833
M0634,398634748.37,366808978.33,2790443.23859,3232522.180085,12,232536.93654916668,269376.8483404167,197656.39606679167,228970.32108935417,426626.71715614584
M0633,389428265.77,2428966653.09,2725997.86039,15480876.025795002,12,227166.48836583333,1290073.0021495835,193091.5151109583,1096562.051827146,1289653.5669381043
M0637,327613404.71,937035030.08,2293293.83297,5815983.900585,12,191107.81941416665,484665.32504875003,162441.64650204164,411965.5262914375,574407.1727934792
M0640,10459700.16,6783188.41,17581.39725,69254.34595,12,1465.1164375,5771.195495833334,1245.348971875,4905.516171458334,6150.865143333333
M0466,435177939.17,212105371.91,3046245.57419,1338658.5606550002,12,253853.79784916667,111554.88005458335,215775.72817179168,94821.64804639584,310597.3762181875
M0074,11386073.98,7813867.68,20017.53486,74446.14672,12,1668.127905,6203.845560000001,1417.90871925,5273.268726,6691.17744525
M0045,18646852.07,6170103.82,26403.71244,56415.784190000006,12,2200.30937,4701.315349166667,1870.2629645,3996.118046791667,5866.381011291667
M0021,176672863.84,261322989.95,1236710.04688,2070801.8109900001,12,103059.17057333334,172566.81758250002,87600.29498733333,146681.794945125,234282.08993245833
M0024,342697363.79,264458157.9,2398881.54653,931412.51631,12,199906.79554416667,77617.7096925,169920.77621254168,65975.053238625,235895.82945116668
M0165,161561434.08,374722680.92,1130930.03856,3145000.743045,12,94244.16988,262083.39525375,80107.544398,222770.88596568748,302878.43036368745
M0054,311149098.38,458276309.32,2178043.68866,2248178.635075,12,181503.64072166666,187348.21958958334,154278.09461341664,159245.98665114582,313524.08126456244
M0006,383296257.96,255171634.89,2683073.80572,2055618.07181,12,223589.48381,171301.50598416667,190051.0612385,145606.28008654166,335657.34132504166
M0002,443815052.92,681179906.47,3106705.37044,3794727.596975,12,258892.11420333336,316227.2997479167,220058.29707283335,268793.2047857292,488851.5018585625
M0690,370335290.01,1748381968.16,2592347.03007,9917835.73467,12,216028.9191725,826486.3112225,183624.581296625,702513.364539125,886137.94583575
M0687,221380864.09,788340860.26,1549666.04863,5016816.16774,12,129138.83738583334,418068.0139783334,109768.01177795834,355357.81188158336,465125.82365954167
M0686,396951025.93,1004555591.89,2778657.18151,6960211.198965,12,231554.76512583334,580017.59991375,196821.55035695832,493014.9599266875,689836.5102836458
M0682,358726976.62,377448954.0,2511088.83634,3458090.56757,12,209257.40302833333,288174.21396416664,177868.79257408332,244948.08186954164,422816.874443625
M0679,11924875.2,8119653.12,13890.90108,52617.859339999995,12,1157.57509,4384.821611666666,983.9388265,3727.0983699166663,4711.037196416666
M0020,459504974.4,927139575.54,3216534.8208000003,6131432.2194300005,12,268044.56840000005,510952.68495250004,227837.88314000002,434309.782209625,662147.665349625
M0016,382342793.87,1986126973.53,2676399.5570900002,10322242.616625,12,223033.29642416668,860186.88471875,189578.30196054166,731158.8520109375,920737.1539714792
M0009,243210569.98,249423163.76,1702473.98986,1347179.8400450002,12,141872.83248833334,112264.98667041668,120591.90761508334,95425.23866985417,216017.1462849375
M0437,195115736.71,304772469.3,1365810.1569700001,2969586.557265,12,113817.51308083335,247465.54643875,96744.88611870834,210345.71447293748,307090.6005916458
M0464,401461182.7,258302511.23,2810228.2789000003,1647206.56396,12,234185.68990833336,137267.21366333333,199057.83642208335,116677.13161383332,315734.9680359167
M0454,266947128.48,379443851.53,1868629.89936,2537134.61833,12,155719.15828,211427.88486083332,132361.284538,179713.70213170833,312074.98666970833
M0676,196370036.61,836532713.63,1374590.25627,6168486.0850100005,12,114549.1880225,514040.5070841667,97366.809819125,436934.43102154165,534301.2408406667
M0675,353861120.53000003,1008345703.34,2477027.84371,7533148.463815,12,206418.98697583334,627762.3719845833,175456.13892945834,533598.0161868958,709054.1551163541
M0674,515368823.53,1249696256.75,3607581.76471,4063716.8871850003,12,300631.8137258333,338643.0739320834,255537.0416669583,287846.6128422709,543383.6545092291
M0673,317808755.37,331523500.36,2224661.28759,2014961.506755,12,185388.4406325,167913.45889625,157580.174537625,142726.4400618125,300306.61459943745
M0670,359276764.85,377661585.75,2514937.35395,1332505.922005,12,209578.11282916667,111042.16016708333,178141.39590479166,94385.83614202082,272527.2320468125
M0665,212502612.63,831498916.13,1487518.28841,4901068.125855,12,123959.85736750001,408422.34382124996,105365.87876237501,347158.99224806245,452524.8710104375
M0664,13590659.13,8203246.16,26569.45746,53149.61934500001,12,2214.121455,4429.1349454166675,1882.0032367499998,3764.764703604167,5646.767940354167
M0423,8023004.92,2525247.43,7303.30677,3787.871145,12,608.6088975,315.65592875,517.317562875,268.3075394375,785.6251023125001
M0422,353852446.21,388719778.41,2476967.12347,2343643.23709,12,206413.92695583333,195303.60309083332,175451.83791245832,166008.06262720833,341459.90053966665
M0447,11713442.71,4170261.44,19535.65029,27301.537910000003,12,1627.9708575000002,2275.128159166667,1383.775228875,1933.858935291667,3317.634164166667
M0444,317768395.42,280417048.01,2224378.76794,945896.49215,12,185364.89732833335,78824.70767916666,157560.16272908333,67001.00152729166,224561.164256375
M0442,10877402.1,4651532.96,14448.860670000002,6977.29944,12,1204.0717225,581.44162,1023.460964125,494.2253769999999,1517.686341125
M0407,432880588.27,992574405.25,3030164.11789,6509843.229135,12,252513.6764908333,542486.93576125,214636.6250172083,461113.8953970625,675750.5204142708
M0433,353789686.46999997,828102043.02,2476527.80529,6066313.22945,12,206377.3171075,505526.1024541667,175420.719541375,429697.18708604167,605117.9066274166
M0432,245372975.45,301088339.26,1717610.82815,2119638.102325,12,143134.23567916665,176636.50852708332,121664.10032729166,150141.0322480208,271805.13257531245
M0431,579032116.54,454649932.85,4053224.81578,3324913.5197,12,337768.73464833334,277076.1266416667,287103.42445108335,235514.70764541667,522618.1320965
M0427,579505149.26,640783174.44,4056536.04482,5008173.783995,12,338044.67040166666,417347.8153329166,287337.96984141663,354745.6430329791,642083.6128743957
M0482,189526772.43,256638748.24,1326687.40701,2307750.500265,12,110557.2839175,192312.54168875,93973.691329875,163465.6604354375,257439.3517653125
M0481,517322221.23,403654409.19,3621255.54861,1963491.73781,12,301771.2957175,163624.31148416668,256505.60135987497,139080.66476154167,395586.26612141664
M0480,483160097.95,643318234.61,3382120.68565,3967983.44037,12,281843.39047083334,330665.2866975,239566.88190020833,281065.49369287497,520632.3755930833
M0477,656544546.06,1032018447.08,4595811.82242,8595948.931975,12,382984.318535,716329.0776645833,325536.67075475,608879.7160148958,934416.3867696458
M0471,13403091.27,4298404.82,21339.20304,16974.887005,12,1778.26692,1414.5739170833333,1511.526882,1202.3878295208333,2713.9147115208334
M0394,436112836.12,426350390.94,3052789.8528400003,3143761.56517,12,254399.15440333335,261980.13043083332,216239.28124283333,222683.11086620833,438922.3921090417
M0393,542591246.12,1066774271.68,3798138.72284,6730311.10735,12,316511.56023666664,560859.2589458333,269034.82620116667,476730.3701039583,745765.196305125
M0391,11195391.53,3429548.52,18504.77031,11138.544225,12,1542.0641925,928.21201875,1310.754563625,788.9802159374999,2099.7347795625
M0390,192408359.05,127751313.16,1346858.51335,1251643.683985,12,112238.20944583333,104303.64033208333,95402.47802895833,88658.09428227083,184060.57231122916
M0417,457038719.51,337769756.6,3199271.03657,2892048.582245,12,266605.91971416667,241004.0485204167,226615.03175704167,204853.4412423542,431468.47299939586
M0414,263830771.68,48547682.85,1846815.40176,150573.185525,12,153901.28348,12547.765460416667,130816.090958,10665.600641354167,141481.69159935418
M0412,550120669.4,1364267077.9,3850844.6858,9141119.50355,12,320903.7238166667,761759.9586291667,272768.1652441667,647495.9648347917,920264.1300789583
M0410,504658669.31,309578878.09,3532610.68517,3662707.94467,12,294384.22376416664,305225.6620558333,250226.59019954165,259441.81274745832,509668.402947
M0376,591754789.26,1185968214.53,4142283.52482,7260822.23804,12,345190.293735,605068.5198366666,293411.74967475,514308.2418611666,807719.9915359167
M0400,15597629.81,5880540.46,30188.59647,46412.96091,12,2515.7163725,3867.7467425,2138.358916625,3287.584731125,5425.94364775
M0359,467251155.91,820870682.52,3270758.09137,7232113.344459999,12,272563.17428083334,602676.1120383333,231678.69813870834,512274.6952325833,743953.3933712917
M0386,9144044.98,2871209.62,16483.99563,15837.32053,12,1373.6663025,1319.7767108333335,1167.616357125,1121.8102042083335,2289.4265613333337
M0384,352948655.62,301804627.65,2470640.58934,2786378.30096,12,205886.71577833334,232198.19174666668,175003.70841158333,197368.46298466666,372372.17139625
M0383,328878048.59000003,727402429.2,2302146.34013,6004746.33662,12,191845.52834416667,500395.5280516667,163068.69909254168,425336.19884391665,588404.8979364584
M0491,17846339.82,14161648.52,29676.68946,157286.018055,12,2473.057455,13107.16817125,2102.09883675,11141.0929455625,13243.191782312499
M0489,396795832.1,633454997.17,2777570.8247,4525513.0655350005,12,231464.23539166668,377126.0887945834,196744.60008291667,320557.17547539587,517301.77555831254
M0348,402202582.34,932926781.97,2815418.07638,9601305.8355,12,234618.17303166667,800108.819625,199425.44707691667,680092.4966812499,879517.9437581666
M0347,292579058.71,587654923.0,2048053.41097,4367645.69746,12,170671.11758083335,363970.47478833335,145070.44994370834,309374.9035700833,454445.3535137917
M0345,8952771.629999999,5915037.91,14897.6298,103325.87400000001,12,1241.4691500000001,8610.489500000001,1055.2487775000002,7318.916075000001,8374.164852500002
M0371,441395417.03999996,971070042.13,3089767.91928,5382294.46658,12,257480.65994,448524.53888166667,218858.560949,381245.8580494167,600104.4189984167
M0369,512715197.18,955552140.6899999,3589006.38026,5822891.131195,12,299083.8650216667,485240.92759958334,254221.2852684167,412454.7884596458,666676.0737280624
M0332,293579227.72,419506291.24,2055054.59404,2924042.903165,12,171254.54950333334,243670.24193041667,145566.36707783333,207119.70564085417,352686.0727186875
M0328,453558304.09000003,841918510.22,3174908.12863,9532175.97769,12,264575.67738583335,794347.9981408333,224889.32577795835,675195.7984197083,900085.1241976666
M0325,7045012.54,3563150.28,5363.175929999999,5344.725420000001,12,446.93132749999995,445.39378500000004,379.8916283749999,378.58471725000004,758.476345625
M0351,365342224.97,472723649.14,2557395.57479,3793875.504875,12,213116.29789916668,316156.2920729167,181148.85321429168,268732.8482619792,449881.70147627086
M0349,474395284.6,1161479672.3,3320766.9922,9264216.25773,12,276730.58268333337,772018.0214775,235220.99528083336,656215.3182558749,891436.3135367082
M0512,419356521.01,341122111.41,2935495.64707,2626109.484255,12,244624.63725583334,218842.45702125,207930.94166745833,186016.08846806252,393947.03013552085
M0510,178009885.03,418391649.44,1246069.19521,2544961.418145,12,103839.09960083333,212080.11817875,88263.23466070833,180268.1004519375,268531.3351126458
M0509,403906143.86,1134053859.8,2827343.00702,9929919.175905,12,235611.91725166666,827493.26465875,200270.12966391665,703369.2749599376,903639.4046238542
M0505,5044633.03,11281456.65,1919.39919,86626.10665,12,159.94993250000002,7218.842220833333,135.957442625,6136.015887708333,6271.973330333333
M0316,320155509.59,274444374.55,2241088.5671300003,2490890.200215,12,186757.3805941667,207574.18335125002,158743.7735050417,176438.0558485625,335181.82935360423
M0311,511333448.73,934716776.63,3579334.14111,8226735.6661,12,298277.84509250004,685561.3055083334,253536.16832862503,582727.1096820834,836263.2780107084
M0340,312654394.71,356933047.58,2188580.76297,2784500.9251449998,12,182381.7302475,232041.74376208332,155024.470710375,197235.48219777082,352259.95290814585
M0337,160314632.55,301922287.07,1122202.42785,2438505.895345,12,93516.86898750001,203208.82461208335,79489.33863937501,172727.50092027083,252216.83955964586
M0335,441136682.72,474107961.18,3087956.77904,2991338.038585,12,257329.73158666666,249278.16988208334,218730.27184866666,211886.44439977084,430616.71624843753
M0301,10558541.91,9820666.69,17303.564309999998,68480.561485,12,1441.9636924999998,5706.713457083333,1225.6691386249997,4850.706438520833,6076.375577145833
M0297,372786622.52,336133703.89,2609506.35764,3041410.63619,12,217458.86313666668,253450.88634916666,184840.03366616668,215433.25339679164,400273.28706295835
M0307,332967827.22,374942429.51,2330774.79054,3793267.649135,12,194231.232545,316105.6374279167,165096.54766325,268689.79181372916,433786.33947697916
M0304,860115986.67,1941103741.73,6020811.906690001,22057602.212735,12,501734.32555750007,1838133.5177279168,426474.17672387505,1562413.4900687293,1988887.6667926044
M0501,8458997.23,6522743.06,14221.43496,85466.761,12,1185.11958,7122.230083333333,1007.351643,6053.895570833332,7061.247213833332
M0532,434008915.13,1861917943.81,3038062.40591,14383435.474440001,12,253171.8671591667,1198619.62287,215196.08708529169,1018826.6794395001,1234022.7665247917
M0530,325560029.21,506631873.3,2278920.20447,4239084.044985,12,189910.01703916668,353257.00374875,161423.51448329168,300268.4531864375,461691.96766972914
M0524,5306392.14,9236466.4,5259.46887,33324.960775,12,438.2890725,2777.0800645833333,372.54571162499997,2360.5180548958333,2733.0637665208333
M0270,383535076.25,796205023.65,2684745.53375,7103516.78869,12,223728.79447916665,591959.7323908333,190169.47530729164,503165.7725322083,693335.2478395
M0268,10294291.77,4268202.07,18175.662539999998,52517.943895000004,12,1514.6385449999998,4376.495324583334,1287.4427632499999,3720.0210258958336,5007.463789145833
M0267,591636242.65,743769756.15,4141453.69855,7665208.20621,12,345121.1415458333,638767.3505175001,293352.9703139583,542952.247939875,836305.2182538332
M0264,407570444.37,561651745.61,2852993.11059,3869019.145465,12,237749.4258825,322418.26212208334,202087.01200012502,274055.52280377084,476142.53480389586
M0292,402072692.32,953228443.78,2814508.84624,7390400.556995,12,234542.40385333332,615866.7130829167,199361.04327533333,523486.70612047915,722847.7493958125
M0291,443362440.86,432946920.27,3103537.08602,2896344.369465,12,258628.09050166665,241362.03078875,219833.87692641665,205157.7261704375,424991.6030968542
M0290,3179265.89,1509205.63,0.0,11712.748749999999,12,0.0,976.0623958333332,0.0,829.6530364583332,829.6530364583332
M0287,17146572.1,6884716.79,31936.17084,26350.736965,12,2661.34757,2195.894747083333,2262.1454344999997,1866.5105350208332,4128.6559695208325
M0255,643577628.8100001,1361518236.03,4505043.4016700005,10471892.650325,12,375420.28347250004,872657.7208604167,319107.24095162505,741759.0627313541,1060866.3036829792
M0253,368965026.08,600896596.9,2582755.18256,5060837.69408,12,215229.59854666668,421736.47450666665,182945.15876466667,358476.00333066663,541421.1620953333
M0251,334186140.48,263219056.97,2339302.98336,2647163.61528,12,194941.91528,220596.96794,165700.627988,187507.422749,353208.05073699995
M0246,251386324.81,400397001.34,1759704.27367,3883039.643065,12,146642.02280583335,323586.63692208333,124645.71938495834,275048.6413837708,399694.3607687291
M0245,12225863.17,4546962.01,15528.94401,42167.179785,12,1294.0786675,3513.93164875,1099.966867375,2986.8419014375,4086.8087688124997
M0274,780146736.34,1283969041.49,5461027.15438,11544582.926835,12,455085.59619833337,962048.57723625,386822.7567685834,817741.2906508126,1204564.047419396
M0548,545624893.51,1780997306.96,3819374.25457,18047978.986465,12,318281.18788083334,1503998.2488720834,270539.0096987083,1278398.511541271,1548937.5212399792
M0541,261517120.95,416644361.18,1830619.84665,3223883.63242,12,152551.6538875,268656.96936833335,129668.905804375,228358.42396308333,358027.3297674583
M0540,219418594.89000002,1062609943.4,1535930.16423,11247087.47045,12,127994.1803525,937257.2892041667,108795.053299625,796668.6958235417,905463.7491231668
M0538,318385201.61,395421520.22,2228696.41127,4670233.337535,12,185724.70093916668,389186.11146125005,157865.99579829167,330808.19474206254,488674.19054035423
M0534,359511748.19,1193127578.16,2516582.23733,11271460.00179,12,209715.18644416667,939288.3334825,178257.90847754167,798395.083460125,976652.9919376667
M0241,182971273.8,316982910.04,1280798.9166,2975568.9658250003,12,106733.24305,247964.0804854167,90723.2565925,210769.46841260418,301492.7250051042
M0240,482063820.58,350732859.71,3374446.74406,1220716.844475,12,281203.8953383333,101726.40370625,239023.31103758333,86467.4431503125,325490.7541878958
M0239,355909150.14,624477305.73,2491364.05098,7426428.991205,12,207613.670915,618869.0826004167,176471.62027775,526038.7202103542,702510.3404881041
M0237,334809347.71,396493087.51,2343665.43397,3210205.20705,12,195305.45283083335,267517.10058749997,166009.63490620835,227389.53549937496,393399.17040558334
M0232,415629293.88,351041995.2,2909405.0571600003,4068614.08685,12,242450.42143000002,339051.1739041667,206082.85821550002,288193.49781854165,494276.3560340417
M0231,734489686.88,970662229.4499999,5141427.8081600005,9697915.955095,12,428452.3173466667,808159.6629245834,364184.4697446667,686935.7134858959,1051120.1832305626
M0230,7840022.54,5253167.43,7603.63011,54413.171884999996,12,633.6358425,4534.430990416667,538.5904661249999,3854.2663418541665,4392.856807979167
M0260,418437836.91,900886043.43,2929064.85837,7380837.163725001,12,244088.7381975,615069.7636437501,207475.427467875,522809.2990971876,730284.7265650625
M0259,471938124.8,721685693.96,3303566.8736,6399178.2722000005,12,275297.23946666665,533264.8560166667,234002.65354666664,453275.1276141667,687277.7811608333
M0224,358146949.96,725448776.03,2507028.64972,6863472.571520001,12,208919.05414333334,571956.0476266667,177581.19602183334,486162.6404826667,663743.8365045001
M0222,437130740.54,505845214.88,3059915.18378,4602269.845170001,12,254992.93198166668,383522.48709750007,216743.99218441668,325994.11403287505,542738.1062172917
M0220,217474345.62,847165159.39,1522320.41934,8320242.461885,12,126860.034945,693353.5384904166,107831.02970325001,589350.5077168541,697181.5374201041
M0218,6516192.63,1951611.51,7523.44299,7744.857225,12,626.9535824999999,645.40476875,532.9105451249999,548.5940534375,1081.5045985624997
M0214,362978899.82,280630406.96,2540852.29874,2458642.6137,12,211737.69156166667,204886.884475,179977.03782741667,174153.85180375,354130.8896311667
M0213,466509231.0,425128639.75,3265564.617,3455996.49959,12,272130.38475,287999.7082991667,231310.8270375,244799.7520542917,476110.5790917917
M0244,483305117.76,1137642760.21,3383135.82432,7851755.679185,12,281927.98536,654312.9732654167,239638.787556,556166.0272756042,795804.8148316042
M0559,235581089.11,135721143.95,1649067.62377,1594127.5296550002,12,137422.30198083332,132843.96080458336,116808.95668370831,112917.36668389585,229726.32336760417
M0207,8477716.88,5530704.9,10300.36689,10601.689965000001,12,858.3639075,883.4741637500001,729.6093213749999,750.9530391875,1480.5623605625
M0206,6733379.069999999,6399698.94,11599.448820000001,25352.00426,12,966.6207350000001,2112.6670216666666,821.62762475,1795.7669684166665,2617.3945931666667
M0200,312382743.73,243715386.24,2186679.20611,2702003.1779,12,182223.26717583335,225166.93149166668,154889.77709945833,191391.89176791668,346281.668867375
M0197,382958727.99,954837212.84,2680711.09593,6848189.9978,12,223392.59132749998,570682.4998166667,189883.70262837497,485080.1248441667,674963.8274725417
M0226,8181571.71,7278821.239999999,9126.47886,62895.769515,12,760.539905,5241.31412625,646.45891925,4455.1170073125,5101.5759265625
M0192,295427047.74,834617783.07,2067989.33418,6462433.717765,12,172332.444515,538536.1431470833,146482.57783775,457755.7216750208,604238.2995127708
M0189,8153045.37,7866080.12,5489.48673,114789.53741,12,457.4572275,9565.794784166666,388.838643375,8130.925566541666,8519.764209916666
M0187,396571408.28,1036418673.76,2775999.85796,9575219.073735,12,231333.32149666667,797934.9228112501,196633.32327216666,678244.6843895626,874878.0076617292
M0186,347830093.56,302440249.57,2434810.65492,1227089.505095,12,202900.88791000002,102257.45875791665,172465.75472350002,86918.83994422916,259384.59466772916
M0185,424072360.93,358216960.75,2968506.52651,2466080.729225,12,247375.54387583336,205506.72743541666,210269.21229445835,174680.71832010415,384949.9306145625
M0181,14465304.66,6857151.43,24354.764460000002,48069.539585,12,2029.5637050000003,4005.7949654166664,1725.1291492500002,3404.925720604166,5130.054869854166
M0212,8179971.640000001,4243583.59,19905.3195,25980.461035,12,1658.7766250000002,2165.0384195833335,1409.9601312500001,1840.2826566458334,3250.2427878958333
M0549,249156867.73,446387019.65,1744098.07411,2480502.801875,12,145341.50617583332,206708.56682291665,123540.28024945832,175702.28179947915,299242.5620489375
M0580,461407384.62,2617005392.62,3229851.69234,26572847.447895,12,269154.307695,2214403.95399125,228781.16154075,1882243.3608925627,2111024.5224333126
M0576,470649919.38,1152896126.77,3294549.43566,9607061.0538,12,274545.786305,800588.42115,233363.91835925,680500.1579774999,913864.0763367498
M0575,13488120.66,9143214.76,23990.41644,49166.67813,12,1999.20137,4097.2231775,1699.3211645,3482.639700875,5181.960865375
M0574,328691364.57,1162716918.51,2300839.55199,11894070.090305,12,191736.62933250002,991172.5075254167,162976.13493262502,842496.6313966041,1005472.7663292291
M0569,336406784.92,375096703.79,2354847.49444,3466988.40749,12,196237.29120333333,288915.7006241667,166801.69752283333,245578.34553054167,412380.043053375
M0173,823954771.48,1979394558.11,5767683.40036,18698820.161515,12,480640.2833633334,1558235.0134595835,408544.24085883336,1324499.761440646,1733044.0022994792
M0171,13660080.379999999,5214447.9399999995,25496.40555,23416.723285,12,2124.7004625,1951.3936070833333,1805.995393125,1658.6845660208332,3464.679959145833
M0170,707320900.94,2008578846.02,4951246.30658,13541796.32299,12,412603.8588816666,1128483.0269158334,350713.2800494166,959210.5728784583,1309923.8529278748
M0168,359596563.17,342920979.74,2517175.94219,1813181.871885,12,209764.66184916664,151098.48932375,178299.96257179164,128433.71592518748,306733.6784969791
M0195,262992353.1,278705583.09000003,1840946.4717,1324050.938505,12,153412.20597500002,110337.57820875,130400.37507875002,93786.94147743749,224187.31655618752
M0194,464692735.16,310260725.11,3252849.14612,2142704.36484,12,271070.7621766667,178558.69707,230410.1478501667,151774.8925095,382185.0403596667
M0160,6299863.7700000005,6210883.88,7164.44145,107470.32745499999,12,597.0367875000001,8955.86062125,507.481269375,7612.4815280625,8119.9627974375
M0158,504139127.21,873003901.93,3528973.89047,4869477.01653,12,294081.1575391667,405789.75137749995,249968.98390829167,344921.28867087496,594890.2725791666
M0156,3835910.47,3804197.93,3736.10982,18916.875685,12,311.342485,1576.4063070833333,264.64111225,1339.9453610208334,1604.5864732708333
M0155,452131647.19,431602825.14,3164921.53033,3130855.1236650003,12,263743.46086083335,260904.59363875003,224181.94173170833,221768.90459293753,445950.84632464586
M0151,498964048.35,1142218977.29,3492748.33845,6742386.2498,12,291062.3615375,561865.5208166667,247403.007306875,477585.6926941666,724988.7000010416
M0150,644940919.95,501057843.86,4514586.43965,2603256.502715,12,376215.5366375,216938.04189291666,319783.206141875,184397.33560897916,504180.5417508542
M0180,408591068.39,558685699.09,2860137.47873,4103890.536775,12,238344.78989416666,341990.87806458335,202593.07141004165,290692.2463548958,493285.31776493747
M0178,534635854.48,966405684.95,3742450.98136,5480871.056635,12,311870.9151133333,456739.2547195833,265090.27784633334,388228.3665116458,653318.6443579791
M0565,314074270.43,310508929.75,2198519.89301,4666484.191310001,12,183209.9910841667,388873.6826091667,155728.49242154168,330542.6302177917,486271.12263933336
M0596,191776157.4,309663977.97,1342433.1017999998,1644398.19864,12,111869.42514999998,137033.18322,95089.01137749998,116478.205737,211567.21711449997
M0145,678374136.37,1741712990.85,4748618.95459,14755938.99809,12,395718.24621583335,1229661.5831741667,336360.50928345835,1045212.3456980417,1381572.8549815002
M0142,551653803.86,924125131.42,3861576.62702,6894509.216775,12,321798.05225166667,574542.43473125,273528.34441391664,488361.06952156255,761889.4139354792
M0141,279496839.51,265197752.25,1956477.87657,2049990.8701,12,163039.82304750002,170832.57250833334,138583.849590375,145207.68663208332,283791.53622245835
M0140,280906281.01,317126834.78,1966343.96707,2439948.758735,12,163861.99725583332,203329.0632279167,139282.69766745833,172829.7037437292,312112.4014111875
M0139,20209740.07,7331645.31,39623.72661,36553.2294,12,3301.9772175,3046.10245,2806.6806348749997,2589.1870824999996,5395.867717374999
M0164,514147917.32,1135479792.75,3599035.42124,9335257.43892,12,299919.6184366667,777938.11991,254931.67567116665,661247.4019235,916179.0775946666
M0607,497950954.71999997,2324076666.18,3485656.68304,14149293.64492,12,290471.3902533333,1179107.8037433333,246900.6817153333,1002241.6331818333,1249142.3148971666
M0606,328285623.59,360699513.36,2297999.36513,3157045.54182,12,191499.94709416665,263087.128485,162774.95503004166,223624.05921225,386399.0142422917
M0605,414873590.71,300836707.35,2904115.13497,3188911.40188,12,242009.59458083333,265742.6168233333,205708.15539370832,225881.22429983332,431589.3796935417
M0601,484823976.46,1167990644.47,3393767.8352200002,10205068.65007,12,282813.98626833333,850422.3875058334,240391.88832808333,722859.0293799584,963250.9177080417
M0598,399482474.68,359107505.28000003,2796377.32276,2034442.0986900001,12,233031.44356333333,169536.8415575,198076.72702883332,144106.315323875,342183.0423527083
M0128,261362932.07,337946862.99,1829540.52449,1567023.2596149999,12,152461.71037416667,130585.27163458332,129592.45381804166,110997.48088939581,240589.93470743747
M0127,10241670.39,3098061.65,20244.93966,23143.38267,12,1687.078305,1928.6152224999998,1434.01655925,1639.3229391249997,3073.3394983749995
M0125,334991333.71999997,563600826.36,2344939.33604,3407092.5278849998,12,195411.61133666665,283924.37732375,166099.86963616667,241335.72072518748,407435.5903613542
M0122,264331974.26,371038579.08,1850323.81982,3304979.759445,12,154193.65165166667,275414.97995375,131064.60390391666,234102.73296068748,365167.33686460415
M0121,429106329.07,231210904.89,3003744.30349,1153073.62171,12,250312.02529083332,96089.46847583335,212765.22149720832,81676.04820445835,294441.26970166666
M0119,235904471.99,282834811.96999997,1651331.3039300002,1060365.80484,12,137610.94199416667,88363.81707,116969.30069504166,75109.2445095,192078.54520454165
M0118,7507958.54,1231207.24,10268.15427,5946.537585000001,12,855.6795225000001,495.5447987500001,727.327594125,421.2130789375001,1148.5406730625
M0117,416874132.18,548187016.87,2918118.92526,3970600.543815,12,243176.577105,330883.37865125,206700.09053925,281250.8718535625,487950.9623928125
M0147,9644686.11,5691335.6899999995,5129.79306,50075.82147,12,427.482755,4172.9851225,363.36034175,3547.037354125,3910.397695875
M0110,10028268.47,433787.23000000004,17787.36294,650.6808450000001,12,1482.280245,54.22340375000001,1259.93820825,46.08989318750001,1306.0281014374998
M0107,331787761.26,231558649.02,2322514.32882,1440051.75742,12,193542.860735,120004.31311833333,164511.43162475,102003.66615058333,266515.0977753333
M0105,9393313.92,9260056.29,10724.93355,85445.685725,12,893.7444624999999,7120.473810416667,759.6827931249999,6052.402738854167,6812.085531979167
M0102,294861298.31,172003773.17,2064029.0881700001,1572093.08082,12,172002.42401416667,131007.756735,146202.06041204167,111356.59322475,257558.65363679169
M0627,261903057.64,983502507.67,1833321.40348,5085279.84123,12,152776.78362333335,423773.32010250003,129860.26607983334,360207.32208712504,490067.58816695836
M0625,241285800.67,275581092.69,1689000.60469,1507599.83311,12,140750.05039083332,125633.31942583334,119637.54283220832,106788.32151195833,226425.86434416665
M0624,471659559.58,2222390255.64,3301616.91706,18251000.692840002,12,275134.74308833334,1520916.7244033336,233864.53162508333,1292779.2157428334,1526643.7473679169
M0623,236372347.25,769076855.53,1654606.43075,4554939.82865,12,137883.86922916668,379578.3190541666,117201.28884479168,322641.5711960416,439842.86004083324
M0621,375959893.86,189218781.75,2631719.25702,1221189.62158,12,219309.938085,101765.80179833334,186413.44737225,86500.93152858334,272914.3789008333
M0620,329235272.7,1022193940.51,2304646.9089,5000365.017225,12,192053.909075,416697.08476875,163245.82271375,354192.5220534375,517438.3447671875
M0619,312773066.88,511283692.64,2189411.46816,3462958.53464,12,182450.95568,288579.8778866667,155083.312328,245292.89620366666,400376.20853166666
M0615,361415883.2,281029574.15,2529911.1824000003,1076016.787375,12,210825.93186666668,89668.06561458333,179202.04208666668,76217.85577239584,255419.89785906253
M0100,267868704.78,442502884.5,1875080.93346,4163217.61309,12,156256.744455,346934.8010908333,132818.23278675,294894.5809272083,427712.8137139583
M0096,14385363.81,5713219.640000001,22740.61638,28981.617980000003,12,1895.051365,2415.1348316666667,1610.79366025,2052.8646069166666,3663.6582671666665
M0094,13182337.58,3892547.91,17500.60725,7794.24726,12,1458.3839375,649.520605,1239.626346875,552.09251425,1791.718861125
M0093,5355360.4,5909876.95,8138.0373,65992.45800500001,12,678.169775,5499.371500416667,576.44430875,4674.465775354167,5250.910084104167
M0092,229810193.18,314218180.28,1608671.35226,2717586.98183,12,134055.94602166666,226465.58181916666,113947.55411841667,192495.74454629165,306443.29866470833
M0091,348124932.98,309613956.79,2436874.53086,1650010.2803600002,12,203072.87757166664,137500.85669666668,172611.94593591665,116875.72819216667,289487.67412808334
M0089,489601611.8,319633799.59,3427211.2826,2085269.06859,12,285600.94021666667,173772.4223825,242760.79918416665,147706.559025125,390467.35820929165
M0087,15086621.69,7074255.0200000005,22998.9447,41206.88936,12,1916.578725,3433.9074466666666,1629.09191625,2918.8213296666663,4547.913245916667
M0086,22449405.63,9648364.48,34527.6714,79009.97876,12,2877.30595,6584.164896666666,2445.7100575,5596.540162166666,8042.250219666666
M0116,6370688.94,496916.7,12467.07819,745.37505,12,1038.9231825,62.1145875,883.0847051249999,52.797399375,935.8821045
M0613,303958312.51,1043198645.8,2127708.18757,8573030.51609,12,177309.01563083334,714419.2096741666,150712.66328620832,607256.3282230416,757968.9915092499
M0643,481483617.84000003,638038309.22,3370385.32488,5540398.63066,12,280865.44374,461699.8858883334,238735.627179,392444.9030050834,631180.5301840834
M0638,364961655.32,345518067.67,2554731.5872400003,3433171.870775,12,212894.2989366667,286097.6558979167,180960.1540961667,243183.00751322918,424143.1616093959
M0631,225757992.49,474550896.36,1580305.94743,3532073.07696,12,131692.16228583333,294339.42308000004,111938.33794295833,250188.509618,362126.84756095835
M0630,301031000.46,247980889.68,2107217.00322,1740333.374785,12,175601.416935,145027.78123208333,149261.20439474998,123273.61404727084,272534.8184420208
M0078,12941010.18,6933672.8,20592.44628,17556.400775000002,12,1716.03719,1463.033397916667,1458.6316115,1243.5783882291669,2702.209999729167
M0072,12785650.26,6953215.11,15516.71349,62413.983875,12,1293.0594575,5201.165322916667,1099.100538875,4420.990524479167,5520.091063354167
M0070,573820719.81,576187618.42,4016745.03867,3447238.729785,12,334728.75322250003,287269.89414875,284519.44023912505,244179.4100264375,528698.8502655625
M0056,491246490.09000003,478443752.1,3438725.4306300003,1966103.1095,12,286560.4525525,163841.92579166667,243576.384669625,139265.63692291666,382842.02159254166
M0055,18451836.28,3503905.87,32328.3744,10295.502265,12,2694.0312,857.9585220833333,2289.92652,729.2647437708332,3019.1912637708333
M0046,12206529.690000001,3964061.5700000003,22234.2369,10509.962065,12,1852.853075,875.8301720833333,1574.92511375,744.4556462708333,2319.3807600208333
M0044,12090289.69,9382201.24,12699.080820000001,69476.485625,12,1058.2567350000002,5789.7071354166665,899.5182247500001,4921.251065104167,5820.769289854166
M0039,318489594.83,273632210.35,2229427.16381,1759479.24255,12,185785.59698416665,146623.2702125,157917.75743654164,124629.779680625,282547.5371171666
M0038,5833324.609999999,6603589.12,7195.77747,70156.12651500001,12,599.6481225,5846.343876250001,509.70090412499997,4969.392294812501,5479.093198937501
M0660,229921755.59,758933478.02,1609452.28913,6025476.46844,12,134121.02409416667,502123.0390366667,114002.87048004166,426804.5831811667,540807.4536612083
M0658,380513587.73,646569574.14,2663595.11411,4990697.25678,12,221966.25950916667,415891.43806500005,188671.32058279167,353507.72235525004,542179.0429380417
M0656,351523033.67,471431598.64,2460661.23569,3565225.61288,12,205055.10297416666,297102.1344066667,174296.83752804165,252536.81424566667,426833.6517737083
M0655,349976639.02,2362171022.85,2449836.47314,21385932.17754,12,204153.03942833332,1782161.014795,173530.08351408332,1514836.8625757499,1688366.9460898333
M0651,10647981.54,4108650.39,20417.34363,6162.975585,12,1701.4453025,513.58129875,1446.228507125,436.5441039375,1882.7726110625001
M0650,308664573.93,1320169999.61,2160652.01751,9741603.616125,12,180054.3347925,811800.3013437501,153046.184573625,690030.2561421875,843076.4407158125
M0648,413410749.52,1463151345.32,2893875.24664,8627812.582705,12,241156.27055333334,718984.3818920833,204982.82997033332,611136.7246082708,816119.5545786042
M0647,5071194.77,6270987.03,4848.65079,17878.32966,12,404.05423249999996,1489.860805,343.44609762499994,1266.38168425,1609.827781875
M0646,492732433.31,2344815340.63,3449127.03317,13885807.767595,12,287427.2527641667,1157150.6472995833,244313.16484954167,983578.0502046457,1227891.2150541875
M0678,6460165.34,1810065.1,7853.96856,30240.68969,12,654.49738,2520.0574741666665,556.322773,2142.0488530416665,2698.3716260416663
M0034,572562190.87,765073919.93,4007935.33609,2987240.9848,12,333994.6113408333,248936.74873333334,283895.4196397083,211596.23642333332,495491.65606304165
M0032,608458719.92,574151233.74,4259211.03944,2959125.6433,12,354934.2532866667,246593.80360833334,301694.11529366666,209604.73306708335,511298.84836075
M0031,360116276.76,1027057391.9,2520813.93732,6268827.9598550005,12,210067.82811,522402.3299879167,178557.65389349998,444041.98048972915,622599.6343832291
M0030,396471737.03,367882945.68,2775302.15921,2985543.54916,12,231275.1799341667,248795.29576333333,196583.90294404168,211476.00139883332,408059.904342875
M0029,9558748.85,3239248.46,12116.67558,21936.064515,12,1009.7229649999999,1828.00537625,858.2645202499999,1553.8045698125,2412.0690900625
M0026,9583401.91,4395106.17,17028.52497,21623.150569999998,12,1419.0437474999999,1801.9292141666665,1206.187185375,1531.6398320416665,2737.8270174166664
M0025,14265578.14,1971489.6,21241.98915,8056.57366,12,1770.1657625,671.3811383333333,1504.640898125,570.6739675833333,2075.314865708333
M0023,277109793.86,283089192.5,1939768.5570200002,1534633.78875,12,161647.37975166668,127886.1490625,137400.27278891669,108703.226703125,246103.49949204168
M0004,268563023.78,264711209.82,1879941.16646,2009041.9029050001,12,156661.76387166666,167420.1585754167,133162.49929091666,142307.1347891042,275469.6340800208
M0707,333259595.2,239479960.77,2332817.1664,1245020.5198150002,12,194401.43053333333,103751.70998458336,165241.21595333333,88188.95348689586,253430.1694402292
M0705,8547881.72,5089786.2,16218.890309999999,65868.95562000001,12,1351.5741925,5489.079635000001,1148.838063625,4665.71768975,5814.555753375
M0704,371017018.96000004,334801941.79,2597119.13272,2625234.757535,12,216426.59439333333,218769.56312791666,183962.6052343333,185954.12865872914,369916.73389306245
M0702,463001521.64,382586700.83,3241010.65148,5030728.15572,12,270084.2209566667,419227.34631,229571.58781316667,356343.2443635,585914.8321766667
M0700,476910097.74,424763844.62,3338370.6841800003,2702362.81593,12,278197.557015,225196.9013275,236467.92346275,191417.366128375,427885.289591125
M0699,431666452.04,424690437.89,3021665.16428,3113658.9255750002,12,251805.43035666668,259471.57713125003,214034.61580316667,220550.8405615625,434585.4563647292
M0001,496243949.45,1339477528.09,3473707.64615,9054749.56239,12,289475.63717916666,754562.4635325,246054.29160229166,641378.094002625,887432.3856049166
M0536,7457423.32,3895937.7399999998,10784.0808,16317.25167,12,898.6734,1359.7709725,763.87239,1155.805326625,1919.677716625
M0453,436663754.6,358229811.25,3056646.2822,2490884.743575,12,254720.52351666664,207573.72863125,216512.44498916663,176437.6693365625,392950.11432572914
M0428,382126255.44,332000332.84000003,2674883.78808,2942728.711835,12,222906.98234,245227.3926529167,189470.93498899997,208443.28375497917,397914.2187439791
M0409,14715406.42,8066709.79,15070.62534,21794.561595000003,12,1255.8854450000001,1816.2134662500002,1067.50262825,1543.7814463125,2611.2840745625
M0415,7953803.6,4408705.31,12308.72814,52285.53736000001,12,1025.727345,4357.128113333334,871.86824325,3703.558896333334,4575.427139583334
M0402,286244211.05,181053755.08,2003709.47735,1022900.86291,12,166975.78977916666,85241.73857583334,141929.42131229167,72455.47778945834,214384.89910175
M0377,361029829.63,292127246.5,2527208.80741,2644236.10737,12,210600.73395083332,220353.0089475,179010.62385820833,187300.05760537498,366310.6814635833
M0329,14313836.52,9708611.9,24112.658730000003,88792.81661,12,2009.3882275000003,7399.4013841666665,1707.9799933750003,6289.491176541666,7997.471169916666
M0322,454236775.37,401075295.86,3179657.42759,3167137.1964450004,12,264971.45229916665,263928.09970375005,225225.73445429164,224338.88474818753,449564.61920247914
M0265,735700365.39,2271625338.89,5149902.5577300005,23254004.587915,12,429158.54647750006,1937833.7156595832,364784.76450587506,1647158.6583106457,2011943.4228165208
M0247,504128328.52,378183557.73,3528898.29964,3940387.73604,12,294074.85830333334,328365.64467,249963.62955783334,279110.7979695,529074.4275273334
M0235,320607316.31,892589889.0,2244251.21417,9366941.39825,12,187020.93451416667,780578.4498541667,158967.79433704168,663491.6823760417,822459.4767130833
M0162,593563685.54,1164512124.17,4154945.79878,7830002.414925,12,346245.4832316667,652500.2012437499,294308.66074691666,554625.1710571875,848933.8318041041
M0131,385549475.83,265441121.65,2698846.33081,1912039.266535,12,224903.86090083336,159336.60554458332,191168.28176570835,135436.11471289583,326604.3964786042
M0098,484501646.53000003,527890934.40999997,3391511.52571,3466097.22256,12,282625.96047583333,288841.43521333335,240232.0664044583,245515.21993133333,485747.28633579164
M0057,427788032.40000004,917900723.01,2994516.2268000003,7180073.89249,12,249543.01890000002,598339.4910408334,212111.56606500002,508588.5673847084,720700.1334497083
M0049,331230229.96,425117666.36,2318611.60972,2729956.0570900002,12,193217.63414333333,227496.33809083336,164234.98902183332,193371.88737720836,357606.8763990417
